event_id,event_date,tail_number,operator,aircraft_type,aircraft_age_years,origin_airport,destination_airport,check_type,ata_chapter,task_type_code,part_id,part_name,system,corrosion_susceptibility,aircraft_total_fh,aircraft_total_fc,part_fh_since_last_inspection,part_fc_since_last_inspection,n_previous_repairs,damage_found,failure_mode,severity,severity_score,action_taken,maintenance_hours,cost_eur,RUL_flight_hours
EVT-00001,2025-07-20,LN-NLP,Norwegian,B737-800,11.6,EHEH,EGGW,A-Check,25,MPD,EQ-SLI-1,Escape Slide #1,Equipment,4,34208,21639,1053,547,1,Yes,Degradacja gumy,Moderate,2,Repaired,3.3,7783,11012
EVT-00002,2020-10-17,PH-BKH,KLM,B737-800,8.6,EHAM,EGGW,AOG,27,STC,FC-FLP-R,Flap Track Right,Flight Controls,9,26059,15330,160,121,2,Yes,Korozja szczelinowa,Moderate,2,Replaced,17.3,50888,8332
EVT-00003,2018-08-11,PH-BRO,KLM,B737-800,7.5,EHAM,EGGW,A-Check,27,STC,FC-AIL-L,Aileron Left,Flight Controls,7,20036,12857,365,365,2,Yes,Korozja wżerowa,Critical,4,Replaced,27.4,17789,2043
EVT-00004,2021-06-25,LN-NIR,Norwegian,B737-800,12.5,EHEH,EGCC,Unscheduled,53,ALI,FS-DOR-PX,Pax Door Frame,Structure,7,35415,21873,922,348,0,Yes,Korozja szczelinowa uszczelek,Critical,4,Replaced,23.8,7579,10746
EVT-00005,2021-04-04,PH-BUK,KLM,B737-800,11.2,EHAM,EGLL,Line Maintenance,53,STC,FS-CRG,Cargo Door,Structure,8,30589,22370,869,224,2,Yes,Korozja zawiasów,Moderate,2,Repaired,4.5,2211,19849
EVT-00006,2022-08-06,PH-BPX,KLM,B737-800,6.7,EHEH,EGKK,AOG,72,AD/SB,EN-HPC-1,Engine #1 HP Compressor,Powerplant,7,19104,12536,393,189,2,Yes,Korozja gorąca,Moderate,2,Repaired,12.2,1814,8546
EVT-00007,2022-02-15,PH-BPX,KLM,B737-800,5.5,EHEH,EGSS,C-Check,32,STC,LG-BRK-R,Brake Assembly Right,Landing Gear,8,16360,11670,1044,885,0,No,,,0,Inspected OK,3.5,330,1952
EVT-00008,2020-09-25,PH-BZZ,KLM,B737-800,2.4,EHEH,EGCC,C-Check,27,CMR,FC-ELV-L,Elevator Left,Flight Controls,6,6497,4272,297,235,4,Yes,Pęknięcie zmęczeniowe,Minor,1,Inspected OK,3.0,392,7088
EVT-00009,2026-04-14,LN-NIR,Norwegian,B737-800,3.9,EHEH,EGSS,Line Maintenance,57,ALI,WG-SPR-R,Wing Spar Right,Structure,9,12669,7739,544,443,1,Yes,Korozja w mokowaniu,Moderate,2,Replaced,24.3,73067,37683
EVT-00010,2026-04-02,PH-BKH,KLM,B737-800,15.0,EHAM,EGKK,Unscheduled,57,AD/SB,WG-SPR-R,Wing Spar Right,Structure,9,46691,26495,1126,155,0,Yes,Pęknięcie zmęczeniowe,Minor,1,Cleaned,2.4,325,33812
EVT-00011,2020-11-16,LN-NDS,Norwegian,B737-800,7.0,EHEH,EGLL,Unscheduled,72,ALI,EN-FAN-1,Engine #1 Fan Blades,Powerplant,6,21522,13875,1302,123,4,Yes,FOD damage,Moderate,2,Repaired,10.3,6689,7610
EVT-00012,2025-04-26,LN-NIR,Norwegian,B737-800,3.5,EHEH,EGCC,AOG,29,AD/SB,HY-RES-A,Hydraulic Reservoir A,Hydraulic,5,9413,4326,200,76,2,Yes,Kondensat w układzie,Minor,1,Inspected OK,2.3,366,9733
EVT-00013,2023-02-27,OO-JVB,TUI fly,B737-800,10.1,EHEH,EGSS,C-Check,24,AD/SB,EL-BAT,Main Battery,Electrical,6,29060,19002,2625,174,2,No,,,0,Inspected OK,2.3,73,1949
EVT-00014,2018-09-08,EI-DWF,Ryanair,B737-800,14.4,EHAM,EGSS,Daily Inspection,53,CMR,FS-CRG,Cargo Door,Structure,8,38451,29079,219,93,2,No,,,0,Inspected OK,2.9,392,29586
EVT-00015,2018-08-31,PH-BMX,KLM,B737-800,13.4,EHRD,EGKK,A-Check,27,AD/SB,FC-AIL-R,Aileron Right,Flight Controls,7,40699,22413,366,600,2,No,,,0,Inspected OK,1.2,68,5563
EVT-00016,2019-10-10,EI-DGY,Ryanair,B737-800,11.5,EHEH,EGKK,C-Check,30,CMR,IR-WAI-L,Wing Anti-Ice Valve Left,Ice Protection,8,35384,26756,50,430,2,No,,,0,Inspected OK,2.9,224,5033
EVT-00017,2021-04-08,EI-DDM,Ryanair,B737-800,8.9,EHEH,EGKK,Unscheduled,21,STC,AC-PCK-R,Air Conditioning Pack Right,Air Conditioning,7,22828,16193,2068,1259,3,Yes,Wyciek wymiennika,Major,3,Overhauled,27.4,45683,2323
EVT-00018,2021-01-14,PH-BDB,KLM,B737-800,6.9,EHRD,EGLL,C-Check,57,AD/SB,WG-SPR-R,Wing Spar Right,Structure,9,19702,13558,331,257,5,No,,,0,Inspected OK,1.1,454,37346
EVT-00019,2024-04-12,PH-BRO,KLM,B737-800,9.6,EHEH,EGLL,C-Check,27,MPD,FC-FLP-L,Flap Track Left,Flight Controls,9,27724,16525,50,105,3,Yes,Korozja szczelinowa,Minor,1,Inspected OK,1.6,385,9199
EVT-00020,2025-06-19,PH-BMX,KLM,B737-800,8.7,EHEH,EGSS,AOG,27,CMR,FC-RUD,Rudder,Flight Controls,6,26414,18625,857,504,0,Yes,Erozja krawędzi natarcia,Minor,1,Cleaned,2.8,471,8214
EVT-00021,2018-08-17,PH-BDZ,KLM,B737-800,7.3,EHRD,EGLL,Unscheduled,28,MPD,FU-PMP-1,Fuel Boost Pump #1,Fuel System,6,22364,13432,797,950,3,Yes,Korozja styków elektrycznych,Minor,1,Repaired,3.4,5447,3252
EVT-00022,2024-08-05,PH-BPX,KLM,B737-800,6.4,EHAM,EGKK,C-Check,27,ALI,FC-ELV-L,Elevator Left,Flight Controls,6,19796,11961,2720,1988,2,No,,,0,Inspected OK,3.5,192,7292
EVT-00023,2024-03-03,EI-DMY,Ryanair,B737-800,4.4,EHAM,EGLL,Unscheduled,72,ALI,EN-FAN-2,Engine #2 Fan Blades,Powerplant,6,12602,6989,2201,714,1,Yes,Erozja,Minor,1,Inspected OK,3.6,383,13011
EVT-00024,2025-12-24,EI-DGC,Ryanair,B737-800,13.0,EHAM,EGKK,Line Maintenance,27,MPD,FC-AIL-L,Aileron Left,Flight Controls,7,31942,28219,356,208,5,Yes,Pęknięcie zmęczeniowe,Minor,1,Repaired,16.6,5479,3393
EVT-00025,2024-09-22,PH-BRO,KLM,B737-800,12.2,EHEH,EGGW,C-Check,57,AD/SB,WG-SPR-L,Wing Spar Left,Structure,9,37651,25166,1765,247,1,Yes,Korozja w mokowaniu,Critical,4,Overhauled,57.2,30791,7670
EVT-00026,2023-04-27,EI-DWF,Ryanair,B737-800,9.5,EHRD,EGSS,AOG,29,AD/SB,HY-PMP-A,Hydraulic Pump A,Hydraulic,5,26833,19679,50,30,2,Yes,Spadek ciśnienia,Minor,1,Inspected OK,2.3,396,4768
EVT-00027,2020-11-24,PH-BDZ,KLM,B737-800,13.1,EHRD,EGLL,AOG,27,AD/SB,FC-ELV-L,Elevator Left,Flight Controls,6,38839,20727,71,31,3,Yes,Korozja wżerowa,Moderate,2,Repaired,8.5,6525,3926
EVT-00028,2023-12-11,LN-NKW,Norwegian,B737-800,10.1,EHEH,EGCC,C-Check,30,STC,IR-PIT,Pitot Tube Heater,Ice Protection,9,29619,18067,65,30,4,Yes,Awaria grzałki,Major,3,Replaced,13.0,23768,472
EVT-00029,2025-05-30,LN-NLP,Norwegian,B737-800,10.4,EHEH,EGLL,A-Check,57,ALI,WG-SPR-R,Wing Spar Right,Structure,9,34628,20812,863,197,4,Yes,Korozja warstwowa,Minor,1,Inspected OK,3.2,56,26466
EVT-00030,2021-10-01,LN-NKW,Norwegian,B737-800,3.7,EHAM,EGGW,AOG,28,STC,FU-TNK-L,Fuel Tank Wing Left,Fuel System,9,8939,6810,82,405,1,Yes,Korozja mikrobiologiczna,Major,3,Replaced,21.9,34887,8555
EVT-00031,2018-05-27,EI-DWF,Ryanair,B737-800,2.1,EHRD,EGLL,C-Check,38,STC,WW-TNK,Potable Water Tank,Water/Waste,9,6852,4684,50,281,4,No,,,0,Inspected OK,0.6,313,10713
EVT-00032,2020-08-09,EI-DDM,Ryanair,B737-800,9.2,EHAM,EGCC,AOG,32,CMR,LG-MLG-R,Main Landing Gear Right,Landing Gear,10,24103,17741,393,618,3,Yes,Pęknięcie strukturalne,Minor,1,Repaired,19.3,7318,9629
EVT-00033,2025-06-07,PH-BPX,KLM,B737-800,10.2,EHAM,EGLL,Daily Inspection,28,AD/SB,FU-PMP-2,Fuel Boost Pump #2,Fuel System,6,29419,17792,59,230,1,No,,,0,Inspected OK,0.9,363,4726
EVT-00034,2023-05-20,EI-DNJ,Ryanair,B737-800,11.6,EHAM,EGKK,AOG,25,MPD,EQ-SLI-1,Escape Slide #1,Equipment,4,35436,24648,1062,976,1,Yes,Korozja butli CO2,Moderate,2,Repaired,15.8,6609,10753
EVT-00035,2022-09-12,EI-DGY,Ryanair,B737-800,3.9,EHRD,EGKK,Unscheduled,53,AD/SB,FS-CRG,Cargo Door,Structure,8,10895,7524,372,898,3,Yes,Korozja wokół zamków,Minor,1,Cleaned,1.5,1363,31587
EVT-00036,2021-08-17,PH-BUK,KLM,B737-800,9.3,EHEH,EGKK,C-Check,32,AD/SB,LG-MLG-L,Main Landing Gear Left,Landing Gear,10,28309,20705,308,1355,1,No,,,0,Inspected OK,3.7,91,14127
EVT-00037,2020-03-22,OO-JHF,TUI fly,B737-800,4.3,EHRD,EGKK,Daily Inspection,32,AD/SB,LG-TIR-N,Nose Tire,Landing Gear,2,12458,8030,2406,511,2,No,,,0,Inspected OK,3.1,406,50
EVT-00038,2020-11-01,OO-JBB,TUI fly,B737-800,2.5,EHRD,EGKK,C-Check,32,MPD,LG-MLG-L,Main Landing Gear Left,Landing Gear,10,6102,4313,637,349,2,Yes,Korozja naprężeniowa,Major,3,Replaced,12.6,62113,8202
EVT-00039,2022-04-27,PH-BRO,KLM,B737-800,5.6,EHRD,EGSS,Daily Inspection,32,MPD,LG-TIR-M,Main Tire,Landing Gear,2,14298,10981,70,724,0,Yes,Uszkodzenie boku,Minor,1,Inspected OK,0.8,88,0
EVT-00040,2019-12-05,LN-NAQ,Norwegian,B737-800,9.5,EHAM,EGLL,AOG,32,CMR,LG-MLG-R,Main Landing Gear Right,Landing Gear,10,29086,20791,2353,2561,2,No,,,0,Inspected OK,3.2,301,11981
EVT-00041,2019-06-08,OO-JHF,TUI fly,B737-800,6.1,EHAM,EGCC,A-Check,53,CMR,FS-DOR-PX,Pax Door Frame,Structure,7,18649,11346,94,407,0,Yes,Korozja szczelinowa uszczelek,Minor,1,Inspected OK,0.9,102,34804
EVT-00042,2024-01-20,PH-BDT,KLM,B737-800,9.0,EHEH,EGKK,Daily Inspection,27,CMR,FC-AIL-L,Aileron Left,Flight Controls,7,25069,19960,700,1964,1,No,,,0,Inspected OK,3.5,150,6934
EVT-00043,2019-07-21,LN-NKW,Norwegian,B737-800,10.1,EHEH,EGCC,Unscheduled,27,CMR,FC-FLP-L,Flap Track Left,Flight Controls,9,28491,21673,3965,45,4,Yes,Korozja szczelinowa,Moderate,2,Replaced,26.7,72586,5862
EVT-00044,2022-12-12,EI-DDM,Ryanair,B737-800,5.8,EHEH,EGKK,AOG,53,ALI,FS-SKN-FW,Fuselage Skin Forward,Structure,8,14904,14195,259,125,2,Yes,Korozja warstwowa,Moderate,2,Replaced,10.5,78079,28516
EVT-00045,2022-05-31,EI-DUN,Ryanair,B737-800,12.8,EHEH,EGCC,Line Maintenance,29,CMR,HY-LIN-A,Hydraulic Lines System A,Hydraulic,7,28495,25479,1344,692,2,Yes,Rdza wewnętrzna,Minor,1,Inspected OK,3.8,439,7136
EVT-00046,2025-06-27,PH-BUK,KLM,B737-800,8.6,EHEH,EGKK,Unscheduled,72,MPD,EN-FAN-2,Engine #2 Fan Blades,Powerplant,6,28805,18875,3491,97,5,No,,,0,Inspected OK,2.0,173,10561
EVT-00047,2022-08-21,PH-BZZ,KLM,B737-800,10.2,EHAM,EGKK,A-Check,29,MPD,HY-PMP-A,Hydraulic Pump A,Hydraulic,5,28576,19499,1172,1737,2,Yes,Zużycie tłoków,Moderate,2,Repaired,14.4,5250,3257
EVT-00048,2018-10-25,PH-BDZ,KLM,B737-800,13.0,EHEH,EGGW,Line Maintenance,28,CMR,FU-PMP-1,Fuel Boost Pump #1,Fuel System,6,38488,22009,890,440,4,Yes,Korozja styków elektrycznych,Major,3,Replaced,36.1,35261,958
EVT-00049,2024-03-18,LN-NAQ,Norwegian,B737-800,10.9,EHAM,EGGW,C-Check,28,AD/SB,FU-PMP-1,Fuel Boost Pump #1,Fuel System,6,32630,24439,974,143,1,No,,,0,Inspected OK,1.9,246,4415
EVT-00050,2024-09-05,EI-DUN,Ryanair,B737-800,9.2,EHAM,EGGW,C-Check,24,CMR,EL-WIR-FW,Wiring Harness FWD,Electrical,8,20905,16860,577,918,4,No,,,0,Inspected OK,3.7,271,13285
EVT-00051,2021-01-27,PH-BKH,KLM,B737-800,6.1,EHRD,EGSS,Unscheduled,24,ALI,EL-WIR-FW,Wiring Harness FWD,Electrical,8,16565,9051,3130,407,2,No,,,0,Inspected OK,1.1,205,15613
EVT-00052,2022-10-07,PH-BMX,KLM,B737-800,13.7,EHRD,EGGW,Daily Inspection,72,AD/SB,EN-FAN-1,Engine #1 Fan Blades,Powerplant,6,34497,25815,881,113,1,No,,,0,Inspected OK,1.1,175,12510
EVT-00053,2019-03-19,EI-DLY,Ryanair,B737-800,12.1,EHEH,EGCC,C-Check,25,STC,EQ-SLI-1,Escape Slide #1,Equipment,4,33491,19858,184,271,2,Yes,Degradacja gumy,Minor,1,Cleaned,1.4,1323,12469
EVT-00054,2026-04-30,PH-BKH,KLM,B737-800,3.0,EHAM,EGGW,Line Maintenance,53,STC,FS-SKN-AF,Fuselage Skin Aft,Structure,8,9484,6338,1103,122,1,Yes,Korozja warstwowa,Moderate,2,Repaired,11.2,5251,35039
EVT-00055,2021-10-14,EI-DVJ,Ryanair,B737-800,2.8,EHRD,EGSS,Unscheduled,21,MPD,AC-PCK-L,Air Conditioning Pack Left,Air Conditioning,7,7313,3785,1100,30,3,No,,,0,Inspected OK,2.1,289,7846
EVT-00056,2025-10-03,OO-JBB,TUI fly,B737-800,2.1,EHRD,EGSS,Unscheduled,30,ALI,IR-WAI-L,Wing Anti-Ice Valve Left,Ice Protection,8,5930,3564,378,30,1,Yes,Korozja wewnętrzna,Major,3,Overhauled,46.2,13030,3523
EVT-00057,2025-08-22,EI-DVJ,Ryanair,B737-800,4.9,EHEH,EGGW,Unscheduled,36,AD/SB,PN-DUC-L,Bleed Air Duct Left,Pneumatic,6,14040,10425,909,934,1,Yes,Korozja gorąca,Minor,1,Inspected OK,3.1,244,9504
EVT-00058,2022-08-07,EI-DGC,Ryanair,B737-800,8.9,EHEH,EGSS,Unscheduled,72,MPD,EN-HPC-1,Engine #1 HP Compressor,Powerplant,7,27628,16046,360,622,3,No,,,0,Inspected OK,1.3,95,11155
EVT-00059,2025-03-11,PH-BUK,KLM,B737-800,3.8,EHAM,EGGW,Daily Inspection,27,STC,FC-FLP-R,Flap Track Right,Flight Controls,9,10117,6625,140,123,1,Yes,Korozja szczelinowa,Minor,1,Repaired,19.7,1606,13622
EVT-00060,2020-08-20,OO-JHF,TUI fly,B737-800,14.4,EHEH,EGLL,Daily Inspection,57,AD/SB,WG-SPR-L,Wing Spar Left,Structure,9,43277,28764,1604,1019,1,Yes,Korozja warstwowa,Minor,1,Inspected OK,2.8,468,30948
EVT-00061,2019-02-17,PH-BDB,KLM,B737-800,11.8,EHAM,EGLL,AOG,27,AD/SB,FC-FLP-L,Flap Track Left,Flight Controls,9,40273,27197,262,880,1,No,,,0,Inspected OK,1.3,101,12724
EVT-00062,2018-11-04,LN-NIR,Norwegian,B737-800,10.7,EHRD,EGKK,AOG,28,ALI,FU-PMP-1,Fuel Boost Pump #1,Fuel System,6,21161,16252,696,100,2,Yes,Zużycie wirnika,Minor,1,Repaired,8.7,1767,3531
EVT-00063,2026-04-01,EI-DNJ,Ryanair,B737-800,3.4,EHRD,EGKK,A-Check,32,ALI,LG-MLG-R,Main Landing Gear Right,Landing Gear,10,10546,5969,235,686,3,Yes,Korozja wżerowa,Moderate,2,Replaced,34.6,77377,9482
EVT-00064,2021-01-01,EI-DWF,Ryanair,B737-800,11.1,EHRD,EGSS,Line Maintenance,25,STC,EQ-SLI-1,Escape Slide #1,Equipment,4,30403,22119,2228,119,0,Yes,Degradacja gumy,Moderate,2,Repaired,15.6,4936,11151
EVT-00065,2023-01-28,PH-BKH,KLM,B737-800,6.4,EHRD,EGLL,Line Maintenance,27,STC,FC-FLP-L,Flap Track Left,Flight Controls,9,17689,12341,1268,135,1,No,,,0,Inspected OK,2.3,211,15740
EVT-00066,2019-03-23,OO-JVN,TUI fly,B737-800,4.0,EHRD,EGGW,Unscheduled,25,ALI,EQ-SLI-1,Escape Slide #1,Equipment,4,12441,7329,1356,346,2,Yes,Korozja butli CO2,Moderate,2,Replaced,31.9,42704,12799
EVT-00067,2021-01-09,EI-DLY,Ryanair,B737-800,5.2,EHRD,EGGW,C-Check,29,CMR,HY-RES-A,Hydraulic Reservoir A,Hydraulic,5,15070,9595,387,470,2,No,,,0,Inspected OK,1.7,112,10701
EVT-00068,2019-06-18,PH-BMX,KLM,B737-800,6.9,EHRD,EGCC,Daily Inspection,30,STC,IR-WAI-L,Wing Anti-Ice Valve Left,Ice Protection,8,20497,13988,609,1345,1,Yes,Korozja wewnętrzna,Minor,1,Cleaned,2.6,447,4991
EVT-00069,2022-10-15,EI-DWF,Ryanair,B737-800,5.6,EHRD,EGGW,AOG,36,AD/SB,PN-DUC-L,Bleed Air Duct Left,Pneumatic,6,18216,11202,1674,251,1,Yes,Korozja gorąca,Minor,1,Inspected OK,1.0,153,8661
EVT-00070,2021-08-31,PH-BYZ,KLM,B737-800,8.4,EHAM,EGCC,C-Check,72,CMR,EN-HPT-1,Engine #1 HP Turbine,Powerplant,5,22399,17984,819,710,2,No,,,0,Inspected OK,1.1,458,11018
EVT-00071,2023-10-17,OO-JBV,TUI fly,B737-800,9.6,EHEH,EGCC,Daily Inspection,28,CMR,FU-PMP-1,Fuel Boost Pump #1,Fuel System,6,21757,21830,495,1765,1,Yes,Korozja styków elektrycznych,Minor,1,Inspected OK,0.6,442,4391
EVT-00072,2025-07-16,LN-NLP,Norwegian,B737-800,5.0,EHRD,EGLL,Unscheduled,29,ALI,HY-RES-A,Hydraulic Reservoir A,Hydraulic,5,14193,9636,954,1534,1,No,,,0,Inspected OK,2.5,323,11078
EVT-00073,2022-08-20,EI-DGC,Ryanair,B737-800,11.6,EHRD,EGKK,Daily Inspection,32,AD/SB,LG-TIR-N,Nose Tire,Landing Gear,2,38024,20557,2178,1558,1,Yes,Uszkodzenie boku,Critical,4,Overhauled,67.3,24758,0
EVT-00074,2021-08-06,OO-JVB,TUI fly,B737-800,8.9,EHEH,EGGW,A-Check,29,MPD,HY-LIN-A,Hydraulic Lines System A,Hydraulic,7,27841,16558,1299,30,1,Yes,Rdza wewnętrzna,Moderate,2,Repaired,12.1,7422,7426
EVT-00075,2022-09-11,OO-JBB,TUI fly,B737-800,8.2,EHAM,EGLL,Line Maintenance,30,CMR,IR-WAI-L,Wing Anti-Ice Valve Left,Ice Protection,8,19786,12925,1070,361,1,Yes,Zakleszczenie zaworu,Minor,1,Repaired,11.5,3816,4267
EVT-00076,2022-06-26,EI-DVJ,Ryanair,B737-800,10.9,EHAM,EGLL,AOG,27,CMR,FC-FLP-L,Flap Track Left,Flight Controls,9,29628,20080,695,600,0,Yes,Korozja galwaniczna,Major,3,Replaced,29.2,18352,6620
EVT-00077,2021-02-28,EI-DGY,Ryanair,B737-800,10.0,EHRD,EGGW,Line Maintenance,36,STC,PN-DUC-L,Bleed Air Duct Left,Pneumatic,6,25602,18588,4614,418,1,No,,,0,Inspected OK,3.6,142,6826
EVT-00078,2026-04-10,PH-BDZ,KLM,B737-800,9.4,EHAM,EGCC,Unscheduled,30,MPD,IR-PIT,Pitot Tube Heater,Ice Protection,9,28221,23899,54,896,2,Yes,Korozja styków,Major,3,Replaced,20.8,46973,1314
EVT-00079,2021-08-16,LN-NKW,Norwegian,B737-800,9.2,EHRD,EGCC,A-Check,32,AD/SB,LG-BRK-R,Brake Assembly Right,Landing Gear,8,24814,16625,1583,1752,1,Yes,Korozja siłowników,Minor,1,Inspected OK,0.6,120,651
EVT-00080,2026-05-19,PH-BMX,KLM,B737-800,11.1,EHEH,EGSS,Unscheduled,29,AD/SB,HY-PMP-A,Hydraulic Pump A,Hydraulic,5,36915,23686,50,150,2,Yes,Zużycie tłoków,Major,3,Overhauled,28.3,41596,3090
EVT-00081,2026-01-12,PH-BDB,KLM,B737-800,4.9,EHAM,EGCC,AOG,72,ALI,EN-FAN-1,Engine #1 Fan Blades,Powerplant,6,14455,8019,217,62,3,Yes,FOD damage,Major,3,Replaced,14.6,26986,7462
EVT-00082,2020-09-13,LN-NDS,Norwegian,B737-800,8.1,EHRD,EGGW,A-Check,29,ALI,HY-PMP-A,Hydraulic Pump A,Hydraulic,5,20232,12008,1785,1020,1,Yes,Spadek ciśnienia,Major,3,Replaced,20.2,49272,3433
EVT-00083,2024-11-11,PH-BPX,KLM,B737-800,6.2,EHEH,EGSS,A-Check,27,STC,FC-RUD,Rudder,Flight Controls,6,18766,9589,421,481,1,Yes,Korozja warstwowa,Minor,1,Inspected OK,3.3,241,8601
EVT-00084,2026-04-02,LN-NAQ,Norwegian,B737-800,11.8,EHEH,EGGW,Unscheduled,30,CMR,IR-WAI-L,Wing Anti-Ice Valve Left,Ice Protection,8,32930,28777,238,90,3,Yes,Korozja wewnętrzna,Major,3,Replaced,16.7,6379,1533
EVT-00085,2020-06-19,PH-BYZ,KLM,B737-800,7.3,EHEH,EGGW,Daily Inspection,27,CMR,FC-FLP-R,Flap Track Right,Flight Controls,9,16871,14877,646,632,2,Yes,Korozja szczelinowa,Major,3,Replaced,27.2,54877,5999
EVT-00086,2024-08-07,PH-BMX,KLM,B737-800,3.1,EHEH,EGLL,Unscheduled,21,ALI,AC-PCK-R,Air Conditioning Pack Right,Air Conditioning,7,9593,4463,585,30,1,Yes,Wyciek wymiennika,Critical,4,Replaced,10.6,50236,3746
EVT-00087,2021-03-02,OO-JBB,TUI fly,B737-800,4.4,EHAM,EGCC,AOG,72,AD/SB,EN-HPC-1,Engine #1 HP Compressor,Powerplant,7,11512,6812,272,263,2,Yes,Zużycie łopatek,Moderate,2,Repaired,18.9,6074,9904
EVT-00088,2022-04-05,PH-BPX,KLM,B737-800,11.1,EHEH,EGLL,AOG,29,CMR,HY-PMP-A,Hydraulic Pump A,Hydraulic,5,30065,22775,50,411,3,Yes,Zużycie tłoków,Moderate,2,Replaced,10.4,59614,3128
EVT-00089,2023-10-19,OO-JBB,TUI fly,B737-800,13.9,EHRD,EGCC,AOG,27,STC,FC-FLP-R,Flap Track Right,Flight Controls,9,47155,26245,456,169,3,Yes,Korozja szczelinowa,Moderate,2,Repaired,4.6,7404,4417
EVT-00090,2024-03-24,PH-BKH,KLM,B737-800,5.2,EHEH,EGKK,A-Check,57,STC,WG-LEA-L,Wing Leading Edge Left,Structure,7,16344,8164,624,1237,5,Yes,Korozja wżerowa,Minor,1,Inspected OK,2.2,149,6963
EVT-00091,2021-07-11,EI-DLY,Ryanair,B737-800,8.6,EHRD,EGCC,AOG,57,ALI,WG-LEA-L,Wing Leading Edge Left,Structure,7,26191,16627,50,717,4,No,,,0,Inspected OK,1.6,423,8741
EVT-00092,2025-11-23,PH-BUK,KLM,B737-800,9.0,EHAM,EGKK,AOG,24,CMR,EL-GEN-1,Generator #1,Electrical,5,25280,17316,209,77,0,Yes,Korozja styków,Minor,1,Repaired,14.8,3247,6982
EVT-00093,2024-12-22,EI-DNJ,Ryanair,B737-800,6.1,EHEH,EGKK,Line Maintenance,28,MPD,FU-TNK-R,Fuel Tank Wing Right,Fuel System,9,16602,11795,303,465,4,Yes,Korozja wżerowa,Minor,1,Inspected OK,3.8,409,9113
EVT-00094,2024-05-16,LN-NLP,Norwegian,B737-800,6.3,EHAM,EGKK,Line Maintenance,32,AD/SB,LG-NLG,Nose Landing Gear,Landing Gear,9,19653,11155,522,592,4,Yes,Zużycie amortyzatora,Minor,1,Repaired,15.5,2519,12002
EVT-00095,2022-04-05,OO-JBV,TUI fly,B737-800,14.6,EHRD,EGSS,Line Maintenance,27,STC,FC-FLP-L,Flap Track Left,Flight Controls,9,39564,24802,270,210,1,Yes,Korozja galwaniczna,Minor,1,Cleaned,4.4,405,8864
EVT-00096,2018-12-16,EI-DVJ,Ryanair,B737-800,11.9,EHAM,EGSS,A-Check,25,AD/SB,EQ-SLI-1,Escape Slide #1,Equipment,4,29009,22116,1690,1737,2,No,,,0,Inspected OK,4.0,154,13859
EVT-00097,2022-04-09,PH-BDT,KLM,B737-800,15.0,EHRD,EGLL,Unscheduled,25,MPD,EQ-SLI-1,Escape Slide #1,Equipment,4,42749,30346,748,431,1,No,,,0,Inspected OK,3.2,207,14184
EVT-00098,2018-09-09,EI-DVJ,Ryanair,B737-800,5.9,EHRD,EGCC,Line Maintenance,72,AD/SB,EN-FAN-2,Engine #2 Fan Blades,Powerplant,6,15536,13305,952,100,2,Yes,FOD damage,Moderate,2,Replaced,25.2,49470,9757
EVT-00099,2022-01-14,EI-DVJ,Ryanair,B737-800,9.4,EHAM,EGKK,A-Check,28,ALI,FU-PMP-1,Fuel Boost Pump #1,Fuel System,6,23950,18247,1679,185,0,No,,,0,Inspected OK,2.8,297,4250
EVT-00100,2023-01-12,PH-BDZ,KLM,B737-800,5.1,EHAM,EGKK,Line Maintenance,57,STC,WG-SPR-L,Wing Spar Left,Structure,9,14791,9464,373,180,2,No,,,0,Inspected OK,1.3,357,50537
EVT-00101,2022-12-26,LN-NDS,Norwegian,B737-800,2.1,EHRD,EGSS,C-Check,72,MPD,EN-HPC-1,Engine #1 HP Compressor,Powerplant,7,3687,3533,717,1044,2,No,,,0,Inspected OK,3.3,346,14482
EVT-00102,2019-03-01,PH-BUK,KLM,B737-800,5.9,EHEH,EGCC,Line Maintenance,72,STC,EN-FAN-2,Engine #2 Fan Blades,Powerplant,6,15884,12420,956,683,2,No,,,0,Inspected OK,3.6,442,13881
EVT-00103,2020-12-30,LN-NKW,Norwegian,B737-800,8.3,EHAM,EGGW,Daily Inspection,32,MPD,LG-TIR-M,Main Tire,Landing Gear,2,22317,14040,1088,105,3,Yes,Uszkodzenie boku,Moderate,2,Replaced,39.4,52386,289
EVT-00104,2025-04-02,OO-JVN,TUI fly,B737-800,11.7,EHAM,EGSS,Daily Inspection,30,AD/SB,IR-WAI-L,Wing Anti-Ice Valve Left,Ice Protection,8,27532,24433,621,908,0,Yes,Korozja wewnętrzna,Major,3,Overhauled,80.9,30733,2215
EVT-00105,2023-08-06,LN-NDS,Norwegian,B737-800,5.3,EHEH,EGKK,Unscheduled,25,MPD,EQ-SLI-1,Escape Slide #1,Equipment,4,14688,10439,801,1613,0,No,,,0,Inspected OK,0.7,185,19192
EVT-00106,2024-05-09,LN-NLP,Norwegian,B737-800,6.0,EHRD,EGCC,Unscheduled,25,CMR,EQ-SLI-1,Escape Slide #1,Equipment,4,17535,10855,698,254,1,Yes,Korozja butli CO2,Moderate,2,Repaired,17.8,7809,13158
EVT-00107,2026-01-24,PH-BMX,KLM,B737-800,12.2,EHRD,EGSS,AOG,32,STC,LG-TIR-N,Nose Tire,Landing Gear,2,35503,21576,50,30,2,No,,,0,Inspected OK,1.5,498,204
EVT-00108,2024-03-21,EI-DGC,Ryanair,B737-800,14.3,EHRD,EGCC,A-Check,32,CMR,LG-BRK-R,Brake Assembly Right,Landing Gear,8,48110,21993,142,950,2,No,,,0,Inspected OK,2.9,344,918
EVT-00109,2024-11-13,LN-NLP,Norwegian,B737-800,14.6,EHEH,EGGW,AOG,27,STC,FC-FLP-L,Flap Track Left,Flight Controls,9,39905,23553,2300,326,2,No,,,0,Inspected OK,3.6,153,10772
EVT-00110,2024-12-08,PH-BDT,KLM,B737-800,5.4,EHEH,EGGW,Unscheduled,27,STC,FC-FLP-R,Flap Track Right,Flight Controls,9,15514,8570,1598,384,3,Yes,Zużycie rolek,Moderate,2,Replaced,32.7,68358,8744
EVT-00111,2020-01-19,EI-DWF,Ryanair,B737-800,8.1,EHAM,EGLL,Unscheduled,32,CMR,LG-MLG-L,Main Landing Gear Left,Landing Gear,10,24241,18081,112,30,4,Yes,Pęknięcie strukturalne,Minor,1,Inspected OK,2.0,140,9211
EVT-00112,2021-05-14,LN-NIR,Norwegian,B737-800,3.5,EHAM,EGLL,C-Check,29,ALI,HY-LIN-A,Hydraulic Lines System A,Hydraulic,7,9004,6001,697,187,2,Yes,Rdza wewnętrzna,Minor,1,Repaired,3.2,1321,10645
EVT-00113,2022-02-15,PH-BPX,KLM,B737-800,6.8,EHEH,EGSS,Line Maintenance,32,ALI,LG-NLG,Nose Landing Gear,Landing Gear,9,18117,8799,733,206,3,No,,,0,Inspected OK,1.3,493,16043
EVT-00114,2022-06-20,PH-BDT,KLM,B737-800,3.3,EHEH,EGCC,C-Check,32,CMR,LG-BRK-L,Brake Assembly Left,Landing Gear,8,9192,6267,770,727,1,Yes,Korozja siłowników,Major,3,Replaced,18.4,43828,1012
EVT-00115,2025-01-09,EI-DNJ,Ryanair,B737-800,6.7,EHRD,EGSS,Unscheduled,72,STC,EN-FAN-2,Engine #2 Fan Blades,Powerplant,6,18263,11587,50,49,1,No,,,0,Inspected OK,3.3,140,15347
EVT-00116,2024-08-16,EI-DLY,Ryanair,B737-800,4.5,EHEH,EGSS,A-Check,27,MPD,FC-ELV-L,Elevator Left,Flight Controls,6,13465,10124,50,1651,0,Yes,Pęknięcie zmęczeniowe,Minor,1,Cleaned,3.7,1092,9182
EVT-00117,2021-06-16,PH-BUK,KLM,B737-800,12.2,EHAM,EGCC,C-Check,53,ALI,FS-SKN-AF,Fuselage Skin Aft,Structure,8,35599,25258,1294,248,1,Yes,Pęknięcie wokół nita,Minor,1,Cleaned,5.1,733,31117
EVT-00118,2025-08-09,OO-JVN,TUI fly,B737-800,14.8,EHEH,EGCC,C-Check,27,MPD,FC-AIL-L,Aileron Left,Flight Controls,7,45658,29604,1052,51,0,No,,,0,Inspected OK,1.4,121,6384
EVT-00119,2024-12-16,LN-NLP,Norwegian,B737-800,6.7,EHEH,EGCC,A-Check,27,AD/SB,FC-AIL-R,Aileron Right,Flight Controls,7,18116,13440,2979,246,2,No,,,0,Inspected OK,3.0,152,5990
EVT-00120,2025-07-31,LN-NKW,Norwegian,B737-800,11.6,EHEH,EGSS,A-Check,28,CMR,FU-PMP-2,Fuel Boost Pump #2,Fuel System,6,32143,18769,912,44,0,Yes,Zużycie wirnika,Minor,1,Repaired,7.4,4130,3845
EVT-00121,2023-02-03,EI-DWF,Ryanair,B737-800,2.6,EHEH,EGSS,Daily Inspection,24,CMR,EL-BAT,Main Battery,Electrical,6,7591,5360,1086,332,1,No,,,0,Inspected OK,2.0,376,3664
EVT-00122,2023-06-24,PH-BPX,KLM,B737-800,13.0,EHAM,EGLL,Daily Inspection,27,ALI,FC-AIL-R,Aileron Right,Flight Controls,7,40483,28205,1847,328,3,Yes,Korozja wżerowa,Minor,1,Repaired,13.6,5347,3579
EVT-00123,2022-06-11,LN-NDS,Norwegian,B737-800,5.6,EHEH,EGSS,Daily Inspection,32,CMR,LG-BRK-L,Brake Assembly Left,Landing Gear,8,14629,11194,1006,1438,1,Yes,Wyciek płynu hamulcowego,Moderate,2,Replaced,15.9,70306,994
EVT-00124,2019-12-30,EI-DUN,Ryanair,B737-800,3.3,EHEH,EGSS,Unscheduled,24,AD/SB,EL-BAT,Main Battery,Electrical,6,10401,6906,356,539,1,No,,,0,Inspected OK,3.9,166,3522
EVT-00125,2024-06-03,OO-JBV,TUI fly,B737-800,5.0,EHAM,EGCC,Line Maintenance,72,STC,EN-FAN-1,Engine #1 Fan Blades,Powerplant,6,12057,10951,1187,84,2,Yes,FOD damage,Minor,1,Inspected OK,3.4,243,12035
EVT-00126,2024-08-05,LN-NAQ,Norwegian,B737-800,10.9,EHAM,EGCC,C-Check,28,ALI,FU-PMP-2,Fuel Boost Pump #2,Fuel System,6,31351,22478,981,109,1,Yes,Zużycie wirnika,Major,3,Replaced,31.6,54785,1815
EVT-00127,2019-10-20,LN-NAQ,Norwegian,B737-800,9.3,EHRD,EGCC,Unscheduled,27,CMR,FC-ELV-L,Elevator Left,Flight Controls,6,29428,17461,1310,528,2,No,,,0,Inspected OK,2.4,471,7409
EVT-00128,2018-11-17,PH-BDB,KLM,B737-800,6.1,EHAM,EGLL,Daily Inspection,27,ALI,FC-ELV-L,Elevator Left,Flight Controls,6,17011,12707,304,424,0,Yes,Korozja wżerowa,Minor,1,Repaired,5.5,7903,8452
EVT-00129,2026-05-07,PH-BPX,KLM,B737-800,5.6,EHEH,EGSS,Unscheduled,53,ALI,FS-CRG,Cargo Door,Structure,8,15914,11273,1619,363,3,Yes,Korozja wokół zamków,Major,3,Overhauled,73.9,48736,16327
EVT-00130,2019-09-02,OO-JBV,TUI fly,B737-800,12.8,EHRD,EGCC,A-Check,27,AD/SB,FC-AIL-R,Aileron Right,Flight Controls,7,38313,25205,469,1215,1,Yes,Korozja wżerowa,Minor,1,Repaired,17.2,7601,4905
EVT-00131,2020-01-25,PH-BDB,KLM,B737-800,7.2,EHEH,EGKK,Line Maintenance,32,CMR,LG-BRK-L,Brake Assembly Left,Landing Gear,8,20093,17286,769,1219,1,Yes,Wyciek płynu hamulcowego,Critical,4,Replaced,29.6,21175,573
EVT-00132,2025-10-19,OO-JHF,TUI fly,B737-800,6.8,EHEH,EGSS,A-Check,72,MPD,EN-HPC-1,Engine #1 HP Compressor,Powerplant,7,19956,11067,842,67,2,No,,,0,Inspected OK,3.9,233,12950
EVT-00133,2020-03-28,EI-DUN,Ryanair,B737-800,10.0,EHRD,EGSS,Line Maintenance,32,CMR,LG-BRK-L,Brake Assembly Left,Landing Gear,8,28964,20054,669,804,2,Yes,Korozja siłowników,Minor,1,Repaired,16.0,6544,1570
EVT-00134,2026-04-15,EI-DLY,Ryanair,B737-800,8.7,EHEH,EGGW,AOG,29,STC,HY-RES-A,Hydraulic Reservoir A,Hydraulic,5,25847,19335,102,471,0,Yes,Wyciek,Minor,1,Inspected OK,1.6,214,9566
EVT-00135,2023-05-12,PH-BUK,KLM,B737-800,14.8,EHAM,EGCC,Daily Inspection,27,STC,FC-RUD,Rudder,Flight Controls,6,48519,24986,393,357,1,Yes,Korozja warstwowa,Minor,1,Cleaned,4.1,748,6658
EVT-00136,2025-05-27,PH-BMX,KLM,B737-800,11.7,EHEH,EGSS,Unscheduled,32,STC,LG-MLG-R,Main Landing Gear Right,Landing Gear,10,36304,25101,585,391,0,Yes,Korozja wżerowa,Moderate,2,Repaired,8.8,3537,8906
EVT-00137,2019-01-16,PH-BDZ,KLM,B737-800,11.6,EHEH,EGGW,AOG,27,CMR,FC-FLP-L,Flap Track Left,Flight Controls,9,37509,16750,610,561,4,Yes,Zużycie rolek,Major,3,Overhauled,39.5,46935,2157
EVT-00138,2023-01-27,OO-JVN,TUI fly,B737-800,3.5,EHRD,EGCC,A-Check,25,CMR,EQ-SLI-1,Escape Slide #1,Equipment,4,10095,5990,532,178,1,Yes,Korozja butli CO2,Minor,1,Inspected OK,3.3,292,16622
EVT-00139,2023-03-01,EI-DGY,Ryanair,B737-800,9.7,EHAM,EGCC,C-Check,32,MPD,LG-MLG-L,Main Landing Gear Left,Landing Gear,10,29832,14621,1007,190,1,Yes,Korozja wżerowa,Major,3,Overhauled,34.5,30056,6003
EVT-00140,2024-02-18,OO-JVB,TUI fly,B737-800,8.9,EHAM,EGKK,A-Check,24,AD/SB,EL-BAT,Main Battery,Electrical,6,22334,15571,670,177,4,Yes,Korozja zacisków,Minor,1,Inspected OK,2.7,478,2258
EVT-00141,2024-02-27,LN-NKW,Norwegian,B737-800,9.8,EHEH,EGLL,C-Check,28,CMR,FU-PMP-2,Fuel Boost Pump #2,Fuel System,6,30986,19560,1724,155,1,No,,,0,Inspected OK,3.7,209,4100
EVT-00142,2024-08-07,EI-DUN,Ryanair,B737-800,9.5,EHAM,EGGW,A-Check,72,CMR,EN-HPC-1,Engine #1 HP Compressor,Powerplant,7,25742,19824,257,1037,2,Yes,Zużycie łopatek,Major,3,Replaced,28.0,38882,5331
EVT-00143,2021-03-31,PH-BDZ,KLM,B737-800,12.4,EHRD,EGGW,A-Check,72,MPD,EN-FAN-2,Engine #2 Fan Blades,Powerplant,6,30302,24520,1068,1191,1,Yes,FOD damage,Moderate,2,Replaced,27.4,46002,7741
EVT-00144,2025-04-23,LN-NLP,Norwegian,B737-800,10.4,EHAM,EGSS,AOG,53,ALI,FS-CRG,Cargo Door,Structure,8,28661,18310,722,412,1,No,,,0,Inspected OK,2.9,231,36288
EVT-00145,2022-03-13,EI-DKD,Ryanair,B737-800,9.2,EHAM,EGGW,AOG,57,AD/SB,WG-SPR-L,Wing Spar Left,Structure,9,30390,16206,943,2843,0,No,,,0,Inspected OK,2.5,173,49501
EVT-00146,2026-04-14,EI-DLY,Ryanair,B737-800,8.5,EHRD,EGLL,Daily Inspection,53,MPD,FS-SKN-FW,Fuselage Skin Forward,Structure,8,22437,13810,350,43,1,No,,,0,Inspected OK,3.3,155,43195
EVT-00147,2024-11-25,OO-JVB,TUI fly,B737-800,2.5,EHRD,EGSS,AOG,24,ALI,EL-BAT,Main Battery,Electrical,6,7773,4817,841,456,1,No,,,0,Inspected OK,3.1,259,3948
EVT-00148,2019-09-29,OO-JVN,TUI fly,B737-800,13.9,EHEH,EGCC,A-Check,32,STC,LG-BRK-R,Brake Assembly Right,Landing Gear,8,47037,26745,2528,115,2,Yes,Korozja siłowników,Moderate,2,Repaired,4.6,4042,938
EVT-00149,2025-10-15,LN-NLP,Norwegian,B737-800,7.0,EHAM,EGCC,A-Check,32,ALI,LG-MLG-L,Main Landing Gear Left,Landing Gear,10,18055,15463,874,952,2,Yes,Pęknięcie strukturalne,Critical,4,Replaced,34.9,44071,2967
EVT-00150,2024-10-01,EI-DNJ,Ryanair,B737-800,14.6,EHAM,EGCC,AOG,32,CMR,LG-BRK-L,Brake Assembly Left,Landing Gear,8,44296,25005,1126,81,3,Yes,Korozja siłowników,Minor,1,Inspected OK,1.6,168,1344
EVT-00151,2022-08-30,PH-BZZ,KLM,B737-800,11.1,EHEH,EGSS,A-Check,53,CMR,FS-SKN-AF,Fuselage Skin Aft,Structure,8,28734,20427,2211,484,1,No,,,0,Inspected OK,2.3,463,40167
EVT-00152,2025-11-27,PH-BUK,KLM,B737-800,6.7,EHAM,EGKK,C-Check,24,AD/SB,EL-BAT,Main Battery,Electrical,6,16485,13150,1525,140,1,Yes,Spadek pojemności,Minor,1,Repaired,16.9,3540,2542
EVT-00153,2023-08-08,PH-BZZ,KLM,B737-800,12.2,EHAM,EGCC,AOG,27,AD/SB,FC-FLP-L,Flap Track Left,Flight Controls,9,36240,25008,290,50,1,Yes,Korozja galwaniczna,Major,3,Overhauled,98.0,34920,4818
EVT-00154,2021-12-20,PH-BPX,KLM,B737-800,4.1,EHEH,EGKK,Unscheduled,36,CMR,PN-DUC-L,Bleed Air Duct Left,Pneumatic,6,13095,7559,1584,1536,3,No,,,0,Inspected OK,2.3,229,9145
EVT-00155,2021-10-11,LN-NIR,Norwegian,B737-800,10.8,EHAM,EGSS,C-Check,27,STC,FC-RUD,Rudder,Flight Controls,6,29035,17840,56,30,0,Yes,Erozja krawędzi natarcia,Moderate,2,Replaced,38.9,37437,6586
EVT-00156,2023-06-28,EI-DWF,Ryanair,B737-800,10.8,EHRD,EGSS,AOG,72,CMR,EN-HPT-1,Engine #1 HP Turbine,Powerplant,5,31956,20694,463,67,2,Yes,Korozja gorąca,Minor,1,Repaired,14.1,1894,8198
EVT-00157,2020-03-21,EI-DWF,Ryanair,B737-800,9.9,EHAM,EGGW,Daily Inspection,32,ALI,LG-BRK-R,Brake Assembly Right,Landing Gear,8,25674,18654,4217,35,3,No,,,0,Inspected OK,0.9,361,2039
EVT-00158,2023-09-18,PH-BUK,KLM,B737-800,8.7,EHRD,EGSS,C-Check,32,CMR,LG-MLG-L,Main Landing Gear Left,Landing Gear,10,22515,16564,4570,1009,2,Yes,Korozja naprężeniowa,Moderate,2,Replaced,24.9,36956,7688
EVT-00159,2018-05-14,LN-NIR,Norwegian,B737-800,7.9,EHEH,EGCC,C-Check,27,CMR,FC-FLP-R,Flap Track Right,Flight Controls,9,18880,14566,366,320,3,Yes,Korozja szczelinowa,Minor,1,Repaired,3.3,2670,9918
EVT-00160,2021-10-06,EI-DGY,Ryanair,B737-800,2.4,EHEH,EGCC,C-Check,27,AD/SB,FC-FLP-R,Flap Track Right,Flight Controls,9,4854,4232,613,145,0,No,,,0,Inspected OK,1.3,489,18558
EVT-00161,2024-08-14,EI-DDM,Ryanair,B737-800,8.1,EHEH,EGGW,Line Maintenance,27,ALI,FC-RUD,Rudder,Flight Controls,6,20264,15327,635,363,1,No,,,0,Inspected OK,1.6,381,9026
EVT-00162,2025-02-17,OO-JVB,TUI fly,B737-800,5.3,EHEH,EGSS,AOG,27,CMR,FC-AIL-L,Aileron Left,Flight Controls,7,14776,7018,401,369,5,No,,,0,Inspected OK,2.0,164,5729
EVT-00163,2020-10-24,EI-DGY,Ryanair,B737-800,5.9,EHAM,EGLL,Line Maintenance,32,ALI,LG-MLG-R,Main Landing Gear Right,Landing Gear,10,16363,12568,811,646,3,Yes,Korozja wżerowa,Moderate,2,Replaced,31.6,43416,7938
EVT-00164,2024-04-10,EI-DLY,Ryanair,B737-800,8.7,EHEH,EGCC,C-Check,21,ALI,AC-PCK-L,Air Conditioning Pack Left,Air Conditioning,7,24523,16031,70,755,0,Yes,Wyciek wymiennika,Minor,1,Cleaned,1.4,116,7609
EVT-00165,2019-07-10,EI-DVJ,Ryanair,B737-800,10.7,EHEH,EGSS,AOG,57,ALI,WG-LEA-L,Wing Leading Edge Left,Structure,7,25635,17730,344,894,1,Yes,Korozja wżerowa,Minor,1,Inspected OK,1.4,59,8564
EVT-00166,2024-12-14,PH-BPX,KLM,B737-800,8.1,EHRD,EGLL,Daily Inspection,27,AD/SB,FC-AIL-R,Aileron Right,Flight Controls,7,24427,17406,783,288,1,Yes,Pęknięcie zmęczeniowe,Minor,1,Cleaned,4.1,1184,5625
EVT-00167,2023-01-07,PH-BZZ,KLM,B737-800,9.6,EHAM,EGLL,Daily Inspection,25,ALI,EQ-SLI-1,Escape Slide #1,Equipment,4,28192,23436,50,2074,4,No,,,0,Inspected OK,2.8,107,14121
EVT-00168,2026-01-31,EI-DMY,Ryanair,B737-800,12.8,EHAM,EGLL,Unscheduled,53,CMR,FS-SKN-AF,Fuselage Skin Aft,Structure,8,38118,26101,203,279,2,Yes,Pęknięcie wokół nita,Minor,1,Cleaned,5.7,436,27304
EVT-00169,2025-12-01,EI-DKD,Ryanair,B737-800,2.6,EHEH,EGGW,AOG,27,CMR,FC-RUD,Rudder,Flight Controls,6,7107,4760,1743,622,5,Yes,Korozja warstwowa,Minor,1,Repaired,17.3,6045,6269
EVT-00170,2024-04-21,PH-BMX,KLM,B737-800,10.4,EHAM,EGCC,Line Maintenance,28,CMR,FU-PMP-2,Fuel Boost Pump #2,Fuel System,6,34134,21483,156,472,2,Yes,Zużycie wirnika,Major,3,Replaced,13.3,14879,2326
EVT-00171,2025-12-17,LN-NAQ,Norwegian,B737-800,14.7,EHRD,EGLL,Unscheduled,72,CMR,EN-FAN-2,Engine #2 Fan Blades,Powerplant,6,44743,30053,192,422,4,Yes,FOD damage,Minor,1,Inspected OK,2.9,442,7001
EVT-00172,2020-08-29,PH-BDB,KLM,B737-800,14.9,EHRD,EGCC,Daily Inspection,27,CMR,FC-FLP-R,Flap Track Right,Flight Controls,9,33849,33114,139,371,0,Yes,Zużycie rolek,Minor,1,Cleaned,2.2,1117,10227
EVT-00173,2020-02-20,OO-JBB,TUI fly,B737-800,4.2,EHEH,EGGW,Daily Inspection,36,MPD,PN-DUC-L,Bleed Air Duct Left,Pneumatic,6,13382,7536,182,485,2,Yes,Wyciek,Minor,1,Repaired,12.4,837,9255
EVT-00174,2024-03-01,PH-BKH,KLM,B737-800,7.3,EHAM,EGSS,Unscheduled,27,CMR,FC-FLP-L,Flap Track Left,Flight Controls,9,19104,12437,2537,275,1,Yes,Korozja galwaniczna,Moderate,2,Repaired,8.2,7111,9922
EVT-00175,2021-05-25,PH-BZZ,KLM,B737-800,5.1,EHRD,EGGW,AOG,27,MPD,FC-RUD,Rudder,Flight Controls,6,16922,9180,1738,539,2,No,,,0,Inspected OK,0.8,314,8919
EVT-00176,2025-04-09,LN-NLP,Norwegian,B737-800,7.8,EHEH,EGCC,Line Maintenance,36,STC,PN-DUC-L,Bleed Air Duct Left,Pneumatic,6,20499,19137,53,520,3,Yes,Wyciek,Moderate,2,Repaired,16.7,2742,5841
EVT-00177,2025-11-10,PH-BDT,KLM,B737-800,2.3,EHRD,EGGW,C-Check,29,ALI,HY-RES-A,Hydraulic Reservoir A,Hydraulic,5,6435,5124,64,36,4,Yes,Kondensat w układzie,Major,3,Replaced,18.5,37551,5375
EVT-00178,2018-05-27,OO-JHF,TUI fly,B737-800,4.6,EHRD,EGLL,Unscheduled,29,STC,HY-PMP-A,Hydraulic Pump A,Hydraulic,5,12612,8644,729,798,5,Yes,Zużycie tłoków,Minor,1,Inspected OK,0.9,234,4363
EVT-00179,2023-09-14,LN-NDS,Norwegian,B737-800,9.1,EHEH,EGKK,Daily Inspection,53,ALI,FS-DOR-PX,Pax Door Frame,Structure,7,24463,19766,678,531,1,Yes,Pęknięcie ramy,Major,3,Overhauled,43.9,47508,17690
EVT-00180,2024-06-26,EI-DDM,Ryanair,B737-800,12.3,EHEH,EGCC,Line Maintenance,28,ALI,FU-TNK-R,Fuel Tank Wing Right,Fuel System,9,27914,21936,1649,1106,2,Yes,Korozja wżerowa,Minor,1,Inspected OK,2.2,110,7737
EVT-00181,2018-07-19,EI-DGC,Ryanair,B737-800,3.1,EHRD,EGSS,A-Check,32,AD/SB,LG-NLG,Nose Landing Gear,Landing Gear,9,8871,5596,548,344,2,Yes,Wyciek hydrauliczny,Moderate,2,Replaced,32.0,54271,12739
EVT-00182,2019-09-14,PH-BMX,KLM,B737-800,7.8,EHEH,EGSS,C-Check,53,AD/SB,FS-SKN-FW,Fuselage Skin Forward,Structure,8,22546,14624,242,170,2,Yes,Korozja warstwowa,Minor,1,Inspected OK,3.2,252,33594
EVT-00183,2022-07-27,EI-DLY,Ryanair,B737-800,2.7,EHRD,EGKK,Daily Inspection,72,ALI,EN-FAN-1,Engine #1 Fan Blades,Powerplant,6,7133,5120,51,1421,1,Yes,Erozja,Minor,1,Cleaned,5.5,130,12581
EVT-00184,2021-12-12,EI-DLY,Ryanair,B737-800,4.6,EHRD,EGKK,Unscheduled,29,STC,HY-PMP-A,Hydraulic Pump A,Hydraulic,5,11463,9024,657,1657,0,No,,,0,Inspected OK,2.0,167,7242
EVT-00185,2021-02-13,EI-DGC,Ryanair,B737-800,8.5,EHEH,EGSS,Daily Inspection,38,ALI,WW-TNK,Potable Water Tank,Water/Waste,9,25825,13484,176,499,3,Yes,Korozja mikrobiologiczna,Minor,1,Inspected OK,3.5,302,7154
EVT-00186,2018-12-24,EI-DNJ,Ryanair,B737-800,2.6,EHEH,EGCC,Unscheduled,27,AD/SB,FC-RUD,Rudder,Flight Controls,6,6648,4279,1573,769,0,No,,,0,Inspected OK,3.0,294,10440
EVT-00187,2024-04-15,EI-DMY,Ryanair,B737-800,10.3,EHRD,EGKK,Unscheduled,30,CMR,IR-WAI-L,Wing Anti-Ice Valve Left,Ice Protection,8,28584,17435,530,108,4,Yes,Korozja wewnętrzna,Moderate,2,Replaced,10.0,43437,2286
EVT-00188,2025-01-29,PH-BUK,KLM,B737-800,11.0,EHRD,EGSS,C-Check,29,STC,HY-LIN-A,Hydraulic Lines System A,Hydraulic,7,37589,20397,50,925,1,Yes,Wyciek na złączach,Minor,1,Cleaned,1.8,562,9584
EVT-00189,2019-03-19,EI-DWF,Ryanair,B737-800,6.5,EHRD,EGKK,Line Maintenance,53,MPD,FS-SKN-FW,Fuselage Skin Forward,Structure,8,18439,14990,183,1261,3,Yes,Korozja warstwowa,Moderate,2,Repaired,12.2,4384,24424
EVT-00190,2019-04-16,OO-JBB,TUI fly,B737-800,3.8,EHAM,EGCC,AOG,29,STC,HY-RES-A,Hydraulic Reservoir A,Hydraulic,5,10551,7503,1381,287,3,Yes,Kondensat w układzie,Major,3,Replaced,17.2,64464,5209
EVT-00191,2024-01-24,PH-BRO,KLM,B737-800,14.9,EHRD,EGSS,Line Maintenance,32,AD/SB,LG-TIR-M,Main Tire,Landing Gear,2,50093,32333,1279,302,2,Yes,Uszkodzenie boku,Minor,1,Cleaned,2.6,1300,179
EVT-00192,2020-09-04,LN-NDS,Norwegian,B737-800,2.6,EHRD,EGCC,AOG,28,MPD,FU-TNK-L,Fuel Tank Wing Left,Fuel System,9,7791,4767,3284,90,1,Yes,Wyciek paliwa,Major,3,Replaced,36.6,54071,7624
EVT-00193,2024-07-25,LN-NIR,Norwegian,B737-800,13.5,EHAM,EGSS,AOG,32,AD/SB,LG-MLG-L,Main Landing Gear Left,Landing Gear,10,36991,21724,764,52,6,Yes,Korozja wżerowa,Minor,1,Repaired,18.0,3877,5023
EVT-00194,2021-01-31,PH-BKH,KLM,B737-800,3.0,EHEH,EGLL,C-Check,53,MPD,FS-CRG,Cargo Door,Structure,8,8785,6590,1016,1325,0,Yes,Korozja wokół zamków,Major,3,Replaced,31.4,19055,27378
EVT-00195,2021-05-04,LN-NDS,Norwegian,B737-800,14.8,EHEH,EGSS,Line Maintenance,57,ALI,WG-SPR-R,Wing Spar Right,Structure,9,42643,29245,622,743,2,Yes,Pęknięcie zmęczeniowe,Moderate,2,Repaired,11.4,6763,17649
EVT-00196,2024-07-23,OO-JVB,TUI fly,B737-800,3.8,EHEH,EGSS,C-Check,27,STC,FC-RUD,Rudder,Flight Controls,6,9947,6270,995,1049,0,Yes,Erozja krawędzi natarcia,Moderate,2,Repaired,7.1,1822,7695
EVT-00197,2023-12-11,EI-DWF,Ryanair,B737-800,7.1,EHEH,EGSS,Daily Inspection,38,CMR,WW-TNK,Potable Water Tank,Water/Waste,9,18468,9887,1105,631,3,Yes,Korozja wżerowa,Moderate,2,Replaced,12.0,55713,5518
EVT-00198,2025-03-23,LN-NAQ,Norwegian,B737-800,10.8,EHEH,EGCC,Unscheduled,27,MPD,FC-AIL-R,Aileron Right,Flight Controls,7,30679,23745,57,115,3,No,,,0,Inspected OK,2.8,362,5627
EVT-00199,2020-04-09,PH-BUK,KLM,B737-800,14.6,EHEH,EGSS,C-Check,36,MPD,PN-DUC-L,Bleed Air Duct Left,Pneumatic,6,32399,28199,191,30,4,No,,,0,Inspected OK,1.4,458,6714
EVT-00200,2021-11-03,LN-NAQ,Norwegian,B737-800,8.8,EHAM,EGLL,AOG,30,MPD,IR-PIT,Pitot Tube Heater,Ice Protection,9,27569,18199,94,355,3,Yes,Awaria grzałki,Minor,1,Inspected OK,3.9,99,3252
EVT-00201,2025-03-28,LN-NLP,Norwegian,B737-800,6.1,EHRD,EGLL,Unscheduled,32,AD/SB,LG-TIR-M,Main Tire,Landing Gear,2,16100,11451,1077,1501,2,Yes,Zużycie bieżnika,Minor,1,Inspected OK,3.3,58,0
EVT-00202,2025-07-17,EI-DUN,Ryanair,B737-800,6.2,EHRD,EGSS,Daily Inspection,24,ALI,EL-WIR-FW,Wiring Harness FWD,Electrical,8,17949,13157,264,1236,0,Yes,Przetarcie izolacji,Minor,1,Cleaned,4.5,856,16447
EVT-00203,2024-09-19,PH-BKH,KLM,B737-800,13.3,EHAM,EGCC,AOG,53,STC,FS-DOR-PX,Pax Door Frame,Structure,7,36348,24108,50,379,2,Yes,Pęknięcie ramy,Moderate,2,Repaired,3.8,7300,17346
EVT-00204,2020-12-03,PH-BYZ,KLM,B737-800,5.8,EHRD,EGSS,Unscheduled,28,STC,FU-TNK-R,Fuel Tank Wing Right,Fuel System,9,14736,11641,719,1337,1,Yes,Wyciek paliwa,Minor,1,Repaired,7.1,6520,12158
EVT-00205,2025-01-19,EI-DDM,Ryanair,B737-800,10.8,EHAM,EGCC,A-Check,29,STC,HY-PMP-A,Hydraulic Pump A,Hydraulic,5,30509,19258,4311,1161,1,Yes,Spadek ciśnienia,Major,3,Overhauled,29.2,11942,1946
EVT-00206,2021-12-15,PH-BDT,KLM,B737-800,10.5,EHRD,EGSS,Unscheduled,27,STC,FC-FLP-R,Flap Track Right,Flight Controls,9,33065,20646,1414,1267,2,Yes,Korozja szczelinowa,Minor,1,Inspected OK,1.6,245,9540
EVT-00207,2022-01-14,EI-DNJ,Ryanair,B737-800,11.6,EHEH,EGKK,A-Check,32,MPD,LG-NLG,Nose Landing Gear,Landing Gear,9,34258,26023,1784,351,4,Yes,Korozja wżerowa,Moderate,2,Repaired,9.5,4311,5543
EVT-00208,2023-01-08,PH-BRO,KLM,B737-800,8.1,EHAM,EGGW,Unscheduled,57,CMR,WG-LEA-L,Wing Leading Edge Left,Structure,7,22753,16249,734,816,2,Yes,Erozja powłok,Minor,1,Inspected OK,1.4,212,8230
EVT-00209,2026-03-25,LN-NIR,Norwegian,B737-800,11.8,EHEH,EGSS,C-Check,72,ALI,EN-HPT-1,Engine #1 HP Turbine,Powerplant,5,30874,22310,120,194,3,Yes,Korozja gorąca,Moderate,2,Repaired,6.5,4519,5659
EVT-00210,2024-07-02,OO-JVB,TUI fly,B737-800,13.5,EHRD,EGKK,Unscheduled,27,STC,FC-RUD,Rudder,Flight Controls,6,40878,24606,1297,509,3,Yes,Korozja warstwowa,Critical,4,Replaced,10.8,51279,877
EVT-00211,2022-09-03,LN-NIR,Norwegian,B737-800,9.4,EHEH,EGSS,Line Maintenance,27,AD/SB,FC-RUD,Rudder,Flight Controls,6,25420,15989,566,1243,3,Yes,Erozja krawędzi natarcia,Minor,1,Inspected OK,2.0,234,6257
EVT-00212,2023-07-16,PH-BUK,KLM,B737-800,4.5,EHEH,EGKK,A-Check,24,STC,EL-BAT,Main Battery,Electrical,6,10556,8850,749,222,3,Yes,Spadek pojemności,Moderate,2,Replaced,28.4,8835,2333
EVT-00213,2026-04-01,EI-DMY,Ryanair,B737-800,11.8,EHAM,EGGW,Unscheduled,29,MPD,HY-PMP-A,Hydraulic Pump A,Hydraulic,5,38747,25065,97,290,2,Yes,Spadek ciśnienia,Major,3,Replaced,10.3,11013,3011
EVT-00214,2024-11-11,LN-NAQ,Norwegian,B737-800,6.2,EHRD,EGCC,Daily Inspection,32,ALI,LG-TIR-N,Nose Tire,Landing Gear,2,16446,12573,883,681,2,Yes,Uszkodzenie boku,Minor,1,Repaired,13.8,7375,0
EVT-00215,2024-11-08,PH-BDT,KLM,B737-800,10.5,EHRD,EGKK,Line Maintenance,30,ALI,IR-WAI-L,Wing Anti-Ice Valve Left,Ice Protection,8,32402,20703,1029,77,1,Yes,Zakleszczenie zaworu,Moderate,2,Replaced,8.4,36652,2866
EVT-00216,2023-12-14,EI-DMY,Ryanair,B737-800,10.3,EHRD,EGSS,C-Check,29,AD/SB,HY-LIN-A,Hydraulic Lines System A,Hydraulic,7,29175,19239,688,30,0,No,,,0,Inspected OK,2.5,204,11564
EVT-00217,2021-05-24,OO-JVN,TUI fly,B737-800,7.9,EHRD,EGGW,Unscheduled,32,ALI,LG-NLG,Nose Landing Gear,Landing Gear,9,24147,17552,1494,707,2,No,,,0,Inspected OK,2.1,409,16755
EVT-00218,2022-03-12,PH-BKH,KLM,B737-800,10.6,EHEH,EGGW,AOG,72,STC,EN-HPT-1,Engine #1 HP Turbine,Powerplant,5,27547,20905,1987,338,2,Yes,Creep,Moderate,2,Repaired,13.2,5880,6350
EVT-00219,2019-01-18,OO-JBB,TUI fly,B737-800,2.8,EHAM,EGKK,Daily Inspection,27,ALI,FC-FLP-L,Flap Track Left,Flight Controls,9,7011,6357,146,337,1,Yes,Korozja galwaniczna,Minor,1,Inspected OK,0.6,340,14202
EVT-00220,2024-09-15,LN-NLP,Norwegian,B737-800,4.7,EHAM,EGGW,C-Check,72,ALI,EN-FAN-2,Engine #2 Fan Blades,Powerplant,6,12553,7270,59,316,2,Yes,Erozja,Major,3,Replaced,19.7,21341,8208
EVT-00221,2018-09-01,PH-BYZ,KLM,B737-800,2.8,EHRD,EGLL,Unscheduled,57,AD/SB,WG-LEA-L,Wing Leading Edge Left,Structure,7,7817,5516,932,90,1,Yes,Korozja wżerowa,Moderate,2,Replaced,20.3,7924,8700
EVT-00222,2025-04-21,OO-JBV,TUI fly,B737-800,7.5,EHRD,EGLL,Daily Inspection,30,CMR,IR-PIT,Pitot Tube Heater,Ice Protection,9,21014,14084,139,30,2,Yes,Korozja styków,Major,3,Replaced,36.8,13710,1694
EVT-00223,2025-04-24,LN-NLP,Norwegian,B737-800,10.3,EHRD,EGCC,Line Maintenance,32,CMR,LG-TIR-N,Nose Tire,Landing Gear,2,28551,20159,1754,554,4,No,,,0,Inspected OK,2.4,119,0
EVT-00224,2024-04-04,EI-DMY,Ryanair,B737-800,10.9,EHAM,EGKK,AOG,57,CMR,WG-SPR-L,Wing Spar Left,Structure,9,26835,25431,1148,1076,1,Yes,Korozja w mokowaniu,Minor,1,Repaired,7.4,2201,36537
EVT-00225,2025-04-17,EI-DGC,Ryanair,B737-800,14.7,EHAM,EGCC,Line Maintenance,24,ALI,EL-WIR-FW,Wiring Harness FWD,Electrical,8,40418,26195,252,2036,2,No,,,0,Inspected OK,2.7,270,12906
EVT-00226,2020-11-24,PH-BDZ,KLM,B737-800,12.7,EHEH,EGLL,A-Check,72,CMR,EN-FAN-1,Engine #1 Fan Blades,Powerplant,6,31337,25056,674,581,1,Yes,FOD damage,Minor,1,Cleaned,1.2,765,10309
EVT-00227,2019-09-01,PH-BZZ,KLM,B737-800,4.7,EHEH,EGLL,C-Check,38,MPD,WW-TNK,Potable Water Tank,Water/Waste,9,11010,9213,2660,1441,3,Yes,Korozja mikrobiologiczna,Minor,1,Inspected OK,3.3,174,7412
EVT-00228,2019-02-15,EI-DVJ,Ryanair,B737-800,9.0,EHAM,EGSS,Daily Inspection,57,ALI,WG-SPR-R,Wing Spar Right,Structure,9,25956,16819,3170,396,3,Yes,Korozja warstwowa,Minor,1,Repaired,6.5,6284,31951
EVT-00229,2026-03-17,LN-NAQ,Norwegian,B737-800,6.2,EHRD,EGCC,Daily Inspection,36,MPD,PN-DUC-L,Bleed Air Duct Left,Pneumatic,6,17807,8029,542,516,5,Yes,Korozja gorąca,Critical,4,Replaced,36.6,9684,2036
EVT-00230,2020-04-11,PH-BDT,KLM,B737-800,11.6,EHAM,EGCC,Unscheduled,21,CMR,AC-PCK-R,Air Conditioning Pack Right,Air Conditioning,7,31768,21647,571,591,1,Yes,Kondensat,Minor,1,Repaired,11.1,5751,6333
EVT-00231,2021-01-05,EI-DWF,Ryanair,B737-800,7.4,EHRD,EGKK,C-Check,24,STC,EL-WIR-FW,Wiring Harness FWD,Electrical,8,22833,16097,115,213,2,Yes,Przetarcie izolacji,Minor,1,Inspected OK,1.5,56,13838
EVT-00232,2019-07-16,LN-NAQ,Norwegian,B737-800,9.3,EHEH,EGSS,C-Check,32,CMR,LG-BRK-L,Brake Assembly Left,Landing Gear,8,27471,19355,1079,92,6,No,,,0,Inspected OK,2.2,84,1869
EVT-00233,2018-09-06,OO-JVN,TUI fly,B737-800,6.3,EHEH,EGKK,A-Check,28,STC,FU-PMP-1,Fuel Boost Pump #1,Fuel System,6,14539,9398,54,257,0,Yes,Korozja styków elektrycznych,Major,3,Replaced,10.5,42546,2918
EVT-00234,2026-02-19,EI-DMY,Ryanair,B737-800,9.8,EHAM,EGSS,Unscheduled,57,ALI,WG-SPR-L,Wing Spar Left,Structure,9,28067,20235,50,45,1,No,,,0,Inspected OK,1.3,176,47551
EVT-00235,2022-06-18,OO-JVN,TUI fly,B737-800,13.3,EHEH,EGLL,Unscheduled,28,CMR,FU-TNK-L,Fuel Tank Wing Left,Fuel System,9,40549,24625,310,388,3,Yes,Korozja mikrobiologiczna,Minor,1,Cleaned,1.6,1344,7391
EVT-00236,2019-02-15,PH-BRO,KLM,B737-800,11.1,EHRD,EGGW,AOG,28,STC,FU-PMP-1,Fuel Boost Pump #1,Fuel System,6,26721,12710,705,588,0,Yes,Zużycie wirnika,Moderate,2,Replaced,29.8,23144,3210
EVT-00237,2024-05-21,EI-DGC,Ryanair,B737-800,8.7,EHRD,EGKK,Daily Inspection,29,STC,HY-LIN-A,Hydraulic Lines System A,Hydraulic,7,26561,17746,1303,482,1,Yes,Rdza wewnętrzna,Major,3,Overhauled,59.7,19939,5554
EVT-00238,2021-02-10,EI-DUN,Ryanair,B737-800,13.2,EHEH,EGGW,Daily Inspection,57,AD/SB,WG-LEA-L,Wing Leading Edge Left,Structure,7,40484,26186,50,828,1,Yes,Erozja powłok,Minor,1,Inspected OK,2.3,71,7529
EVT-00239,2023-09-11,EI-DKD,Ryanair,B737-800,6.9,EHRD,EGSS,Unscheduled,32,STC,LG-TIR-M,Main Tire,Landing Gear,2,21297,11328,51,1097,0,No,,,0,Inspected OK,1.6,95,0
EVT-00240,2026-03-26,PH-BRO,KLM,B737-800,10.3,EHAM,EGKK,Unscheduled,28,ALI,FU-PMP-2,Fuel Boost Pump #2,Fuel System,6,26160,16104,1479,225,4,Yes,Zużycie wirnika,Moderate,2,Replaced,38.9,11696,1716
EVT-00241,2025-07-31,PH-BKH,KLM,B737-800,9.0,EHAM,EGSS,A-Check,24,MPD,EL-GEN-1,Generator #1,Electrical,5,25023,21558,392,600,1,No,,,0,Inspected OK,2.8,484,7765
EVT-00242,2021-01-06,OO-JVN,TUI fly,B737-800,3.8,EHAM,EGKK,A-Check,27,AD/SB,FC-ELV-L,Elevator Left,Flight Controls,6,9709,6217,89,913,1,No,,,0,Inspected OK,1.8,480,10181
EVT-00243,2024-08-31,EI-DVJ,Ryanair,B737-800,2.8,EHEH,EGGW,Unscheduled,24,CMR,EL-BAT,Main Battery,Electrical,6,5460,5331,489,140,2,No,,,0,Inspected OK,3.4,432,3730
EVT-00244,2021-06-04,OO-JVB,TUI fly,B737-800,9.2,EHAM,EGSS,Unscheduled,27,CMR,FC-AIL-R,Aileron Right,Flight Controls,7,29768,18911,511,1272,2,Yes,Zużycie łożysk,Moderate,2,Replaced,17.4,15245,3869
EVT-00245,2025-02-09,OO-JBV,TUI fly,B737-800,8.8,EHRD,EGLL,Daily Inspection,32,CMR,LG-TIR-N,Nose Tire,Landing Gear,2,28004,18502,303,621,2,Yes,Uszkodzenie boku,Major,3,Replaced,19.8,9356,0
EVT-00246,2025-02-24,OO-JHF,TUI fly,B737-800,14.9,EHAM,EGGW,Line Maintenance,72,CMR,EN-HPC-1,Engine #1 HP Compressor,Powerplant,7,44416,28462,249,1082,0,Yes,Korozja gorąca,Moderate,2,Repaired,9.4,3228,7231
EVT-00247,2024-01-18,PH-BYZ,KLM,B737-800,10.3,EHEH,EGCC,AOG,21,MPD,AC-PCK-R,Air Conditioning Pack Right,Air Conditioning,7,28166,12775,414,454,1,Yes,Wyciek wymiennika,Minor,1,Repaired,11.8,5678,6606
EVT-00248,2022-09-15,PH-BPX,KLM,B737-800,4.7,EHEH,EGGW,Daily Inspection,24,MPD,EL-WIR-FW,Wiring Harness FWD,Electrical,8,13101,10167,1185,442,1,No,,,0,Inspected OK,0.6,396,18344
EVT-00249,2023-12-21,PH-BDB,KLM,B737-800,13.7,EHAM,EGKK,AOG,27,AD/SB,FC-FLP-L,Flap Track Left,Flight Controls,9,37383,26688,246,30,2,Yes,Korozja szczelinowa,Minor,1,Repaired,3.0,2958,8422
EVT-00250,2026-01-17,PH-BPX,KLM,B737-800,4.1,EHRD,EGKK,Unscheduled,57,MPD,WG-SPR-R,Wing Spar Right,Structure,9,9674,7958,1502,30,4,Yes,Pęknięcie zmęczeniowe,Moderate,2,Replaced,17.7,9927,27146
EVT-00251,2023-01-27,OO-JVB,TUI fly,B737-800,2.7,EHEH,EGGW,Daily Inspection,24,MPD,EL-BAT,Main Battery,Electrical,6,6958,4592,529,825,1,Yes,Spadek pojemności,Minor,1,Inspected OK,0.8,214,3581
EVT-00252,2020-12-11,EI-DGY,Ryanair,B737-800,14.9,EHRD,EGKK,Unscheduled,25,ALI,EQ-SLI-1,Escape Slide #1,Equipment,4,41950,25843,121,584,2,Yes,Korozja butli CO2,Moderate,2,Replaced,34.0,52696,8629
EVT-00253,2019-05-22,PH-BMX,KLM,B737-800,10.0,EHEH,EGLL,A-Check,57,STC,WG-SPR-L,Wing Spar Left,Structure,9,32741,16462,240,254,2,No,,,0,Inspected OK,0.7,116,43381
EVT-00254,2019-06-02,PH-BMX,KLM,B737-800,12.2,EHAM,EGLL,Daily Inspection,32,CMR,LG-BRK-L,Brake Assembly Left,Landing Gear,8,36428,19858,2534,452,1,Yes,Korozja siłowników,Minor,1,Cleaned,4.4,206,1561
EVT-00255,2026-02-01,LN-NIR,Norwegian,B737-800,3.7,EHAM,EGLL,A-Check,53,STC,FS-CRG,Cargo Door,Structure,8,11294,6458,492,474,1,Yes,Korozja wokół zamków,Moderate,2,Replaced,14.7,8748,30571
EVT-00256,2024-08-20,EI-DKD,Ryanair,B737-800,9.8,EHRD,EGLL,Unscheduled,21,ALI,AC-PCK-R,Air Conditioning Pack Right,Air Conditioning,7,23817,19717,221,1940,3,Yes,Korozja wewnętrzna,Minor,1,Repaired,19.7,4900,5677
EVT-00257,2022-08-06,OO-JBV,TUI fly,B737-800,4.2,EHRD,EGKK,A-Check,28,AD/SB,FU-PMP-1,Fuel Boost Pump #1,Fuel System,6,11226,6281,720,45,2,Yes,Zużycie wirnika,Minor,1,Repaired,15.9,1964,4234
EVT-00258,2023-04-09,PH-BMX,KLM,B737-800,5.9,EHRD,EGCC,C-Check,72,CMR,EN-FAN-1,Engine #1 Fan Blades,Powerplant,6,16553,13871,227,614,1,No,,,0,Inspected OK,2.5,397,14671
EVT-00259,2023-08-04,LN-NAQ,Norwegian,B737-800,8.0,EHEH,EGGW,Daily Inspection,36,CMR,PN-DUC-L,Bleed Air Duct Left,Pneumatic,6,21648,15198,50,264,2,Yes,Korozja gorąca,Major,3,Replaced,35.1,59664,4752
EVT-00260,2023-11-07,EI-DWF,Ryanair,B737-800,12.7,EHEH,EGKK,Line Maintenance,53,STC,FS-SKN-AF,Fuselage Skin Aft,Structure,8,31429,23641,50,393,1,Yes,Pęknięcie wokół nita,Minor,1,Repaired,7.9,3664,30209
EVT-00261,2019-05-22,LN-NAQ,Norwegian,B737-800,5.8,EHRD,EGSS,C-Check,32,STC,LG-TIR-N,Nose Tire,Landing Gear,2,13901,8695,1122,1503,4,No,,,0,Inspected OK,2.8,158,0
EVT-00262,2020-09-09,PH-BZZ,KLM,B737-800,12.2,EHAM,EGSS,A-Check,57,CMR,WG-SPR-L,Wing Spar Left,Structure,9,37426,23223,199,30,0,Yes,Korozja w mokowaniu,Minor,1,Inspected OK,1.1,440,38190
EVT-00263,2020-04-07,PH-BZZ,KLM,B737-800,5.8,EHEH,EGCC,C-Check,28,STC,FU-TNK-L,Fuel Tank Wing Left,Fuel System,9,13559,13895,694,436,2,Yes,Korozja wżerowa,Moderate,2,Repaired,16.3,4229,8550
EVT-00264,2024-08-01,LN-NDS,Norwegian,B737-800,12.3,EHEH,EGSS,Unscheduled,32,CMR,LG-BRK-L,Brake Assembly Left,Landing Gear,8,37840,18907,715,123,2,Yes,Wyciek płynu hamulcowego,Minor,1,Repaired,4.2,1296,1615
EVT-00265,2024-02-14,EI-DKD,Ryanair,B737-800,14.6,EHAM,EGKK,Unscheduled,21,STC,AC-PCK-L,Air Conditioning Pack Left,Air Conditioning,7,40928,30330,421,999,4,Yes,Kondensat,Moderate,2,Repaired,10.2,1070,2179
EVT-00266,2019-07-22,EI-DWF,Ryanair,B737-800,2.6,EHEH,EGGW,Daily Inspection,32,CMR,LG-BRK-R,Brake Assembly Right,Landing Gear,8,7529,5165,50,323,1,No,,,0,Inspected OK,3.9,151,2619
EVT-00267,2022-06-28,PH-BDT,KLM,B737-800,5.4,EHRD,EGCC,Line Maintenance,32,CMR,LG-MLG-L,Main Landing Gear Left,Landing Gear,10,13358,8794,209,30,3,Yes,Pęknięcie strukturalne,Moderate,2,Repaired,10.2,2981,8820
EVT-00268,2020-08-28,PH-BUK,KLM,B737-800,4.0,EHRD,EGLL,Daily Inspection,30,CMR,IR-PIT,Pitot Tube Heater,Ice Protection,9,11755,8794,1357,120,5,No,,,0,Inspected OK,2.6,347,2881
EVT-00269,2024-02-23,EI-DMY,Ryanair,B737-800,14.2,EHEH,EGGW,Daily Inspection,27,CMR,FC-FLP-R,Flap Track Right,Flight Controls,9,40123,24110,988,109,3,Yes,Zużycie rolek,Minor,1,Cleaned,2.5,1100,7465
EVT-00270,2024-08-17,OO-JBB,TUI fly,B737-800,11.1,EHAM,EGLL,Daily Inspection,32,MPD,LG-MLG-L,Main Landing Gear Left,Landing Gear,10,26074,20024,576,426,5,Yes,Korozja wżerowa,Minor,1,Inspected OK,3.7,362,6362
EVT-00271,2023-08-27,EI-DGC,Ryanair,B737-800,8.7,EHAM,EGGW,Unscheduled,32,AD/SB,LG-BRK-R,Brake Assembly Right,Landing Gear,8,26098,17446,256,987,1,Yes,Korozja siłowników,Moderate,2,Replaced,31.3,47155,1220
EVT-00272,2020-04-07,EI-DDM,Ryanair,B737-800,7.6,EHRD,EGLL,Unscheduled,32,AD/SB,LG-TIR-N,Nose Tire,Landing Gear,2,23055,14429,383,106,3,Yes,Zużycie bieżnika,Minor,1,Repaired,17.3,882,350
EVT-00273,2023-04-07,PH-BDZ,KLM,B737-800,11.1,EHAM,EGCC,Daily Inspection,28,AD/SB,FU-TNK-L,Fuel Tank Wing Left,Fuel System,9,26025,20099,976,1019,2,Yes,Wyciek paliwa,Minor,1,Inspected OK,3.5,130,9132
EVT-00274,2020-07-07,OO-JVN,TUI fly,B737-800,10.7,EHEH,EGLL,Daily Inspection,72,STC,EN-HPC-1,Engine #1 HP Compressor,Powerplant,7,30088,20981,404,84,2,Yes,Zużycie łopatek,Moderate,2,Replaced,17.3,70356,7440
EVT-00275,2021-08-25,EI-DWF,Ryanair,B737-800,12.6,EHEH,EGKK,Daily Inspection,72,MPD,EN-HPC-1,Engine #1 HP Compressor,Powerplant,7,39286,25883,230,588,3,Yes,Zużycie łopatek,Major,3,Replaced,25.6,26572,3409
EVT-00276,2024-03-31,LN-NAQ,Norwegian,B737-800,4.4,EHEH,EGGW,Line Maintenance,28,ALI,FU-PMP-1,Fuel Boost Pump #1,Fuel System,6,12509,7227,776,243,2,No,,,0,Inspected OK,3.2,178,4545
EVT-00277,2021-03-14,LN-NIR,Norwegian,B737-800,7.5,EHEH,EGKK,Line Maintenance,32,STC,LG-NLG,Nose Landing Gear,Landing Gear,9,25080,13017,323,34,4,Yes,Wyciek hydrauliczny,Moderate,2,Repaired,15.8,1529,8000
EVT-00278,2019-04-24,LN-NKW,Norwegian,B737-800,12.9,EHAM,EGGW,AOG,32,ALI,LG-NLG,Nose Landing Gear,Landing Gear,9,30988,21401,452,2358,0,Yes,Zużycie amortyzatora,Critical,4,Replaced,24.6,18452,3196
EVT-00279,2023-07-03,PH-BDZ,KLM,B737-800,8.4,EHRD,EGGW,C-Check,24,MPD,EL-GEN-1,Generator #1,Electrical,5,27334,14671,975,329,2,No,,,0,Inspected OK,1.4,179,6929
EVT-00280,2025-03-17,LN-NKW,Norwegian,B737-800,11.9,EHAM,EGGW,AOG,30,CMR,IR-WAI-L,Wing Anti-Ice Valve Left,Ice Protection,8,28144,23226,740,48,0,Yes,Korozja wewnętrzna,Minor,1,Repaired,19.2,2940,4288
EVT-00281,2019-07-13,PH-BYZ,KLM,B737-800,9.4,EHAM,EGGW,AOG,21,AD/SB,AC-PCK-R,Air Conditioning Pack Right,Air Conditioning,7,26876,15950,781,627,1,Yes,Kondensat,Major,3,Replaced,27.5,28468,4115
EVT-00282,2018-11-24,EI-DLY,Ryanair,B737-800,12.8,EHRD,EGLL,Line Maintenance,72,STC,EN-FAN-1,Engine #1 Fan Blades,Powerplant,6,39732,26417,1608,1759,0,No,,,0,Inspected OK,1.0,475,11742
EVT-00283,2026-03-30,LN-NDS,Norwegian,B737-800,13.2,EHEH,EGCC,Unscheduled,53,ALI,FS-DOR-PX,Pax Door Frame,Structure,7,39143,26203,181,531,3,Yes,Korozja szczelinowa uszczelek,Minor,1,Inspected OK,2.1,480,20415
EVT-00284,2026-03-22,LN-NLP,Norwegian,B737-800,10.0,EHAM,EGLL,AOG,25,STC,EQ-SLI-1,Escape Slide #1,Equipment,4,29542,21810,167,669,1,No,,,0,Inspected OK,0.5,245,16654
EVT-00285,2018-06-30,EI-DVJ,Ryanair,B737-800,9.0,EHRD,EGSS,Unscheduled,21,MPD,AC-PCK-L,Air Conditioning Pack Left,Air Conditioning,7,25808,16268,1967,341,1,Yes,Kondensat,Minor,1,Inspected OK,2.7,158,6366
EVT-00286,2019-05-18,EI-DNJ,Ryanair,B737-800,14.9,EHAM,EGKK,C-Check,32,AD/SB,LG-NLG,Nose Landing Gear,Landing Gear,9,47895,26436,177,1259,1,No,,,0,Inspected OK,1.4,146,13793
EVT-00287,2026-01-20,OO-JVB,TUI fly,B737-800,13.0,EHEH,EGGW,Line Maintenance,53,CMR,FS-SKN-FW,Fuselage Skin Forward,Structure,8,32826,21996,51,368,3,Yes,Korozja pod powłoką,Moderate,2,Replaced,37.8,45819,16726
EVT-00288,2025-11-02,EI-DMY,Ryanair,B737-800,13.4,EHRD,EGGW,Daily Inspection,27,ALI,FC-FLP-L,Flap Track Left,Flight Controls,9,39417,27075,1086,803,1,Yes,Korozja galwaniczna,Moderate,2,Replaced,19.9,74057,6631
EVT-00289,2021-01-30,EI-DNJ,Ryanair,B737-800,11.5,EHEH,EGGW,C-Check,27,CMR,FC-AIL-L,Aileron Left,Flight Controls,7,35901,28646,250,275,4,Yes,Zużycie łożysk,Moderate,2,Repaired,10.3,3986,2966
EVT-00290,2021-07-16,PH-BKH,KLM,B737-800,6.2,EHRD,EGLL,A-Check,28,MPD,FU-TNK-L,Fuel Tank Wing Left,Fuel System,9,15467,12614,52,1044,1,Yes,Wyciek paliwa,Moderate,2,Replaced,8.7,27578,9683
EVT-00291,2023-09-23,PH-BPX,KLM,B737-800,3.6,EHRD,EGGW,A-Check,25,CMR,EQ-SLI-1,Escape Slide #1,Equipment,4,9334,6843,540,1571,0,No,,,0,Inspected OK,2.8,167,19958
EVT-00292,2024-03-03,PH-BPX,KLM,B737-800,13.5,EHRD,EGLL,Daily Inspection,32,AD/SB,LG-TIR-M,Main Tire,Landing Gear,2,43646,24708,58,123,4,Yes,Uszkodzenie boku,Minor,1,Repaired,7.9,3030,51
EVT-00293,2024-01-04,PH-BMX,KLM,B737-800,6.0,EHAM,EGGW,Unscheduled,27,MPD,FC-ELV-L,Elevator Left,Flight Controls,6,16979,8910,613,264,3,No,,,0,Inspected OK,2.3,473,7803
EVT-00294,2020-11-03,EI-DUN,Ryanair,B737-800,8.2,EHAM,EGLL,Unscheduled,32,STC,LG-MLG-L,Main Landing Gear Left,Landing Gear,10,19606,17762,559,129,6,Yes,Korozja naprężeniowa,Moderate,2,Replaced,13.1,55523,4440
EVT-00295,2023-01-16,PH-BRO,KLM,B737-800,3.7,EHAM,EGCC,Daily Inspection,32,STC,LG-MLG-R,Main Landing Gear Right,Landing Gear,10,10976,6180,208,75,1,Yes,Korozja wżerowa,Minor,1,Cleaned,3.6,325,15089
EVT-00296,2019-05-20,EI-DGY,Ryanair,B737-800,12.6,EHEH,EGKK,A-Check,32,ALI,LG-NLG,Nose Landing Gear,Landing Gear,9,38751,21704,89,150,2,No,,,0,Inspected OK,0.7,225,14169
EVT-00297,2020-04-17,EI-DWF,Ryanair,B737-800,10.5,EHRD,EGSS,Unscheduled,30,CMR,IR-WAI-L,Wing Anti-Ice Valve Left,Ice Protection,8,27078,18116,2572,574,2,Yes,Zakleszczenie zaworu,Moderate,2,Repaired,14.9,2036,2639
EVT-00298,2023-07-29,PH-BPX,KLM,B737-800,3.8,EHRD,EGKK,C-Check,28,STC,FU-TNK-L,Fuel Tank Wing Left,Fuel System,9,11084,4716,1635,598,1,Yes,Wyciek paliwa,Minor,1,Repaired,13.3,1643,12306
EVT-00299,2018-09-30,EI-DGY,Ryanair,B737-800,9.8,EHEH,EGCC,C-Check,27,ALI,FC-FLP-R,Flap Track Right,Flight Controls,9,24807,17620,942,138,2,Yes,Zużycie rolek,Moderate,2,Repaired,3.3,6507,7143
EVT-00300,2023-08-21,PH-BPX,KLM,B737-800,11.7,EHRD,EGGW,A-Check,36,AD/SB,PN-DUC-L,Bleed Air Duct Left,Pneumatic,6,33671,22096,658,594,2,Yes,Korozja gorąca,Moderate,2,Repaired,15.3,4656,5139
EVT-00301,2021-07-09,PH-BRO,KLM,B737-800,2.9,EHAM,EGCC,Daily Inspection,24,AD/SB,EL-GEN-1,Generator #1,Electrical,5,8443,5792,1482,398,2,No,,,0,Inspected OK,3.6,259,7657
EVT-00302,2023-09-18,PH-BMX,KLM,B737-800,6.8,EHAM,EGSS,A-Check,57,MPD,WG-SPR-L,Wing Spar Left,Structure,9,18432,12606,1301,1392,1,Yes,Pęknięcie zmęczeniowe,Critical,4,Overhauled,90.2,24355,15391
EVT-00303,2021-10-30,LN-NKW,Norwegian,B737-800,14.0,EHRD,EGSS,Daily Inspection,28,ALI,FU-PMP-2,Fuel Boost Pump #2,Fuel System,6,41283,26754,55,627,0,No,,,0,Inspected OK,2.0,498,4901
EVT-00304,2024-12-11,LN-NLP,Norwegian,B737-800,7.2,EHAM,EGSS,C-Check,57,AD/SB,WG-LEA-L,Wing Leading Edge Left,Structure,7,19097,10302,198,258,1,Yes,Erozja powłok,Minor,1,Repaired,9.3,4142,9559
EVT-00305,2024-11-24,PH-BDB,KLM,B737-800,9.6,EHEH,EGLL,Daily Inspection,21,CMR,AC-PCK-L,Air Conditioning Pack Left,Air Conditioning,7,29463,21299,986,30,2,No,,,0,Inspected OK,0.7,394,7211
EVT-00306,2025-03-25,PH-BPX,KLM,B737-800,3.1,EHRD,EGKK,A-Check,28,MPD,FU-PMP-1,Fuel Boost Pump #1,Fuel System,6,10087,6972,1114,974,1,Yes,Korozja styków elektrycznych,Moderate,2,Repaired,14.4,5267,3721
EVT-00307,2024-01-26,PH-BMX,KLM,B737-800,4.1,EHEH,EGSS,Unscheduled,32,STC,LG-NLG,Nose Landing Gear,Landing Gear,9,10593,8332,173,1326,6,No,,,0,Inspected OK,2.2,372,14110
EVT-00308,2021-07-21,OO-JVB,TUI fly,B737-800,11.7,EHEH,EGLL,A-Check,32,STC,LG-BRK-R,Brake Assembly Right,Landing Gear,8,34156,19750,301,165,1,No,,,0,Inspected OK,3.7,278,2102
EVT-00309,2020-07-23,PH-BDB,KLM,B737-800,2.8,EHEH,EGLL,Line Maintenance,72,CMR,EN-FAN-1,Engine #1 Fan Blades,Powerplant,6,7077,6383,1380,646,3,No,,,0,Inspected OK,1.6,171,14101
EVT-00310,2021-11-14,OO-JBB,TUI fly,B737-800,8.5,EHEH,EGLL,C-Check,24,ALI,EL-BAT,Main Battery,Electrical,6,25210,17419,197,542,3,Yes,Korozja zacisków,Minor,1,Cleaned,4.8,362,2470
EVT-00311,2020-11-19,EI-DUN,Ryanair,B737-800,13.2,EHAM,EGLL,AOG,27,CMR,FC-AIL-L,Aileron Left,Flight Controls,7,37991,23301,367,339,0,Yes,Pęknięcie zmęczeniowe,Minor,1,Cleaned,3.8,154,5400
EVT-00312,2018-12-26,PH-BMX,KLM,B737-800,7.4,EHAM,EGSS,Unscheduled,28,MPD,FU-TNK-R,Fuel Tank Wing Right,Fuel System,9,21811,11774,1825,1314,5,Yes,Korozja wżerowa,Major,3,Replaced,26.5,10044,2704
EVT-00313,2025-05-08,EI-DMY,Ryanair,B737-800,8.7,EHRD,EGCC,Daily Inspection,32,MPD,LG-TIR-N,Nose Tire,Landing Gear,2,27391,14765,1314,1171,2,Yes,Uszkodzenie boku,Minor,1,Repaired,3.4,3395,0
EVT-00314,2025-08-23,PH-BPX,KLM,B737-800,6.8,EHRD,EGCC,AOG,21,CMR,AC-PCK-R,Air Conditioning Pack Right,Air Conditioning,7,18542,13487,300,637,1,Yes,Korozja wewnętrzna,Moderate,2,Repaired,16.0,5290,6268
EVT-00315,2024-10-18,PH-BUK,KLM,B737-800,11.9,EHEH,EGCC,Unscheduled,32,MPD,LG-TIR-M,Main Tire,Landing Gear,2,34700,25855,662,587,5,Yes,Zużycie bieżnika,Major,3,Replaced,15.3,49763,0
EVT-00316,2020-08-01,LN-NDS,Norwegian,B737-800,10.5,EHEH,EGCC,A-Check,53,AD/SB,FS-SKN-AF,Fuselage Skin Aft,Structure,8,34226,20915,190,3259,5,No,,,0,Inspected OK,2.1,353,26572
EVT-00317,2023-12-24,EI-DKD,Ryanair,B737-800,8.4,EHAM,EGKK,AOG,24,CMR,EL-WIR-FW,Wiring Harness FWD,Electrical,8,20851,19071,2273,109,4,Yes,Korozja styków elektrycznych,Moderate,2,Repaired,13.2,2091,7289
EVT-00318,2018-12-21,PH-BDZ,KLM,B737-800,3.1,EHAM,EGSS,AOG,53,MPD,FS-CRG,Cargo Door,Structure,8,7729,5581,881,1089,1,Yes,Korozja zawiasów,Moderate,2,Replaced,32.9,50727,31211
EVT-00319,2018-11-22,EI-DWF,Ryanair,B737-800,5.1,EHEH,EGCC,Daily Inspection,72,CMR,EN-FAN-1,Engine #1 Fan Blades,Powerplant,6,15575,10327,1298,1945,2,Yes,FOD damage,Major,3,Replaced,16.9,74098,7000
EVT-00320,2025-04-03,PH-BZZ,KLM,B737-800,14.3,EHRD,EGGW,Daily Inspection,29,CMR,HY-RES-A,Hydraulic Reservoir A,Hydraulic,5,35102,33445,350,32,0,Yes,Wyciek,Minor,1,Cleaned,3.1,218,8322
EVT-00321,2024-03-25,LN-NIR,Norwegian,B737-800,14.5,EHAM,EGKK,Unscheduled,32,STC,LG-MLG-R,Main Landing Gear Right,Landing Gear,10,44652,28497,1715,645,3,Yes,Korozja wżerowa,Minor,1,Cleaned,5.0,1496,6740
EVT-00322,2024-11-05,OO-JVN,TUI fly,B737-800,12.9,EHRD,EGSS,A-Check,36,STC,PN-DUC-L,Bleed Air Duct Left,Pneumatic,6,39974,25440,500,1127,0,Yes,Korozja gorąca,Moderate,2,Replaced,18.7,10026,6292
EVT-00323,2021-07-26,OO-JVB,TUI fly,B737-800,14.4,EHEH,EGSS,C-Check,28,MPD,FU-PMP-2,Fuel Boost Pump #2,Fuel System,6,39430,24672,58,142,1,No,,,0,Inspected OK,1.1,116,4190
EVT-00324,2019-05-12,EI-DGY,Ryanair,B737-800,12.3,EHAM,EGKK,Line Maintenance,72,STC,EN-HPC-1,Engine #1 HP Compressor,Powerplant,7,33388,23180,260,960,1,Yes,Korozja gorąca,Major,3,Overhauled,38.6,13446,5422
EVT-00325,2024-08-29,EI-DGY,Ryanair,B737-800,9.6,EHAM,EGGW,C-Check,25,MPD,EQ-SLI-1,Escape Slide #1,Equipment,4,24662,15129,896,38,2,Yes,Degradacja gumy,Minor,1,Cleaned,1.8,215,13192
EVT-00326,2022-08-01,EI-DKD,Ryanair,B737-800,14.2,EHRD,EGGW,A-Check,53,CMR,FS-SKN-AF,Fuselage Skin Aft,Structure,8,38140,20170,663,977,1,Yes,Pęknięcie wokół nita,Minor,1,Inspected OK,2.3,114,28158
EVT-00327,2026-04-17,PH-BPX,KLM,B737-800,4.8,EHAM,EGSS,AOG,72,ALI,EN-FAN-1,Engine #1 Fan Blades,Powerplant,6,11386,10057,535,51,2,Yes,FOD damage,Minor,1,Cleaned,3.3,1115,12533
EVT-00328,2020-07-25,OO-JHF,TUI fly,B737-800,8.5,EHRD,EGLL,A-Check,28,STC,FU-PMP-1,Fuel Boost Pump #1,Fuel System,6,22179,20044,1200,1189,4,No,,,0,Inspected OK,1.8,137,3687
EVT-00329,2022-07-08,EI-DKD,Ryanair,B737-800,4.6,EHEH,EGKK,Unscheduled,57,ALI,WG-SPR-L,Wing Spar Left,Structure,9,15229,8654,542,396,3,No,,,0,Inspected OK,3.2,106,47577
EVT-00330,2025-05-12,OO-JHF,TUI fly,B737-800,11.3,EHEH,EGCC,Line Maintenance,27,STC,FC-AIL-R,Aileron Right,Flight Controls,7,24981,22210,692,403,2,Yes,Pęknięcie zmęczeniowe,Minor,1,Inspected OK,1.8,347,4517
EVT-00331,2019-06-16,EI-DDM,Ryanair,B737-800,9.8,EHEH,EGCC,AOG,32,AD/SB,LG-TIR-N,Nose Tire,Landing Gear,2,28077,15931,163,195,1,Yes,Uszkodzenie boku,Minor,1,Repaired,18.8,7783,38
EVT-00332,2026-04-30,PH-BDZ,KLM,B737-800,10.5,EHEH,EGGW,Daily Inspection,32,AD/SB,LG-BRK-R,Brake Assembly Right,Landing Gear,8,32025,17049,375,958,1,Yes,Wyciek płynu hamulcowego,Minor,1,Cleaned,3.8,1283,1407
EVT-00333,2022-04-24,PH-BKH,KLM,B737-800,6.1,EHRD,EGSS,A-Check,32,STC,LG-TIR-N,Nose Tire,Landing Gear,2,16107,12327,893,149,2,No,,,0,Inspected OK,2.7,387,287
EVT-00334,2024-07-01,PH-BKH,KLM,B737-800,9.3,EHRD,EGLL,A-Check,30,MPD,IR-WAI-L,Wing Anti-Ice Valve Left,Ice Protection,8,27086,17340,346,59,2,Yes,Korozja wewnętrzna,Moderate,2,Repaired,8.0,2294,2900
EVT-00335,2021-03-31,LN-NDS,Norwegian,B737-800,2.3,EHAM,EGCC,Unscheduled,28,AD/SB,FU-TNK-R,Fuel Tank Wing Right,Fuel System,9,6641,4262,504,376,1,Yes,Korozja wżerowa,Major,3,Replaced,27.1,79966,8064
EVT-00336,2025-05-24,EI-DDM,Ryanair,B737-800,3.9,EHAM,EGLL,AOG,53,STC,FS-SKN-FW,Fuselage Skin Forward,Structure,8,10335,6896,1406,112,0,No,,,0,Inspected OK,1.2,203,52285
EVT-00337,2021-03-10,EI-DVJ,Ryanair,B737-800,14.2,EHAM,EGKK,Unscheduled,27,CMR,FC-FLP-L,Flap Track Left,Flight Controls,9,50026,27766,1931,427,1,Yes,Korozja szczelinowa,Minor,1,Repaired,10.4,6842,9324
EVT-00338,2025-07-01,EI-DDM,Ryanair,B737-800,6.1,EHEH,EGSS,Daily Inspection,25,AD/SB,EQ-SLI-1,Escape Slide #1,Equipment,4,16142,9221,50,773,0,No,,,0,Inspected OK,2.6,176,19359
EVT-00339,2025-09-03,EI-DDM,Ryanair,B737-800,6.0,EHEH,EGSS,Line Maintenance,30,ALI,IR-PIT,Pitot Tube Heater,Ice Protection,9,16050,9704,1293,298,1,Yes,Korozja styków,Minor,1,Cleaned,4.4,892,3140
EVT-00340,2018-10-10,EI-DNJ,Ryanair,B737-800,6.1,EHEH,EGKK,Unscheduled,27,ALI,FC-RUD,Rudder,Flight Controls,6,18466,11322,54,30,3,No,,,0,Inspected OK,1.7,63,9076
EVT-00341,2025-08-26,OO-JBB,TUI fly,B737-800,6.3,EHAM,EGCC,Line Maintenance,32,MPD,LG-MLG-L,Main Landing Gear Left,Landing Gear,10,17813,12367,2164,185,2,Yes,Korozja wżerowa,Critical,4,Replaced,16.9,26121,3484
EVT-00342,2019-04-01,LN-NIR,Norwegian,B737-800,11.0,EHRD,EGGW,Unscheduled,28,CMR,FU-PMP-2,Fuel Boost Pump #2,Fuel System,6,32560,23625,779,2769,1,Yes,Zużycie wirnika,Moderate,2,Repaired,4.3,3988,3072
EVT-00343,2023-04-04,PH-BDB,KLM,B737-800,13.5,EHEH,EGKK,C-Check,32,CMR,LG-BRK-R,Brake Assembly Right,Landing Gear,8,34478,21426,1439,1644,1,Yes,Korozja siłowników,Minor,1,Repaired,19.5,4016,584
EVT-00344,2026-01-16,LN-NDS,Norwegian,B737-800,2.3,EHRD,EGKK,Unscheduled,27,MPD,FC-FLP-L,Flap Track Left,Flight Controls,9,6645,3421,509,650,6,Yes,Korozja szczelinowa,Minor,1,Cleaned,1.0,397,10195
EVT-00345,2024-08-23,LN-NLP,Norwegian,B737-800,9.7,EHEH,EGKK,AOG,21,CMR,AC-PCK-R,Air Conditioning Pack Right,Air Conditioning,7,24398,22667,411,1295,4,Yes,Korozja wewnętrzna,Moderate,2,Replaced,18.9,37246,3545
EVT-00346,2024-06-28,LN-NLP,Norwegian,B737-800,6.3,EHRD,EGSS,Unscheduled,32,ALI,LG-BRK-R,Brake Assembly Right,Landing Gear,8,16708,12331,271,407,2,No,,,0,Inspected OK,1.1,102,2578
EVT-00347,2021-12-18,PH-BKH,KLM,B737-800,5.9,EHAM,EGLL,Daily Inspection,28,MPD,FU-PMP-2,Fuel Boost Pump #2,Fuel System,6,18133,11365,337,792,6,Yes,Korozja styków elektrycznych,Moderate,2,Replaced,11.3,48264,2558
EVT-00348,2026-04-11,PH-BDB,KLM,B737-800,12.7,EHAM,EGKK,Unscheduled,72,STC,EN-FAN-1,Engine #1 Fan Blades,Powerplant,6,37489,20865,3152,145,0,Yes,FOD damage,Minor,1,Cleaned,4.0,1134,11307
EVT-00349,2022-01-08,EI-DLY,Ryanair,B737-800,3.5,EHRD,EGGW,Unscheduled,27,STC,FC-FLP-R,Flap Track Right,Flight Controls,9,9875,6464,607,65,1,No,,,0,Inspected OK,3.4,492,17060
EVT-00350,2021-01-27,LN-NIR,Norwegian,B737-800,7.0,EHAM,EGCC,Line Maintenance,27,CMR,FC-FLP-R,Flap Track Right,Flight Controls,9,19273,9961,50,32,2,Yes,Zużycie rolek,Minor,1,Repaired,13.4,2620,11507
EVT-00351,2021-06-03,EI-DUN,Ryanair,B737-800,5.5,EHEH,EGGW,AOG,28,AD/SB,FU-PMP-2,Fuel Boost Pump #2,Fuel System,6,12321,11864,1387,1031,2,Yes,Zużycie wirnika,Minor,1,Repaired,6.6,1409,3509
EVT-00352,2023-01-14,OO-JHF,TUI fly,B737-800,7.0,EHEH,EGKK,Line Maintenance,21,STC,AC-PCK-R,Air Conditioning Pack Right,Air Conditioning,7,21780,10641,1470,150,3,Yes,Kondensat,Moderate,2,Replaced,22.7,27746,3860
EVT-00353,2019-11-22,OO-JBB,TUI fly,B737-800,11.3,EHEH,EGKK,A-Check,27,CMR,FC-FLP-R,Flap Track Right,Flight Controls,9,32285,22739,606,30,2,Yes,Korozja galwaniczna,Major,3,Replaced,26.0,58606,4389
EVT-00354,2023-03-12,PH-BKH,KLM,B737-800,12.5,EHRD,EGKK,Unscheduled,32,AD/SB,LG-TIR-N,Nose Tire,Landing Gear,2,35199,23328,98,569,2,Yes,Uszkodzenie boku,Minor,1,Inspected OK,1.7,297,0
EVT-00355,2024-01-05,PH-BPX,KLM,B737-800,13.8,EHAM,EGLL,Line Maintenance,36,ALI,PN-DUC-L,Bleed Air Duct Left,Pneumatic,6,43438,25059,1348,567,1,No,,,0,Inspected OK,1.9,354,8000
EVT-00356,2021-12-22,PH-BDZ,KLM,B737-800,13.1,EHAM,EGGW,C-Check,57,AD/SB,WG-SPR-R,Wing Spar Right,Structure,9,33599,23070,402,120,1,Yes,Korozja warstwowa,Moderate,2,Replaced,9.3,36438,24441
EVT-00357,2019-02-22,PH-BDZ,KLM,B737-800,11.9,EHAM,EGSS,A-Check,30,STC,IR-WAI-L,Wing Anti-Ice Valve Left,Ice Protection,8,27913,23566,558,788,5,No,,,0,Inspected OK,3.1,289,3160
EVT-00358,2018-06-08,EI-DWF,Ryanair,B737-800,7.3,EHAM,EGKK,Daily Inspection,21,CMR,AC-PCK-L,Air Conditioning Pack Left,Air Conditioning,7,24168,12532,1051,1043,1,Yes,Korozja wewnętrzna,Moderate,2,Replaced,25.3,68349,5910
EVT-00359,2023-10-13,EI-DNJ,Ryanair,B737-800,10.9,EHAM,EGLL,Unscheduled,32,CMR,LG-BRK-L,Brake Assembly Left,Landing Gear,8,24087,17665,1972,173,3,Yes,Korozja siłowników,Major,3,Replaced,9.3,25399,307
EVT-00360,2026-03-23,PH-BZZ,KLM,B737-800,6.4,EHRD,EGCC,Line Maintenance,29,MPD,HY-RES-A,Hydraulic Reservoir A,Hydraulic,5,19378,12008,1042,254,5,No,,,0,Inspected OK,4.0,61,8211
EVT-00361,2019-10-25,EI-DDM,Ryanair,B737-800,14.7,EHEH,EGLL,C-Check,28,CMR,FU-TNK-R,Fuel Tank Wing Right,Fuel System,9,48434,31864,931,76,2,Yes,Korozja wżerowa,Minor,1,Repaired,12.3,3803,7198
EVT-00362,2020-06-09,PH-BDT,KLM,B737-800,8.3,EHAM,EGLL,Daily Inspection,28,ALI,FU-TNK-L,Fuel Tank Wing Left,Fuel System,9,20678,15089,433,849,1,Yes,Korozja wżerowa,Major,3,Replaced,20.6,12518,6114
EVT-00363,2024-09-30,PH-BUK,KLM,B737-800,13.1,EHAM,EGKK,C-Check,57,AD/SB,WG-SPR-R,Wing Spar Right,Structure,9,32228,26017,213,30,2,No,,,0,Inspected OK,3.7,238,38928
EVT-00364,2020-10-27,EI-DNJ,Ryanair,B737-800,7.9,EHEH,EGKK,Daily Inspection,27,STC,FC-ELV-L,Elevator Left,Flight Controls,6,21271,11239,50,525,0,No,,,0,Inspected OK,3.3,187,9865
EVT-00365,2024-04-14,PH-BPX,KLM,B737-800,10.3,EHEH,EGGW,C-Check,72,CMR,EN-HPC-1,Engine #1 HP Compressor,Powerplant,7,29139,18272,405,2185,2,Yes,Korozja gorąca,Minor,1,Repaired,9.4,4759,9560
EVT-00366,2021-05-25,OO-JBB,TUI fly,B737-800,6.5,EHRD,EGLL,Daily Inspection,30,MPD,IR-PIT,Pitot Tube Heater,Ice Protection,9,17678,12188,1428,982,1,No,,,0,Inspected OK,3.4,468,3702
EVT-00367,2019-12-11,OO-JVN,TUI fly,B737-800,13.1,EHEH,EGKK,Daily Inspection,57,CMR,WG-SPR-L,Wing Spar Left,Structure,9,36245,21953,329,1227,0,Yes,Korozja warstwowa,Major,3,Replaced,9.6,41940,18795
EVT-00368,2022-06-08,PH-BMX,KLM,B737-800,12.1,EHAM,EGGW,C-Check,24,AD/SB,EL-BAT,Main Battery,Electrical,6,31066,17145,401,452,1,No,,,0,Inspected OK,3.3,392,3102
EVT-00369,2019-02-06,EI-DNJ,Ryanair,B737-800,5.3,EHRD,EGCC,Line Maintenance,36,CMR,PN-DUC-L,Bleed Air Duct Left,Pneumatic,6,14566,9845,249,268,2,No,,,0,Inspected OK,2.9,137,10245
EVT-00370,2021-03-21,OO-JHF,TUI fly,B737-800,4.8,EHEH,EGCC,AOG,53,ALI,FS-DOR-PX,Pax Door Frame,Structure,7,12841,7539,1737,1356,1,Yes,Pęknięcie ramy,Moderate,2,Repaired,10.0,2531,27399
EVT-00371,2022-09-08,OO-JBB,TUI fly,B737-800,10.9,EHRD,EGCC,Unscheduled,36,STC,PN-DUC-L,Bleed Air Duct Left,Pneumatic,6,33709,22115,894,1043,1,Yes,Wyciek,Critical,4,Replaced,29.5,25298,2839
EVT-00372,2021-09-27,OO-JBB,TUI fly,B737-800,12.0,EHEH,EGGW,Unscheduled,32,STC,LG-TIR-M,Main Tire,Landing Gear,2,38390,25478,1608,205,2,No,,,0,Inspected OK,2.0,198,440
EVT-00373,2020-03-20,EI-DWF,Ryanair,B737-800,10.5,EHRD,EGGW,Line Maintenance,32,CMR,LG-NLG,Nose Landing Gear,Landing Gear,9,33005,20500,180,1634,4,No,,,0,Inspected OK,3.2,163,11876
EVT-00374,2024-11-19,PH-BKH,KLM,B737-800,14.9,EHRD,EGKK,Unscheduled,27,ALI,FC-RUD,Rudder,Flight Controls,6,38693,31663,313,677,4,No,,,0,Inspected OK,1.5,395,6136
EVT-00375,2024-10-04,PH-BDB,KLM,B737-800,6.7,EHAM,EGCC,A-Check,25,CMR,EQ-SLI-1,Escape Slide #1,Equipment,4,20225,10992,212,589,2,Yes,Degradacja gumy,Major,3,Overhauled,88.0,9889,9682
EVT-00376,2025-11-06,LN-NLP,Norwegian,B737-800,11.4,EHEH,EGLL,C-Check,32,STC,LG-NLG,Nose Landing Gear,Landing Gear,9,28541,19246,520,1585,2,Yes,Korozja wżerowa,Major,3,Overhauled,26.5,18860,5149
EVT-00377,2021-12-02,EI-DWF,Ryanair,B737-800,6.0,EHRD,EGCC,Daily Inspection,28,ALI,FU-TNK-R,Fuel Tank Wing Right,Fuel System,9,16936,10990,444,476,1,No,,,0,Inspected OK,0.7,450,14531
EVT-00378,2025-07-26,OO-JBV,TUI fly,B737-800,3.5,EHEH,EGLL,Unscheduled,29,CMR,HY-PMP-A,Hydraulic Pump A,Hydraulic,5,9881,8069,554,43,0,Yes,Zużycie tłoków,Minor,1,Cleaned,4.0,577,6923
EVT-00379,2026-01-23,PH-BRO,KLM,B737-800,2.7,EHAM,EGKK,Daily Inspection,24,CMR,EL-WIR-FW,Wiring Harness FWD,Electrical,8,7420,5651,123,752,2,No,,,0,Inspected OK,2.9,355,18994
EVT-00380,2024-07-17,PH-BMX,KLM,B737-800,6.1,EHAM,EGGW,Daily Inspection,30,AD/SB,IR-WAI-L,Wing Anti-Ice Valve Left,Ice Protection,8,17358,11413,50,190,2,No,,,0,Inspected OK,2.6,57,5804
EVT-00381,2018-06-02,OO-JVN,TUI fly,B737-800,2.1,EHRD,EGLL,C-Check,53,ALI,FS-SKN-FW,Fuselage Skin Forward,Structure,8,5310,4605,875,487,1,Yes,Korozja pod powłoką,Moderate,2,Repaired,4.8,3694,36066
EVT-00382,2025-04-12,LN-NAQ,Norwegian,B737-800,7.2,EHRD,EGLL,A-Check,72,ALI,EN-FAN-1,Engine #1 Fan Blades,Powerplant,6,21556,15266,100,30,2,No,,,0,Inspected OK,0.5,293,14066
EVT-00383,2021-11-25,OO-JBB,TUI fly,B737-800,14.4,EHEH,EGKK,A-Check,32,MPD,LG-TIR-M,Main Tire,Landing Gear,2,42948,37317,71,477,2,No,,,0,Inspected OK,1.6,93,0
EVT-00384,2025-03-28,PH-BPX,KLM,B737-800,4.9,EHRD,EGKK,A-Check,25,CMR,EQ-SLI-1,Escape Slide #1,Equipment,4,13408,11047,1654,3251,3,No,,,0,Inspected OK,1.9,352,15338
EVT-00385,2020-10-11,PH-BDT,KLM,B737-800,4.2,EHRD,EGCC,Line Maintenance,24,ALI,EL-BAT,Main Battery,Electrical,6,10306,9174,114,600,0,No,,,0,Inspected OK,3.0,389,4760
EVT-00386,2020-03-14,EI-DDM,Ryanair,B737-800,7.6,EHAM,EGCC,Line Maintenance,36,STC,PN-DUC-L,Bleed Air Duct Left,Pneumatic,6,22882,14439,1048,579,1,No,,,0,Inspected OK,1.5,249,9985
EVT-00387,2023-08-13,EI-DKD,Ryanair,B737-800,7.2,EHEH,EGSS,C-Check,32,MPD,LG-TIR-M,Main Tire,Landing Gear,2,22417,14309,174,80,1,Yes,Zużycie bieżnika,Minor,1,Cleaned,3.7,220,714
EVT-00388,2022-10-12,EI-DKD,Ryanair,B737-800,12.3,EHEH,EGLL,Unscheduled,53,MPD,FS-CRG,Cargo Door,Structure,8,32070,27000,212,609,1,Yes,Korozja wokół zamków,Moderate,2,Repaired,11.5,5763,21430
EVT-00389,2019-07-13,PH-BDZ,KLM,B737-800,3.5,EHEH,EGKK,C-Check,27,MPD,FC-AIL-R,Aileron Right,Flight Controls,7,8920,5705,760,1369,3,Yes,Korozja wżerowa,Moderate,2,Replaced,14.1,57630,4523
EVT-00390,2024-10-26,OO-JBB,TUI fly,B737-800,3.3,EHEH,EGSS,A-Check,29,STC,HY-LIN-A,Hydraulic Lines System A,Hydraulic,7,11382,4599,1938,30,1,Yes,Rdza wewnętrzna,Minor,1,Cleaned,4.8,1082,10908
EVT-00391,2020-02-27,EI-DLY,Ryanair,B737-800,4.6,EHRD,EGGW,Daily Inspection,32,AD/SB,LG-MLG-R,Main Landing Gear Right,Landing Gear,10,14568,7388,403,846,3,Yes,Korozja wżerowa,Major,3,Overhauled,97.5,23869,5885
EVT-00392,2022-03-18,OO-JVB,TUI fly,B737-800,13.8,EHAM,EGLL,A-Check,27,ALI,FC-RUD,Rudder,Flight Controls,6,34587,25594,564,105,3,Yes,Erozja krawędzi natarcia,Minor,1,Cleaned,3.0,261,5242
EVT-00393,2021-08-04,PH-BDB,KLM,B737-800,12.1,EHRD,EGCC,Daily Inspection,24,CMR,EL-GEN-1,Generator #1,Electrical,5,33105,25893,391,646,2,Yes,Zużycie szczotek,Major,3,Replaced,12.8,40806,3195
EVT-00394,2022-01-23,PH-BDT,KLM,B737-800,4.3,EHRD,EGGW,Unscheduled,27,MPD,FC-ELV-L,Elevator Left,Flight Controls,6,12209,9729,410,247,0,Yes,Pęknięcie zmęczeniowe,Minor,1,Inspected OK,1.9,123,9172
EVT-00395,2022-05-06,EI-DLY,Ryanair,B737-800,13.1,EHEH,EGCC,Unscheduled,32,MPD,LG-MLG-L,Main Landing Gear Left,Landing Gear,10,33377,27105,50,482,3,Yes,Korozja naprężeniowa,Minor,1,Repaired,4.3,4874,7697
EVT-00396,2020-09-25,PH-BRO,KLM,B737-800,3.5,EHEH,EGGW,Line Maintenance,53,AD/SB,FS-CRG,Cargo Door,Structure,8,11260,6471,281,92,1,Yes,Korozja wokół zamków,Minor,1,Repaired,13.1,1380,37995
EVT-00397,2026-05-13,EI-DLY,Ryanair,B737-800,11.4,EHAM,EGLL,Line Maintenance,32,ALI,LG-MLG-R,Main Landing Gear Right,Landing Gear,10,36032,22563,66,388,3,No,,,0,Inspected OK,0.6,232,11584
EVT-00398,2025-10-30,PH-BUK,KLM,B737-800,7.7,EHRD,EGSS,A-Check,72,AD/SB,EN-HPT-1,Engine #1 HP Turbine,Powerplant,5,19680,19699,2198,669,3,No,,,0,Inspected OK,3.9,88,9613
EVT-00399,2021-07-29,OO-JVN,TUI fly,B737-800,13.5,EHAM,EGSS,Unscheduled,72,ALI,EN-HPT-1,Engine #1 HP Turbine,Powerplant,5,35410,28499,113,347,2,Yes,Creep,Minor,1,Repaired,9.5,2357,8127
EVT-00400,2024-05-10,OO-JHF,TUI fly,B737-800,13.4,EHAM,EGGW,Daily Inspection,30,CMR,IR-WAI-L,Wing Anti-Ice Valve Left,Ice Protection,8,38355,23425,1374,1050,3,Yes,Zakleszczenie zaworu,Minor,1,Inspected OK,3.4,334,2716
EVT-00401,2024-03-02,OO-JHF,TUI fly,B737-800,2.7,EHRD,EGKK,A-Check,32,CMR,LG-BRK-L,Brake Assembly Left,Landing Gear,8,7937,6038,427,1901,2,Yes,Zużycie tarcz,Moderate,2,Replaced,13.9,9469,937
EVT-00402,2021-05-11,EI-DNJ,Ryanair,B737-800,14.6,EHRD,EGKK,A-Check,53,CMR,FS-SKN-FW,Fuselage Skin Forward,Structure,8,49356,32851,592,154,1,Yes,Korozja pod powłoką,Moderate,2,Replaced,22.1,17252,20796
EVT-00403,2019-01-01,PH-BYZ,KLM,B737-800,3.1,EHEH,EGLL,A-Check,72,CMR,EN-FAN-2,Engine #2 Fan Blades,Powerplant,6,8199,5465,391,31,2,Yes,FOD damage,Minor,1,Repaired,5.5,4441,13427
EVT-00404,2019-09-24,EI-DDM,Ryanair,B737-800,9.1,EHEH,EGSS,Unscheduled,57,STC,WG-LEA-L,Wing Leading Edge Left,Structure,7,24452,21147,1683,489,1,No,,,0,Inspected OK,0.8,69,10142
EVT-00405,2026-02-24,LN-NKW,Norwegian,B737-800,10.5,EHAM,EGGW,Daily Inspection,24,ALI,EL-BAT,Main Battery,Electrical,6,29952,16441,829,30,3,Yes,Korozja zacisków,Minor,1,Cleaned,1.6,825,2179
EVT-00406,2023-05-05,LN-NIR,Norwegian,B737-800,11.3,EHAM,EGLL,Daily Inspection,38,STC,WW-TNK,Potable Water Tank,Water/Waste,9,31365,19444,3645,691,1,Yes,Korozja wżerowa,Minor,1,Inspected OK,1.8,299,6312
EVT-00407,2021-08-01,OO-JHF,TUI fly,B737-800,8.8,EHAM,EGKK,Line Maintenance,25,AD/SB,EQ-SLI-1,Escape Slide #1,Equipment,4,27685,19769,423,403,1,No,,,0,Inspected OK,0.8,480,16837
EVT-00408,2018-10-28,EI-DWF,Ryanair,B737-800,9.9,EHEH,EGCC,A-Check,57,CMR,WG-LEA-L,Wing Leading Edge Left,Structure,7,26189,22597,303,299,1,Yes,Korozja wżerowa,Minor,1,Cleaned,1.9,1216,8716
EVT-00409,2019-12-10,LN-NDS,Norwegian,B737-800,10.7,EHEH,EGKK,Line Maintenance,27,MPD,FC-RUD,Rudder,Flight Controls,6,31601,25506,515,1533,0,Yes,Erozja krawędzi natarcia,Minor,1,Inspected OK,3.2,496,7666
EVT-00410,2022-07-10,LN-NKW,Norwegian,B737-800,9.2,EHAM,EGSS,C-Check,24,AD/SB,EL-WIR-FW,Wiring Harness FWD,Electrical,8,22138,18636,1420,152,3,Yes,Przetarcie izolacji,Major,3,Overhauled,83.9,22036,5265
EVT-00411,2022-11-12,EI-DKD,Ryanair,B737-800,9.8,EHEH,EGGW,Line Maintenance,32,ALI,LG-MLG-L,Main Landing Gear Left,Landing Gear,10,25811,22537,690,1072,2,No,,,0,Inspected OK,2.0,296,12806
EVT-00412,2022-08-10,PH-BZZ,KLM,B737-800,14.5,EHRD,EGKK,C-Check,28,CMR,FU-PMP-1,Fuel Boost Pump #1,Fuel System,6,42446,29372,4530,87,2,No,,,0,Inspected OK,1.1,477,1230
EVT-00413,2020-03-28,PH-BDZ,KLM,B737-800,11.7,EHAM,EGKK,AOG,36,STC,PN-DUC-L,Bleed Air Duct Left,Pneumatic,6,37562,18811,529,325,2,Yes,Wyciek,Moderate,2,Repaired,12.4,4906,5316
EVT-00414,2023-08-14,PH-BYZ,KLM,B737-800,14.8,EHEH,EGLL,Daily Inspection,53,ALI,FS-DOR-PX,Pax Door Frame,Structure,7,35938,30632,50,262,2,Yes,Korozja szczelinowa uszczelek,Moderate,2,Replaced,30.2,47554,15534
EVT-00415,2024-10-26,PH-BDZ,KLM,B737-800,14.3,EHEH,EGSS,Daily Inspection,72,CMR,EN-HPT-1,Engine #1 HP Turbine,Powerplant,5,42858,30130,753,401,0,No,,,0,Inspected OK,2.6,281,10443
EVT-00416,2023-05-08,PH-BDB,KLM,B737-800,2.3,EHAM,EGCC,Unscheduled,27,STC,FC-AIL-L,Aileron Left,Flight Controls,7,5358,3311,1061,30,2,Yes,Zużycie łożysk,Minor,1,Repaired,11.0,1458,6247
EVT-00417,2025-04-03,EI-DGY,Ryanair,B737-800,12.2,EHAM,EGSS,Unscheduled,32,ALI,LG-BRK-L,Brake Assembly Left,Landing Gear,8,37280,29647,418,442,2,Yes,Wyciek płynu hamulcowego,Minor,1,Repaired,18.1,5098,1491
EVT-00418,2018-06-09,LN-NIR,Norwegian,B737-800,9.3,EHAM,EGGW,Line Maintenance,28,CMR,FU-TNK-R,Fuel Tank Wing Right,Fuel System,9,29037,16978,1108,1465,1,Yes,Wyciek paliwa,Minor,1,Inspected OK,1.4,139,10655
EVT-00419,2019-08-02,EI-DWF,Ryanair,B737-800,2.2,EHRD,EGKK,Unscheduled,53,STC,FS-SKN-FW,Fuselage Skin Forward,Structure,8,5621,3593,647,532,2,Yes,Pęknięcie wokół nita,Major,3,Overhauled,42.7,24813,25178
EVT-00420,2019-03-13,PH-BDB,KLM,B737-800,9.8,EHEH,EGLL,C-Check,30,AD/SB,IR-PIT,Pitot Tube Heater,Ice Protection,9,27716,21895,1282,1619,0,Yes,Korozja styków,Minor,1,Cleaned,1.8,1340,3371
EVT-00421,2020-01-26,LN-NIR,Norwegian,B737-800,2.5,EHRD,EGLL,Daily Inspection,24,CMR,EL-BAT,Main Battery,Electrical,6,8727,3825,870,681,5,Yes,Korozja zacisków,Minor,1,Inspected OK,1.4,149,2521
EVT-00422,2024-10-13,EI-DUN,Ryanair,B737-800,14.1,EHRD,EGSS,AOG,32,STC,LG-BRK-L,Brake Assembly Left,Landing Gear,8,38517,34015,218,851,2,Yes,Wyciek płynu hamulcowego,Moderate,2,Replaced,14.7,78242,789
EVT-00423,2018-10-03,PH-BDB,KLM,B737-800,8.8,EHEH,EGLL,AOG,27,AD/SB,FC-FLP-L,Flap Track Left,Flight Controls,9,26117,17132,289,913,4,No,,,0,Inspected OK,2.5,143,11089
EVT-00424,2022-09-11,PH-BDB,KLM,B737-800,7.2,EHRD,EGCC,C-Check,57,ALI,WG-LEA-L,Wing Leading Edge Left,Structure,7,22092,10119,446,621,2,Yes,Erozja powłok,Moderate,2,Replaced,16.6,19897,6855
EVT-00425,2025-06-30,EI-DGY,Ryanair,B737-800,12.7,EHAM,EGLL,Unscheduled,24,STC,EL-WIR-FW,Wiring Harness FWD,Electrical,8,35976,24370,369,834,3,No,,,0,Inspected OK,0.7,268,12390
EVT-00426,2025-04-26,EI-DKD,Ryanair,B737-800,10.0,EHRD,EGLL,Line Maintenance,72,STC,EN-FAN-2,Engine #2 Fan Blades,Powerplant,6,24529,18269,304,992,5,Yes,Erozja,Moderate,2,Replaced,30.1,75876,5232
EVT-00427,2024-01-11,EI-DMY,Ryanair,B737-800,2.3,EHRD,EGLL,Daily Inspection,21,AD/SB,AC-PCK-L,Air Conditioning Pack Left,Air Conditioning,7,5657,5077,555,622,1,Yes,Korozja wewnętrzna,Moderate,2,Replaced,35.6,15297,7077
EVT-00428,2023-07-30,OO-JVN,TUI fly,B737-800,14.3,EHAM,EGKK,Unscheduled,53,CMR,FS-SKN-FW,Fuselage Skin Forward,Structure,8,37400,26709,868,836,4,Yes,Pęknięcie wokół nita,Moderate,2,Repaired,15.0,6142,11990
EVT-00429,2019-11-08,OO-JBB,TUI fly,B737-800,12.8,EHEH,EGGW,Unscheduled,32,MPD,LG-MLG-L,Main Landing Gear Left,Landing Gear,10,31450,26944,1651,110,0,No,,,0,Inspected OK,3.5,222,14478
EVT-00430,2023-09-24,EI-DMY,Ryanair,B737-800,11.3,EHEH,EGLL,AOG,32,AD/SB,LG-BRK-L,Brake Assembly Left,Landing Gear,8,37764,22427,636,125,3,Yes,Zużycie tarcz,Minor,1,Repaired,17.1,6772,1449
EVT-00431,2023-02-27,PH-BDT,KLM,B737-800,7.9,EHAM,EGSS,A-Check,28,ALI,FU-PMP-2,Fuel Boost Pump #2,Fuel System,6,20714,15631,1460,667,4,Yes,Korozja styków elektrycznych,Minor,1,Inspected OK,0.7,482,2987
EVT-00432,2022-08-23,PH-BDB,KLM,B737-800,2.6,EHRD,EGSS,A-Check,27,STC,FC-FLP-L,Flap Track Left,Flight Controls,9,7106,5632,252,171,3,No,,,0,Inspected OK,1.0,54,15445
EVT-00433,2026-03-31,EI-DMY,Ryanair,B737-800,5.7,EHRD,EGGW,Unscheduled,29,MPD,HY-LIN-A,Hydraulic Lines System A,Hydraulic,7,16685,10886,368,265,2,No,,,0,Inspected OK,2.3,112,12076
EVT-00434,2018-10-11,PH-BMX,KLM,B737-800,4.9,EHEH,EGCC,Unscheduled,72,AD/SB,EN-HPT-1,Engine #1 HP Turbine,Powerplant,5,15260,9573,723,321,2,No,,,0,Inspected OK,3.4,341,11779
EVT-00435,2022-07-22,OO-JBB,TUI fly,B737-800,13.9,EHEH,EGCC,A-Check,29,ALI,HY-LIN-A,Hydraulic Lines System A,Hydraulic,7,33917,18361,237,836,2,No,,,0,Inspected OK,3.7,205,9452
EVT-00436,2022-01-21,PH-BDT,KLM,B737-800,2.5,EHRD,EGKK,Unscheduled,21,STC,AC-PCK-R,Air Conditioning Pack Right,Air Conditioning,7,7015,3869,50,1479,2,Yes,Korozja wewnętrzna,Moderate,2,Repaired,5.0,1286,6451
EVT-00437,2026-05-13,PH-BMX,KLM,B737-800,13.1,EHAM,EGLL,C-Check,28,ALI,FU-TNK-L,Fuel Tank Wing Left,Fuel System,9,37944,25440,450,76,2,Yes,Korozja mikrobiologiczna,Minor,1,Repaired,4.9,1056,8433
EVT-00438,2021-03-27,EI-DGC,Ryanair,B737-800,10.4,EHEH,EGSS,Line Maintenance,27,STC,FC-ELV-L,Elevator Left,Flight Controls,6,31639,19483,1297,250,3,Yes,Korozja wżerowa,Minor,1,Cleaned,5.3,113,5329
EVT-00439,2026-03-12,PH-BMX,KLM,B737-800,10.5,EHRD,EGCC,AOG,53,STC,FS-DOR-PX,Pax Door Frame,Structure,7,28730,23898,3596,396,3,Yes,Korozja szczelinowa uszczelek,Major,3,Replaced,19.1,5523,11641
EVT-00440,2021-01-20,LN-NDS,Norwegian,B737-800,9.4,EHRD,EGKK,A-Check,30,STC,IR-PIT,Pitot Tube Heater,Ice Protection,9,24733,14520,1366,246,1,No,,,0,Inspected OK,1.6,158,3434
EVT-00441,2022-07-05,OO-JBB,TUI fly,B737-800,11.6,EHRD,EGGW,Line Maintenance,28,CMR,FU-PMP-1,Fuel Boost Pump #1,Fuel System,6,33299,18195,275,324,4,Yes,Korozja styków elektrycznych,Minor,1,Inspected OK,1.5,194,2802
EVT-00442,2025-11-22,PH-BPX,KLM,B737-800,9.2,EHAM,EGSS,C-Check,53,STC,FS-DOR-PX,Pax Door Frame,Structure,7,24858,18548,104,604,0,Yes,Korozja szczelinowa uszczelek,Major,3,Overhauled,25.6,46196,19784
EVT-00443,2024-11-10,EI-DLY,Ryanair,B737-800,3.0,EHEH,EGKK,A-Check,25,ALI,EQ-SLI-1,Escape Slide #1,Equipment,4,8836,5349,629,48,3,Yes,Degradacja gumy,Major,3,Replaced,37.9,73190,10306
EVT-00444,2024-07-12,PH-BKH,KLM,B737-800,8.1,EHRD,EGGW,C-Check,28,ALI,FU-PMP-2,Fuel Boost Pump #2,Fuel System,6,22846,14095,272,283,2,No,,,0,Inspected OK,2.9,125,4497
EVT-00445,2026-04-27,OO-JVB,TUI fly,B737-800,8.5,EHEH,EGKK,AOG,29,AD/SB,HY-PMP-A,Hydraulic Pump A,Hydraulic,5,23888,11966,1273,807,1,Yes,Spadek ciśnienia,Moderate,2,Repaired,9.4,3777,3915
EVT-00446,2026-01-05,EI-DGY,Ryanair,B737-800,9.4,EHRD,EGLL,C-Check,72,CMR,EN-FAN-2,Engine #2 Fan Blades,Powerplant,6,26595,16960,157,298,1,Yes,Erozja,Moderate,2,Replaced,32.4,13151,9311
EVT-00447,2025-09-20,PH-BPX,KLM,B737-800,6.8,EHRD,EGGW,Line Maintenance,28,MPD,FU-TNK-R,Fuel Tank Wing Right,Fuel System,9,18948,13230,1194,251,1,Yes,Korozja mikrobiologiczna,Moderate,2,Replaced,10.2,30109,9203
EVT-00448,2020-06-16,EI-DGY,Ryanair,B737-800,3.3,EHEH,EGCC,Unscheduled,27,STC,FC-RUD,Rudder,Flight Controls,6,9716,7124,351,96,3,No,,,0,Inspected OK,1.2,156,9164
EVT-00449,2021-02-02,EI-DGC,Ryanair,B737-800,4.3,EHEH,EGCC,Line Maintenance,30,AD/SB,IR-PIT,Pitot Tube Heater,Ice Protection,9,13302,6695,734,714,2,Yes,Awaria grzałki,Moderate,2,Repaired,6.1,1591,3031
EVT-00450,2020-03-04,PH-BDB,KLM,B737-800,12.6,EHAM,EGGW,C-Check,24,AD/SB,EL-WIR-FW,Wiring Harness FWD,Electrical,8,34731,22906,921,30,2,Yes,Przetarcie izolacji,Major,3,Replaced,27.5,23060,5103
EVT-00451,2020-06-03,EI-DGC,Ryanair,B737-800,5.7,EHAM,EGKK,Line Maintenance,27,STC,FC-FLP-L,Flap Track Left,Flight Controls,9,14721,10551,127,212,0,Yes,Korozja szczelinowa,Minor,1,Inspected OK,1.6,466,14062
EVT-00452,2023-02-22,PH-BMX,KLM,B737-800,8.2,EHAM,EGKK,A-Check,32,AD/SB,LG-MLG-R,Main Landing Gear Right,Landing Gear,10,22848,16938,632,1294,2,Yes,Korozja naprężeniowa,Moderate,2,Replaced,13.3,73736,7788
EVT-00453,2018-12-21,EI-DDM,Ryanair,B737-800,3.8,EHAM,EGSS,Line Maintenance,30,ALI,IR-WAI-L,Wing Anti-Ice Valve Left,Ice Protection,8,9389,5816,1141,248,4,Yes,Zakleszczenie zaworu,Minor,1,Repaired,6.9,6156,3820
EVT-00454,2021-12-29,LN-NDS,Norwegian,B737-800,13.4,EHEH,EGGW,Line Maintenance,30,AD/SB,IR-WAI-L,Wing Anti-Ice Valve Left,Ice Protection,8,30807,24980,335,1955,2,Yes,Korozja wewnętrzna,Major,3,Replaced,37.1,47671,1671
EVT-00455,2022-08-10,EI-DGY,Ryanair,B737-800,3.9,EHAM,EGCC,Line Maintenance,28,ALI,FU-TNK-R,Fuel Tank Wing Right,Fuel System,9,11730,7978,334,341,5,Yes,Korozja mikrobiologiczna,Moderate,2,Replaced,20.6,8844,6622
EVT-00456,2023-07-02,EI-DGY,Ryanair,B737-800,6.9,EHEH,EGGW,C-Check,30,ALI,IR-PIT,Pitot Tube Heater,Ice Protection,9,20105,15989,478,829,2,Yes,Korozja styków,Minor,1,Inspected OK,3.1,295,3083
EVT-00457,2025-12-22,EI-DMY,Ryanair,B737-800,13.7,EHAM,EGGW,Unscheduled,32,AD/SB,LG-MLG-L,Main Landing Gear Left,Landing Gear,10,35670,22842,1104,395,4,Yes,Pęknięcie strukturalne,Moderate,2,Repaired,11.9,5892,3473
EVT-00458,2026-04-02,EI-DUN,Ryanair,B737-800,2.0,EHEH,EGGW,AOG,36,CMR,PN-DUC-L,Bleed Air Duct Left,Pneumatic,6,5564,3626,105,138,0,No,,,0,Inspected OK,0.6,489,12181
EVT-00459,2021-05-25,OO-JVN,TUI fly,B737-800,8.9,EHRD,EGSS,Unscheduled,53,ALI,FS-CRG,Cargo Door,Structure,8,26929,14267,1461,479,1,Yes,Korozja wokół zamków,Moderate,2,Replaced,32.6,78155,25124
EVT-00460,2021-07-02,PH-BUK,KLM,B737-800,5.3,EHRD,EGCC,C-Check,32,MPD,LG-MLG-L,Main Landing Gear Left,Landing Gear,10,15886,7604,836,42,1,Yes,Korozja naprężeniowa,Minor,1,Inspected OK,1.6,417,14293
EVT-00461,2020-03-19,PH-BDZ,KLM,B737-800,3.5,EHRD,EGCC,A-Check,27,AD/SB,FC-AIL-L,Aileron Left,Flight Controls,7,8072,7967,513,1156,2,Yes,Zużycie łożysk,Minor,1,Repaired,6.1,3898,6444
EVT-00462,2021-02-10,LN-NDS,Norwegian,B737-800,5.3,EHRD,EGSS,Daily Inspection,72,ALI,EN-FAN-1,Engine #1 Fan Blades,Powerplant,6,15520,10752,613,605,1,No,,,0,Inspected OK,0.6,194,14767
EVT-00463,2023-01-26,LN-NKW,Norwegian,B737-800,11.8,EHEH,EGGW,Daily Inspection,29,STC,HY-RES-A,Hydraulic Reservoir A,Hydraulic,5,36993,22969,879,342,4,Yes,Kondensat w układzie,Minor,1,Inspected OK,2.4,303,5874
EVT-00464,2018-10-06,EI-DUN,Ryanair,B737-800,11.2,EHEH,EGKK,A-Check,30,AD/SB,IR-WAI-L,Wing Anti-Ice Valve Left,Ice Protection,8,28991,18059,382,576,5,Yes,Zakleszczenie zaworu,Moderate,2,Replaced,29.3,51753,1736
EVT-00465,2026-05-02,PH-BPX,KLM,B737-800,6.4,EHAM,EGLL,C-Check,24,CMR,EL-BAT,Main Battery,Electrical,6,17441,16162,601,244,1,Yes,Spadek pojemności,Minor,1,Inspected OK,0.8,246,2991
EVT-00466,2023-11-26,PH-BUK,KLM,B737-800,2.8,EHRD,EGSS,Unscheduled,36,ALI,PN-DUC-L,Bleed Air Duct Left,Pneumatic,6,8265,4787,259,490,4,Yes,Korozja gorąca,Moderate,2,Replaced,31.6,7753,6892
EVT-00467,2020-11-28,EI-DLY,Ryanair,B737-800,2.7,EHAM,EGGW,Line Maintenance,29,MPD,HY-PMP-A,Hydraulic Pump A,Hydraulic,5,5876,4913,2025,30,3,No,,,0,Inspected OK,2.6,156,5466
EVT-00468,2021-11-28,PH-BZZ,KLM,B737-800,8.7,EHRD,EGKK,Unscheduled,32,MPD,LG-TIR-M,Main Tire,Landing Gear,2,25593,10647,62,67,2,Yes,Zużycie bieżnika,Moderate,2,Repaired,11.6,6334,38
EVT-00469,2025-05-05,LN-NDS,Norwegian,B737-800,12.1,EHEH,EGLL,Unscheduled,32,MPD,LG-BRK-R,Brake Assembly Right,Landing Gear,8,34309,20950,101,30,0,Yes,Korozja siłowników,Minor,1,Cleaned,5.2,467,2026
EVT-00470,2024-09-27,LN-NLP,Norwegian,B737-800,11.4,EHAM,EGSS,C-Check,27,CMR,FC-FLP-R,Flap Track Right,Flight Controls,9,29939,20184,476,517,2,Yes,Korozja galwaniczna,Minor,1,Repaired,4.8,3440,9423
EVT-00471,2021-12-21,PH-BYZ,KLM,B737-800,5.4,EHRD,EGLL,AOG,57,STC,WG-SPR-R,Wing Spar Right,Structure,9,15472,9819,2711,2105,3,Yes,Korozja warstwowa,Moderate,2,Replaced,23.4,61833,27643
EVT-00472,2020-12-25,EI-DNJ,Ryanair,B737-800,11.0,EHEH,EGGW,C-Check,21,STC,AC-PCK-L,Air Conditioning Pack Left,Air Conditioning,7,37889,18250,2068,34,4,No,,,0,Inspected OK,1.7,433,5098
EVT-00473,2020-12-11,EI-DUN,Ryanair,B737-800,13.7,EHRD,EGLL,Daily Inspection,72,MPD,EN-HPC-1,Engine #1 HP Compressor,Powerplant,7,41239,35670,83,30,3,No,,,0,Inspected OK,2.5,106,9772
EVT-00474,2018-08-05,OO-JVN,TUI fly,B737-800,14.9,EHRD,EGSS,AOG,57,MPD,WG-SPR-L,Wing Spar Left,Structure,9,42590,33756,417,1271,3,Yes,Korozja warstwowa,Major,3,Replaced,17.9,20134,5522
EVT-00475,2021-01-13,LN-NAQ,Norwegian,B737-800,3.2,EHRD,EGLL,AOG,28,AD/SB,FU-PMP-2,Fuel Boost Pump #2,Fuel System,6,9141,6317,902,214,2,No,,,0,Inspected OK,0.6,196,4986
EVT-00476,2023-03-24,OO-JVN,TUI fly,B737-800,4.8,EHAM,EGKK,Line Maintenance,72,AD/SB,EN-HPT-1,Engine #1 HP Turbine,Powerplant,5,11533,7712,3341,140,0,No,,,0,Inspected OK,1.2,396,11266
EVT-00477,2022-03-15,PH-BMX,KLM,B737-800,13.3,EHRD,EGKK,A-Check,28,MPD,FU-PMP-1,Fuel Boost Pump #1,Fuel System,6,43937,18913,50,30,3,Yes,Zużycie wirnika,Major,3,Overhauled,51.0,42841,1589
EVT-00478,2021-09-02,PH-BRO,KLM,B737-800,8.4,EHRD,EGSS,Daily Inspection,27,CMR,FC-FLP-R,Flap Track Right,Flight Controls,9,23721,13652,2226,193,4,Yes,Korozja galwaniczna,Critical,4,Overhauled,83.8,39018,1085
EVT-00479,2019-02-09,EI-DNJ,Ryanair,B737-800,4.4,EHEH,EGCC,Line Maintenance,30,AD/SB,IR-WAI-L,Wing Anti-Ice Valve Left,Ice Protection,8,12106,7672,265,217,5,No,,,0,Inspected OK,1.1,476,4948
EVT-00480,2021-09-03,EI-DGC,Ryanair,B737-800,8.8,EHEH,EGKK,Line Maintenance,30,MPD,IR-WAI-L,Wing Anti-Ice Valve Left,Ice Protection,8,24146,15232,1129,300,3,Yes,Zakleszczenie zaworu,Moderate,2,Replaced,9.9,27494,2383
EVT-00481,2022-10-27,EI-DGY,Ryanair,B737-800,11.0,EHRD,EGCC,AOG,24,STC,EL-WIR-FW,Wiring Harness FWD,Electrical,8,26604,20629,350,306,0,Yes,Korozja styków elektrycznych,Minor,1,Cleaned,1.8,936,14324
EVT-00482,2025-11-06,PH-BKH,KLM,B737-800,5.1,EHEH,EGCC,Daily Inspection,32,AD/SB,LG-TIR-N,Nose Tire,Landing Gear,2,14597,8567,966,317,1,No,,,0,Inspected OK,2.9,347,400
EVT-00483,2023-01-02,PH-BMX,KLM,B737-800,7.4,EHRD,EGGW,Daily Inspection,24,CMR,EL-GEN-1,Generator #1,Electrical,5,20473,13341,3091,327,5,No,,,0,Inspected OK,1.9,485,4388
EVT-00484,2026-05-11,EI-DWF,Ryanair,B737-800,14.7,EHAM,EGCC,C-Check,32,ALI,LG-TIR-N,Nose Tire,Landing Gear,2,29558,26038,1589,393,0,No,,,0,Inspected OK,2.4,237,3
EVT-00485,2024-08-24,PH-BDZ,KLM,B737-800,3.9,EHAM,EGGW,A-Check,72,AD/SB,EN-FAN-1,Engine #1 Fan Blades,Powerplant,6,10627,7720,1401,489,0,No,,,0,Inspected OK,1.5,261,16436
EVT-00486,2024-07-17,EI-DMY,Ryanair,B737-800,14.9,EHEH,EGSS,Unscheduled,57,STC,WG-LEA-L,Wing Leading Edge Left,Structure,7,43864,26697,171,82,2,No,,,0,Inspected OK,1.3,124,8389
EVT-00487,2018-08-22,PH-BUK,KLM,B737-800,9.3,EHAM,EGKK,Daily Inspection,24,CMR,EL-GEN-1,Generator #1,Electrical,5,27322,17263,336,2659,1,Yes,Korozja styków,Minor,1,Cleaned,4.5,1477,6453
EVT-00488,2020-11-17,PH-BZZ,KLM,B737-800,11.7,EHRD,EGLL,Line Maintenance,25,MPD,EQ-SLI-1,Escape Slide #1,Equipment,4,36184,19386,162,30,0,Yes,Korozja butli CO2,Moderate,2,Replaced,32.8,15082,12242
EVT-00489,2021-07-17,OO-JVN,TUI fly,B737-800,4.6,EHRD,EGSS,Line Maintenance,53,CMR,FS-DOR-PX,Pax Door Frame,Structure,7,16121,7916,447,30,1,Yes,Korozja szczelinowa uszczelek,Critical,4,Replaced,21.9,45165,16466
EVT-00490,2020-06-06,EI-DVJ,Ryanair,B737-800,5.7,EHRD,EGGW,Unscheduled,27,ALI,FC-FLP-R,Flap Track Right,Flight Controls,9,16410,7428,1747,1346,4,Yes,Korozja szczelinowa,Major,3,Replaced,22.5,25902,4272
EVT-00491,2024-01-18,OO-JVB,TUI fly,B737-800,13.8,EHEH,EGCC,Unscheduled,30,STC,IR-WAI-L,Wing Anti-Ice Valve Left,Ice Protection,8,31821,28305,261,311,1,Yes,Korozja wewnętrzna,Minor,1,Repaired,5.6,3964,3639
EVT-00492,2021-06-04,PH-BMX,KLM,B737-800,5.5,EHRD,EGKK,C-Check,36,MPD,PN-DUC-L,Bleed Air Duct Left,Pneumatic,6,15646,8105,304,54,3,Yes,Wyciek,Moderate,2,Replaced,26.3,73219,6423
EVT-00493,2020-11-24,OO-JVB,TUI fly,B737-800,10.6,EHEH,EGLL,C-Check,32,AD/SB,LG-NLG,Nose Landing Gear,Landing Gear,9,28660,20205,238,358,4,No,,,0,Inspected OK,1.1,489,12290
EVT-00494,2021-12-14,PH-BPX,KLM,B737-800,2.8,EHEH,EGLL,A-Check,57,CMR,WG-SPR-R,Wing Spar Right,Structure,9,8549,5316,739,154,4,No,,,0,Inspected OK,1.8,397,47214
EVT-00495,2025-05-24,EI-DVJ,Ryanair,B737-800,5.4,EHEH,EGCC,Line Maintenance,24,AD/SB,EL-WIR-FW,Wiring Harness FWD,Electrical,8,14477,8733,340,339,4,Yes,Przetarcie izolacji,Minor,1,Cleaned,2.1,806,12042
EVT-00496,2023-07-15,PH-BYZ,KLM,B737-800,4.2,EHRD,EGGW,AOG,32,STC,LG-NLG,Nose Landing Gear,Landing Gear,9,12640,8152,471,2046,2,Yes,Zużycie amortyzatora,Major,3,Replaced,26.2,70098,8819
EVT-00497,2023-09-01,PH-BDT,KLM,B737-800,14.6,EHEH,EGSS,Line Maintenance,21,ALI,AC-PCK-R,Air Conditioning Pack Right,Air Conditioning,7,48026,30010,372,58,3,Yes,Wyciek wymiennika,Moderate,2,Replaced,36.7,77496,2938
EVT-00498,2022-01-22,EI-DNJ,Ryanair,B737-800,6.0,EHRD,EGGW,Daily Inspection,25,AD/SB,EQ-SLI-1,Escape Slide #1,Equipment,4,14556,8568,597,698,2,Yes,Degradacja gumy,Major,3,Replaced,9.6,33971,9641
EVT-00499,2023-07-08,OO-JBV,TUI fly,B737-800,8.8,EHAM,EGCC,Daily Inspection,29,CMR,HY-LIN-A,Hydraulic Lines System A,Hydraulic,7,21053,14344,540,232,1,No,,,0,Inspected OK,2.1,309,11727
EVT-00500,2025-07-15,EI-DWF,Ryanair,B737-800,14.0,EHRD,EGCC,A-Check,21,CMR,AC-PCK-L,Air Conditioning Pack Left,Air Conditioning,7,40728,30657,747,55,1,No,,,0,Inspected OK,2.6,382,7042
EVT-00501,2024-08-22,LN-NKW,Norwegian,B737-800,12.4,EHRD,EGGW,C-Check,29,AD/SB,HY-PMP-A,Hydraulic Pump A,Hydraulic,5,36612,22226,50,1114,1,Yes,Zużycie tłoków,Minor,1,Inspected OK,2.4,106,5249
EVT-00502,2019-09-23,PH-BYZ,KLM,B737-800,5.4,EHRD,EGSS,Daily Inspection,57,CMR,WG-SPR-L,Wing Spar Left,Structure,9,12645,8930,192,317,2,Yes,Korozja warstwowa,Moderate,2,Replaced,20.5,78234,32070
EVT-00503,2022-11-11,EI-DGC,Ryanair,B737-800,3.8,EHEH,EGSS,Line Maintenance,32,AD/SB,LG-TIR-M,Main Tire,Landing Gear,2,9343,6371,564,902,4,Yes,Uszkodzenie boku,Moderate,2,Replaced,8.3,35688,0
EVT-00504,2025-02-25,OO-JHF,TUI fly,B737-800,2.6,EHAM,EGGW,Unscheduled,53,MPD,FS-SKN-FW,Fuselage Skin Forward,Structure,8,7017,5733,1162,217,2,Yes,Korozja pod powłoką,Critical,4,Replaced,31.3,56969,17457
EVT-00505,2024-04-16,LN-NLP,Norwegian,B737-800,2.2,EHRD,EGGW,Unscheduled,28,MPD,FU-TNK-R,Fuel Tank Wing Right,Fuel System,9,6875,5062,1973,102,2,Yes,Korozja wżerowa,Minor,1,Repaired,12.8,7200,11407
EVT-00506,2024-04-29,EI-DMY,Ryanair,B737-800,11.8,EHEH,EGGW,C-Check,53,AD/SB,FS-SKN-AF,Fuselage Skin Aft,Structure,8,31916,28167,585,31,1,Yes,Korozja warstwowa,Moderate,2,Repaired,8.3,2108,24439
EVT-00507,2018-10-29,PH-BRO,KLM,B737-800,2.2,EHEH,EGKK,Line Maintenance,28,CMR,FU-PMP-2,Fuel Boost Pump #2,Fuel System,6,4816,4206,238,374,0,No,,,0,Inspected OK,3.2,413,5959
EVT-00508,2024-12-16,LN-NDS,Norwegian,B737-800,4.6,EHAM,EGSS,Unscheduled,28,AD/SB,FU-PMP-1,Fuel Boost Pump #1,Fuel System,6,13318,8268,826,1078,3,No,,,0,Inspected OK,0.6,337,4528
EVT-00509,2018-05-07,OO-JBV,TUI fly,B737-800,14.5,EHAM,EGLL,Unscheduled,72,ALI,EN-HPT-1,Engine #1 HP Turbine,Powerplant,5,40056,24632,276,473,0,No,,,0,Inspected OK,1.1,96,10980
EVT-00510,2024-06-11,EI-DWF,Ryanair,B737-800,8.3,EHAM,EGLL,C-Check,24,CMR,EL-WIR-FW,Wiring Harness FWD,Electrical,8,24848,10848,90,629,3,Yes,Przetarcie izolacji,Major,3,Overhauled,29.0,10070,6440
EVT-00511,2024-10-13,PH-BYZ,KLM,B737-800,12.3,EHAM,EGSS,Unscheduled,53,CMR,FS-SKN-FW,Fuselage Skin Forward,Structure,8,32198,22126,240,291,4,Yes,Korozja warstwowa,Moderate,2,Repaired,13.9,3254,14359
EVT-00512,2020-09-01,OO-JVN,TUI fly,B737-800,12.0,EHRD,EGLL,A-Check,36,STC,PN-DUC-L,Bleed Air Duct Left,Pneumatic,6,37008,23762,50,715,4,Yes,Wyciek,Minor,1,Inspected OK,3.4,340,5709
EVT-00513,2024-02-25,LN-NDS,Norwegian,B737-800,12.3,EHEH,EGCC,Line Maintenance,32,AD/SB,LG-BRK-L,Brake Assembly Left,Landing Gear,8,31195,24441,840,2426,2,Yes,Zużycie tarcz,Minor,1,Inspected OK,3.0,256,539
EVT-00514,2024-10-22,PH-BKH,KLM,B737-800,6.7,EHEH,EGCC,AOG,27,CMR,FC-AIL-R,Aileron Right,Flight Controls,7,17842,12555,506,1583,2,Yes,Korozja wżerowa,Minor,1,Repaired,4.1,7802,5600
EVT-00515,2021-01-28,OO-JVB,TUI fly,B737-800,9.1,EHEH,EGKK,A-Check,32,ALI,LG-TIR-M,Main Tire,Landing Gear,2,24522,12243,351,688,2,Yes,Uszkodzenie boku,Minor,1,Inspected OK,2.8,67,0
EVT-00516,2023-06-28,PH-BZZ,KLM,B737-800,12.7,EHEH,EGGW,Unscheduled,32,AD/SB,LG-BRK-L,Brake Assembly Left,Landing Gear,8,34133,27309,1771,357,1,Yes,Korozja siłowników,Minor,1,Inspected OK,2.8,419,1671
EVT-00517,2025-09-15,PH-BUK,KLM,B737-800,6.7,EHAM,EGSS,Unscheduled,27,CMR,FC-AIL-R,Aileron Right,Flight Controls,7,17822,10195,1460,1257,1,Yes,Pęknięcie zmęczeniowe,Moderate,2,Replaced,19.0,45985,4577
EVT-00518,2023-05-08,PH-BKH,KLM,B737-800,5.7,EHEH,EGLL,A-Check,21,AD/SB,AC-PCK-R,Air Conditioning Pack Right,Air Conditioning,7,17976,11115,698,123,1,Yes,Korozja wewnętrzna,Minor,1,Inspected OK,0.7,314,7318
EVT-00519,2024-07-30,OO-JVB,TUI fly,B737-800,3.4,EHEH,EGGW,AOG,32,ALI,LG-TIR-N,Nose Tire,Landing Gear,2,9617,5955,1369,237,2,Yes,Zużycie bieżnika,Moderate,2,Replaced,31.7,55642,339
EVT-00520,2021-01-26,PH-BKH,KLM,B737-800,6.8,EHEH,EGGW,A-Check,30,CMR,IR-PIT,Pitot Tube Heater,Ice Protection,9,22812,11933,107,83,4,Yes,Korozja styków,Minor,1,Cleaned,1.5,1237,2583
EVT-00521,2021-11-08,LN-NIR,Norwegian,B737-800,9.3,EHRD,EGCC,Unscheduled,25,MPD,EQ-SLI-1,Escape Slide #1,Equipment,4,31249,20560,1216,728,1,No,,,0,Inspected OK,1.5,338,16419
EVT-00522,2024-04-20,EI-DWF,Ryanair,B737-800,2.5,EHEH,EGLL,A-Check,38,AD/SB,WW-TNK,Potable Water Tank,Water/Waste,9,7337,4874,50,520,1,Yes,Korozja wżerowa,Minor,1,Cleaned,1.9,429,10923
EVT-00523,2023-02-20,PH-BZZ,KLM,B737-800,4.5,EHEH,EGKK,AOG,21,ALI,AC-PCK-L,Air Conditioning Pack Left,Air Conditioning,7,13766,8536,190,93,3,No,,,0,Inspected OK,1.0,357,7969
EVT-00524,2026-03-13,PH-BUK,KLM,B737-800,12.0,EHAM,EGKK,C-Check,57,ALI,WG-LEA-L,Wing Leading Edge Left,Structure,7,36031,27200,296,356,2,Yes,Korozja wżerowa,Moderate,2,Replaced,17.4,31591,5596
EVT-00525,2023-03-30,PH-BYZ,KLM,B737-800,10.5,EHRD,EGSS,Daily Inspection,57,STC,WG-SPR-R,Wing Spar Right,Structure,9,24411,21034,1974,185,1,Yes,Korozja w mokowaniu,Minor,1,Repaired,5.9,7771,37372
EVT-00526,2022-03-15,EI-DGC,Ryanair,B737-800,12.7,EHRD,EGSS,Unscheduled,57,STC,WG-LEA-L,Wing Leading Edge Left,Structure,7,36572,26218,903,215,1,Yes,Erozja powłok,Moderate,2,Repaired,4.6,1835,5770
EVT-00527,2023-01-17,PH-BDZ,KLM,B737-800,14.5,EHEH,EGKK,Daily Inspection,53,MPD,FS-CRG,Cargo Door,Structure,8,39826,24241,1270,91,0,Yes,Korozja zawiasów,Critical,4,Replaced,11.1,17513,7742
EVT-00528,2021-12-12,LN-NKW,Norwegian,B737-800,13.1,EHEH,EGSS,C-Check,29,MPD,HY-LIN-A,Hydraulic Lines System A,Hydraulic,7,38808,29300,616,678,2,Yes,Wyciek na złączach,Major,3,Replaced,9.2,39167,3463
EVT-00529,2024-11-18,EI-DUN,Ryanair,B737-800,4.0,EHAM,EGSS,Line Maintenance,27,ALI,FC-RUD,Rudder,Flight Controls,6,11401,8545,1428,2869,1,Yes,Korozja warstwowa,Minor,1,Repaired,4.8,6421,8472
EVT-00530,2019-10-04,PH-BDZ,KLM,B737-800,11.4,EHEH,EGSS,A-Check,28,ALI,FU-TNK-L,Fuel Tank Wing Left,Fuel System,9,29739,21036,796,337,2,Yes,Korozja mikrobiologiczna,Minor,1,Inspected OK,3.8,473,8866
EVT-00531,2022-02-18,LN-NDS,Norwegian,B737-800,12.5,EHRD,EGGW,A-Check,29,AD/SB,HY-LIN-A,Hydraulic Lines System A,Hydraulic,7,35495,23391,1069,174,0,Yes,Rdza wewnętrzna,Major,3,Replaced,28.3,59079,5414
EVT-00532,2024-12-08,LN-NLP,Norwegian,B737-800,12.1,EHEH,EGSS,C-Check,36,STC,PN-DUC-L,Bleed Air Duct Left,Pneumatic,6,33041,25630,50,282,1,Yes,Wyciek,Moderate,2,Replaced,34.3,22627,5841
EVT-00533,2026-03-01,OO-JBB,TUI fly,B737-800,4.0,EHRD,EGGW,AOG,24,ALI,EL-BAT,Main Battery,Electrical,6,9915,9319,725,68,0,No,,,0,Inspected OK,3.4,499,3924
EVT-00534,2022-11-16,PH-BUK,KLM,B737-800,7.6,EHAM,EGKK,Daily Inspection,24,MPD,EL-BAT,Main Battery,Electrical,6,22270,13135,869,2019,3,No,,,0,Inspected OK,3.9,483,2773
EVT-00535,2025-08-16,EI-DMY,Ryanair,B737-800,2.6,EHEH,EGKK,C-Check,72,CMR,EN-HPT-1,Engine #1 HP Turbine,Powerplant,5,6884,4387,84,190,2,Yes,Creep,Minor,1,Repaired,5.8,7900,10991
EVT-00536,2023-02-09,EI-DKD,Ryanair,B737-800,7.1,EHAM,EGLL,Daily Inspection,21,CMR,AC-PCK-R,Air Conditioning Pack Right,Air Conditioning,7,23757,12484,58,34,0,Yes,Kondensat,Moderate,2,Repaired,12.9,7487,6742
EVT-00537,2025-08-15,PH-BUK,KLM,B737-800,3.2,EHRD,EGCC,Daily Inspection,53,AD/SB,FS-SKN-FW,Fuselage Skin Forward,Structure,8,10138,6070,472,739,1,No,,,0,Inspected OK,0.7,212,49533
EVT-00538,2023-12-25,OO-JVB,TUI fly,B737-800,10.5,EHAM,EGCC,AOG,53,CMR,FS-SKN-FW,Fuselage Skin Forward,Structure,8,25056,20324,514,1015,4,No,,,0,Inspected OK,2.6,333,31229
EVT-00539,2021-12-27,OO-JVN,TUI fly,B737-800,2.6,EHAM,EGCC,C-Check,38,MPD,WW-TNK,Potable Water Tank,Water/Waste,9,6428,4775,78,30,2,No,,,0,Inspected OK,2.3,123,11910
EVT-00540,2023-02-05,OO-JBB,TUI fly,B737-800,5.2,EHAM,EGCC,Unscheduled,32,MPD,LG-MLG-R,Main Landing Gear Right,Landing Gear,10,16351,9534,1149,93,0,Yes,Korozja naprężeniowa,Major,3,Overhauled,21.6,32637,9563
EVT-00541,2024-10-23,PH-BDB,KLM,B737-800,2.3,EHRD,EGSS,Line Maintenance,29,ALI,HY-LIN-A,Hydraulic Lines System A,Hydraulic,7,7230,2738,50,329,3,Yes,Rdza wewnętrzna,Minor,1,Inspected OK,1.2,156,10678
EVT-00542,2018-05-02,PH-BMX,KLM,B737-800,10.7,EHAM,EGLL,Daily Inspection,32,AD/SB,LG-BRK-L,Brake Assembly Left,Landing Gear,8,34009,23261,429,179,3,Yes,Wyciek płynu hamulcowego,Moderate,2,Replaced,14.5,52010,1192
EVT-00543,2024-08-11,LN-NLP,Norwegian,B737-800,8.0,EHAM,EGGW,Unscheduled,38,STC,WW-TNK,Potable Water Tank,Water/Waste,9,17558,9535,667,1491,4,No,,,0,Inspected OK,1.4,461,8409
EVT-00544,2022-01-13,EI-DDM,Ryanair,B737-800,5.8,EHRD,EGKK,Line Maintenance,53,ALI,FS-CRG,Cargo Door,Structure,8,13848,11552,609,599,1,No,,,0,Inspected OK,1.8,94,41488
EVT-00545,2020-11-20,OO-JBV,TUI fly,B737-800,13.3,EHEH,EGLL,A-Check,32,AD/SB,LG-MLG-L,Main Landing Gear Left,Landing Gear,10,33607,32276,1204,149,1,Yes,Korozja naprężeniowa,Minor,1,Repaired,10.1,4524,10113
EVT-00546,2023-06-12,PH-BUK,KLM,B737-800,8.4,EHAM,EGCC,Unscheduled,24,STC,EL-WIR-FW,Wiring Harness FWD,Electrical,8,24529,13366,705,69,2,No,,,0,Inspected OK,1.4,372,16010
EVT-00547,2025-03-03,PH-BDB,KLM,B737-800,5.1,EHEH,EGCC,A-Check,53,STC,FS-DOR-PX,Pax Door Frame,Structure,7,15339,11099,762,1337,0,No,,,0,Inspected OK,4.0,225,40651
EVT-00548,2025-07-13,PH-BRO,KLM,B737-800,14.3,EHAM,EGGW,AOG,57,ALI,WG-SPR-L,Wing Spar Left,Structure,9,36656,30378,190,163,1,Yes,Pęknięcie zmęczeniowe,Major,3,Replaced,15.5,6473,13838
EVT-00549,2026-01-30,EI-DUN,Ryanair,B737-800,7.4,EHRD,EGCC,AOG,25,STC,EQ-SLI-1,Escape Slide #1,Equipment,4,17897,11752,50,684,1,No,,,0,Inspected OK,2.7,70,17967
EVT-00550,2022-08-05,LN-NAQ,Norwegian,B737-800,4.7,EHAM,EGCC,Unscheduled,72,ALI,EN-FAN-2,Engine #2 Fan Blades,Powerplant,6,12442,7172,368,881,3,Yes,Korozja wżerowa,Moderate,2,Repaired,16.1,4283,9122
EVT-00551,2024-12-31,PH-BZZ,KLM,B737-800,3.9,EHAM,EGCC,A-Check,32,ALI,LG-NLG,Nose Landing Gear,Landing Gear,9,11493,7943,179,981,3,No,,,0,Inspected OK,2.5,340,17208
EVT-00552,2024-12-30,LN-NLP,Norwegian,B737-800,4.4,EHAM,EGLL,Daily Inspection,21,CMR,AC-PCK-L,Air Conditioning Pack Left,Air Conditioning,7,10765,8401,2153,657,1,No,,,0,Inspected OK,2.4,256,7961
EVT-00553,2023-08-02,PH-BUK,KLM,B737-800,11.7,EHEH,EGCC,C-Check,57,AD/SB,WG-LEA-L,Wing Leading Edge Left,Structure,7,29987,22224,922,419,2,No,,,0,Inspected OK,3.6,325,8585
EVT-00554,2022-02-05,PH-BDT,KLM,B737-800,2.3,EHEH,EGCC,AOG,32,ALI,LG-MLG-L,Main Landing Gear Left,Landing Gear,10,6766,3915,788,175,5,No,,,0,Inspected OK,1.0,296,13735
EVT-00555,2024-04-28,LN-NIR,Norwegian,B737-800,5.0,EHAM,EGSS,AOG,38,CMR,WW-TNK,Potable Water Tank,Water/Waste,9,12697,9622,433,1151,1,Yes,Korozja wżerowa,Minor,1,Repaired,17.9,1728,9866
EVT-00556,2023-12-13,EI-DNJ,Ryanair,B737-800,7.0,EHRD,EGLL,Daily Inspection,53,CMR,FS-CRG,Cargo Door,Structure,8,18745,12364,780,264,2,Yes,Korozja zawiasów,Minor,1,Cleaned,2.2,1099,31150
EVT-00557,2020-05-08,EI-DWF,Ryanair,B737-800,14.8,EHEH,EGGW,Unscheduled,28,STC,FU-TNK-R,Fuel Tank Wing Right,Fuel System,9,42599,31905,108,334,1,Yes,Korozja mikrobiologiczna,Minor,1,Repaired,11.6,6665,8465
EVT-00558,2019-06-02,LN-NKW,Norwegian,B737-800,7.3,EHEH,EGSS,AOG,72,ALI,EN-HPC-1,Engine #1 HP Compressor,Powerplant,7,21021,13911,2401,460,3,Yes,Zużycie łopatek,Moderate,2,Replaced,23.7,68508,6974
EVT-00559,2021-12-31,EI-DDM,Ryanair,B737-800,11.2,EHAM,EGSS,AOG,24,CMR,EL-WIR-FW,Wiring Harness FWD,Electrical,8,30220,24546,324,406,2,Yes,Korozja styków elektrycznych,Minor,1,Cleaned,1.5,434,11254
EVT-00560,2024-05-24,EI-DWF,Ryanair,B737-800,8.7,EHRD,EGCC,Daily Inspection,27,CMR,FC-RUD,Rudder,Flight Controls,6,23915,16280,147,370,1,Yes,Korozja warstwowa,Minor,1,Repaired,8.5,4717,7999
EVT-00561,2026-03-05,PH-BRO,KLM,B737-800,10.0,EHEH,EGGW,A-Check,32,ALI,LG-BRK-R,Brake Assembly Right,Landing Gear,8,21848,20847,474,2020,1,Yes,Wyciek płynu hamulcowego,Major,3,Replaced,32.3,20449,319
EVT-00562,2023-08-03,PH-BKH,KLM,B737-800,9.6,EHEH,EGKK,Line Maintenance,32,CMR,LG-MLG-R,Main Landing Gear Right,Landing Gear,10,22283,21665,330,497,2,No,,,0,Inspected OK,3.5,139,13373
EVT-00563,2019-05-18,PH-BMX,KLM,B737-800,4.3,EHAM,EGCC,Daily Inspection,53,AD/SB,FS-SKN-FW,Fuselage Skin Forward,Structure,8,11599,9102,1026,230,1,Yes,Pęknięcie wokół nita,Major,3,Overhauled,26.6,16231,25999
EVT-00564,2025-06-13,OO-JVB,TUI fly,B737-800,11.2,EHEH,EGSS,AOG,32,AD/SB,LG-MLG-R,Main Landing Gear Right,Landing Gear,10,26896,23184,629,188,3,Yes,Korozja naprężeniowa,Moderate,2,Replaced,29.5,8901,5705
EVT-00565,2021-04-07,LN-NKW,Norwegian,B737-800,2.6,EHAM,EGKK,C-Check,57,MPD,WG-SPR-L,Wing Spar Left,Structure,9,7319,5908,285,98,1,Yes,Pęknięcie zmęczeniowe,Moderate,2,Repaired,4.3,929,40183
EVT-00566,2024-08-18,OO-JVB,TUI fly,B737-800,11.5,EHRD,EGKK,A-Check,57,AD/SB,WG-LEA-L,Wing Leading Edge Left,Structure,7,37724,21279,2164,608,2,No,,,0,Inspected OK,0.9,444,8031
EVT-00567,2023-02-25,PH-BZZ,KLM,B737-800,12.0,EHAM,EGSS,Line Maintenance,32,AD/SB,LG-TIR-M,Main Tire,Landing Gear,2,31577,24238,574,400,4,Yes,Uszkodzenie boku,Major,3,Replaced,34.8,16608,0
EVT-00568,2020-12-19,EI-DWF,Ryanair,B737-800,8.2,EHAM,EGSS,Daily Inspection,28,ALI,FU-TNK-L,Fuel Tank Wing Left,Fuel System,9,23982,13434,372,176,3,Yes,Korozja mikrobiologiczna,Moderate,2,Repaired,5.4,1180,6565
EVT-00569,2020-08-30,PH-BDB,KLM,B737-800,12.7,EHAM,EGKK,A-Check,25,ALI,EQ-SLI-1,Escape Slide #1,Equipment,4,33524,24609,1448,430,2,Yes,Degradacja gumy,Minor,1,Repaired,13.1,2312,11379
EVT-00570,2020-02-03,OO-JBV,TUI fly,B737-800,14.0,EHRD,EGSS,Unscheduled,36,ALI,PN-DUC-L,Bleed Air Duct Left,Pneumatic,6,34939,24215,116,94,5,Yes,Wyciek,Critical,4,Replaced,15.8,68164,0
EVT-00571,2018-08-09,EI-DVJ,Ryanair,B737-800,14.6,EHRD,EGCC,Daily Inspection,30,CMR,IR-WAI-L,Wing Anti-Ice Valve Left,Ice Protection,8,37499,33614,2020,630,0,Yes,Korozja wewnętrzna,Major,3,Replaced,9.6,42238,1526
EVT-00572,2019-03-30,EI-DGY,Ryanair,B737-800,9.2,EHRD,EGSS,Line Maintenance,27,ALI,FC-FLP-L,Flap Track Left,Flight Controls,9,21103,16895,345,889,1,Yes,Korozja szczelinowa,Minor,1,Repaired,9.2,3488,11014
EVT-00573,2021-03-11,EI-DWF,Ryanair,B737-800,10.0,EHAM,EGGW,Unscheduled,28,ALI,FU-TNK-L,Fuel Tank Wing Left,Fuel System,9,29142,17887,982,126,1,Yes,Wyciek paliwa,Critical,4,Replaced,39.5,63551,2782
EVT-00574,2025-03-28,PH-BZZ,KLM,B737-800,13.0,EHRD,EGSS,Unscheduled,29,CMR,HY-PMP-A,Hydraulic Pump A,Hydraulic,5,37583,29029,1938,484,1,Yes,Spadek ciśnienia,Major,3,Replaced,35.0,53315,1992
EVT-00575,2025-12-08,EI-DDM,Ryanair,B737-800,9.9,EHAM,EGLL,A-Check,24,MPD,EL-GEN-1,Generator #1,Electrical,5,30364,19715,1795,1513,0,No,,,0,Inspected OK,3.1,323,7323
EVT-00576,2020-05-27,PH-BZZ,KLM,B737-800,3.5,EHEH,EGGW,Line Maintenance,72,MPD,EN-HPC-1,Engine #1 HP Compressor,Powerplant,7,10120,7041,1018,54,1,No,,,0,Inspected OK,1.7,58,14412
EVT-00577,2023-10-10,PH-BDB,KLM,B737-800,12.5,EHRD,EGLL,Daily Inspection,53,STC,FS-SKN-AF,Fuselage Skin Aft,Structure,8,39112,16902,773,653,2,Yes,Pęknięcie wokół nita,Minor,1,Repaired,19.6,6866,27474
EVT-00578,2023-04-24,PH-BYZ,KLM,B737-800,12.0,EHEH,EGSS,A-Check,24,AD/SB,EL-BAT,Main Battery,Electrical,6,34277,23967,81,216,3,Yes,Korozja zacisków,Minor,1,Inspected OK,2.4,315,2367
EVT-00579,2025-10-07,EI-DVJ,Ryanair,B737-800,6.4,EHRD,EGLL,Unscheduled,32,AD/SB,LG-TIR-M,Main Tire,Landing Gear,2,15502,13419,362,1113,2,No,,,0,Inspected OK,1.2,305,0
EVT-00580,2024-01-07,OO-JVB,TUI fly,B737-800,8.0,EHRD,EGGW,Line Maintenance,72,MPD,EN-HPT-1,Engine #1 HP Turbine,Powerplant,5,24726,14808,2719,361,1,No,,,0,Inspected OK,3.8,193,10552
EVT-00581,2020-08-21,OO-JVN,TUI fly,B737-800,11.4,EHRD,EGCC,A-Check,24,AD/SB,EL-WIR-FW,Wiring Harness FWD,Electrical,8,29677,20988,1031,223,3,Yes,Korozja styków elektrycznych,Minor,1,Inspected OK,1.8,215,9937
EVT-00582,2022-11-26,OO-JHF,TUI fly,B737-800,14.8,EHAM,EGSS,A-Check,29,STC,HY-RES-A,Hydraulic Reservoir A,Hydraulic,5,32178,33220,359,445,2,Yes,Wyciek,Moderate,2,Replaced,37.9,59265,5080
EVT-00583,2024-02-27,OO-JBB,TUI fly,B737-800,5.5,EHAM,EGSS,Daily Inspection,53,AD/SB,FS-SKN-FW,Fuselage Skin Forward,Structure,8,18465,11784,50,577,2,Yes,Korozja pod powłoką,Minor,1,Repaired,10.9,1179,36179
EVT-00584,2023-01-13,PH-BDB,KLM,B737-800,2.5,EHRD,EGSS,C-Check,32,AD/SB,LG-MLG-R,Main Landing Gear Right,Landing Gear,10,7425,5194,222,819,1,Yes,Korozja naprężeniowa,Minor,1,Cleaned,3.3,500,15535
EVT-00585,2022-01-19,OO-JVB,TUI fly,B737-800,13.4,EHEH,EGKK,C-Check,53,MPD,FS-SKN-AF,Fuselage Skin Aft,Structure,8,40465,21191,842,1044,1,Yes,Korozja warstwowa,Minor,1,Cleaned,1.0,825,29448
EVT-00586,2020-01-31,EI-DVJ,Ryanair,B737-800,13.2,EHEH,EGLL,Daily Inspection,72,CMR,EN-HPC-1,Engine #1 HP Compressor,Powerplant,7,39864,25332,2028,2073,4,Yes,Zużycie łopatek,Major,3,Replaced,22.9,23018,2094
EVT-00587,2026-02-11,PH-BDZ,KLM,B737-800,12.0,EHAM,EGSS,Daily Inspection,27,AD/SB,FC-RUD,Rudder,Flight Controls,6,24702,17772,698,264,1,No,,,0,Inspected OK,1.7,470,8393
EVT-00588,2019-12-18,LN-NDS,Norwegian,B737-800,5.7,EHAM,EGKK,Daily Inspection,53,MPD,FS-SKN-FW,Fuselage Skin Forward,Structure,8,17650,11161,604,30,1,Yes,Korozja warstwowa,Moderate,2,Replaced,28.1,46793,32036
EVT-00589,2025-09-23,PH-BPX,KLM,B737-800,8.7,EHAM,EGCC,AOG,27,AD/SB,FC-AIL-L,Aileron Left,Flight Controls,7,22079,18623,665,55,4,Yes,Pęknięcie zmęczeniowe,Moderate,2,Replaced,22.1,69271,2815
EVT-00590,2021-02-04,LN-NDS,Norwegian,B737-800,10.0,EHRD,EGLL,A-Check,32,CMR,LG-BRK-R,Brake Assembly Right,Landing Gear,8,27933,20822,182,1239,0,Yes,Korozja siłowników,Minor,1,Cleaned,5.4,560,1373
EVT-00591,2024-09-27,PH-BKH,KLM,B737-800,7.1,EHEH,EGGW,AOG,27,STC,FC-ELV-L,Elevator Left,Flight Controls,6,20155,9965,2259,30,2,No,,,0,Inspected OK,1.8,461,7231
EVT-00592,2020-11-18,EI-DVJ,Ryanair,B737-800,4.6,EHEH,EGLL,Line Maintenance,29,ALI,HY-LIN-A,Hydraulic Lines System A,Hydraulic,7,11029,8776,3563,375,0,No,,,0,Inspected OK,1.4,246,12046
EVT-00593,2020-11-03,LN-NAQ,Norwegian,B737-800,12.4,EHEH,EGGW,Line Maintenance,32,AD/SB,LG-NLG,Nose Landing Gear,Landing Gear,9,31846,26317,714,766,5,Yes,Korozja wżerowa,Minor,1,Inspected OK,0.6,375,6766
EVT-00594,2024-06-03,EI-DWF,Ryanair,B737-800,13.6,EHEH,EGCC,Daily Inspection,28,CMR,FU-TNK-R,Fuel Tank Wing Right,Fuel System,9,38983,26133,619,2080,1,Yes,Korozja wżerowa,Minor,1,Inspected OK,2.4,428,8773
EVT-00595,2023-05-25,OO-JVB,TUI fly,B737-800,8.2,EHRD,EGSS,AOG,24,AD/SB,EL-GEN-1,Generator #1,Electrical,5,24502,15012,169,573,1,Yes,Korozja styków,Major,3,Replaced,30.0,76159,4161
EVT-00596,2018-11-22,OO-JBB,TUI fly,B737-800,12.6,EHRD,EGSS,Unscheduled,24,MPD,EL-BAT,Main Battery,Electrical,6,32141,26480,50,463,0,No,,,0,Inspected OK,3.8,394,3509
EVT-00597,2025-04-04,EI-DDM,Ryanair,B737-800,7.2,EHRD,EGLL,Daily Inspection,29,AD/SB,HY-LIN-A,Hydraulic Lines System A,Hydraulic,7,22382,14583,834,2083,3,Yes,Rdza wewnętrzna,Moderate,2,Replaced,27.0,41186,6493
EVT-00598,2021-03-25,EI-DGC,Ryanair,B737-800,14.7,EHAM,EGLL,Unscheduled,30,ALI,IR-PIT,Pitot Tube Heater,Ice Protection,9,41517,27783,2404,290,3,Yes,Awaria grzałki,Moderate,2,Repaired,10.0,2367,642
EVT-00599,2019-09-10,LN-NIR,Norwegian,B737-800,9.7,EHRD,EGLL,AOG,24,MPD,EL-GEN-1,Generator #1,Electrical,5,26410,18261,200,909,1,Yes,Zużycie szczotek,Major,3,Replaced,10.7,65571,4055
EVT-00600,2024-11-26,PH-BZZ,KLM,B737-800,8.4,EHAM,EGKK,C-Check,36,ALI,PN-DUC-L,Bleed Air Duct Left,Pneumatic,6,23484,16274,1542,689,0,No,,,0,Inspected OK,3.2,430,9851
EVT-00601,2019-12-15,OO-JVN,TUI fly,B737-800,3.9,EHRD,EGKK,C-Check,25,STC,EQ-SLI-1,Escape Slide #1,Equipment,4,10967,8806,212,1119,2,Yes,Korozja butli CO2,Minor,1,Inspected OK,3.3,134,15601
EVT-00602,2024-02-07,OO-JVN,TUI fly,B737-800,13.9,EHAM,EGSS,A-Check,29,ALI,HY-LIN-A,Hydraulic Lines System A,Hydraulic,7,36171,30002,647,1391,1,Yes,Wyciek na złączach,Moderate,2,Replaced,10.4,23776,6079
EVT-00603,2025-04-06,PH-BPX,KLM,B737-800,3.7,EHAM,EGSS,Daily Inspection,24,MPD,EL-BAT,Main Battery,Electrical,6,11188,7331,492,560,3,Yes,Korozja zacisków,Major,3,Overhauled,64.7,29116,1689
EVT-00604,2024-07-27,OO-JBB,TUI fly,B737-800,7.6,EHRD,EGGW,AOG,29,AD/SB,HY-PMP-A,Hydraulic Pump A,Hydraulic,5,21255,14090,325,442,1,Yes,Spadek ciśnienia,Moderate,2,Replaced,32.4,58476,4450
EVT-00605,2026-03-07,PH-BDT,KLM,B737-800,4.4,EHEH,EGKK,C-Check,32,MPD,LG-TIR-N,Nose Tire,Landing Gear,2,11655,8194,1124,1862,1,Yes,Uszkodzenie boku,Major,3,Replaced,13.0,31714,0
EVT-00606,2025-05-13,OO-JHF,TUI fly,B737-800,3.9,EHEH,EGGW,C-Check,27,MPD,FC-FLP-L,Flap Track Left,Flight Controls,9,9429,7945,390,327,1,No,,,0,Inspected OK,0.8,446,16928
EVT-00607,2022-02-26,OO-JHF,TUI fly,B737-800,7.4,EHEH,EGKK,Line Maintenance,32,ALI,LG-NLG,Nose Landing Gear,Landing Gear,9,21205,13234,2020,189,4,Yes,Wyciek hydrauliczny,Moderate,2,Replaced,21.1,40302,8120
EVT-00608,2024-10-02,PH-BDT,KLM,B737-800,7.9,EHEH,EGGW,Unscheduled,72,AD/SB,EN-FAN-1,Engine #1 Fan Blades,Powerplant,6,20646,14559,287,290,3,Yes,Erozja,Minor,1,Cleaned,2.3,1389,10621
EVT-00609,2024-03-23,OO-JVB,TUI fly,B737-800,14.0,EHEH,EGCC,A-Check,24,ALI,EL-BAT,Main Battery,Electrical,6,43400,35130,725,273,2,Yes,Spadek pojemności,Critical,4,Replaced,38.0,28126,584
EVT-00610,2024-08-31,EI-DDM,Ryanair,B737-800,3.8,EHRD,EGGW,AOG,72,MPD,EN-HPT-1,Engine #1 HP Turbine,Powerplant,5,9410,7562,227,30,0,No,,,0,Inspected OK,3.0,139,14082
EVT-00611,2023-05-26,PH-BRO,KLM,B737-800,5.2,EHEH,EGLL,Daily Inspection,24,ALI,EL-WIR-FW,Wiring Harness FWD,Electrical,8,14607,6851,1034,72,2,Yes,Korozja styków elektrycznych,Moderate,2,Replaced,33.9,56965,11307
EVT-00612,2026-01-21,PH-BDT,KLM,B737-800,8.7,EHRD,EGCC,C-Check,27,MPD,FC-AIL-L,Aileron Left,Flight Controls,7,25445,20461,424,89,3,Yes,Zużycie łożysk,Minor,1,Repaired,18.4,5029,5021
EVT-00613,2023-08-05,LN-NIR,Norwegian,B737-800,11.5,EHEH,EGLL,Unscheduled,36,STC,PN-DUC-L,Bleed Air Duct Left,Pneumatic,6,31848,19428,1129,948,2,Yes,Korozja gorąca,Moderate,2,Repaired,18.2,5737,5355
EVT-00614,2020-03-29,OO-JVN,TUI fly,B737-800,8.3,EHAM,EGSS,Daily Inspection,38,STC,WW-TNK,Potable Water Tank,Water/Waste,9,22750,14938,157,164,1,Yes,Korozja mikrobiologiczna,Major,3,Replaced,18.3,15123,5156
EVT-00615,2023-12-28,EI-DUN,Ryanair,B737-800,3.5,EHAM,EGCC,Unscheduled,28,AD/SB,FU-PMP-2,Fuel Boost Pump #2,Fuel System,6,10442,5140,466,255,4,Yes,Zużycie wirnika,Moderate,2,Replaced,15.9,9744,3244
EVT-00616,2023-08-24,OO-JHF,TUI fly,B737-800,8.9,EHAM,EGGW,Line Maintenance,24,CMR,EL-GEN-1,Generator #1,Electrical,5,23457,13937,648,449,2,Yes,Zużycie szczotek,Critical,4,Replaced,17.9,57059,2661
EVT-00617,2021-07-09,OO-JVN,TUI fly,B737-800,11.4,EHAM,EGLL,C-Check,28,CMR,FU-PMP-1,Fuel Boost Pump #1,Fuel System,6,34005,15733,60,936,2,Yes,Korozja styków elektrycznych,Minor,1,Repaired,14.3,3359,3896
EVT-00618,2021-08-03,EI-DDM,Ryanair,B737-800,8.2,EHEH,EGKK,Line Maintenance,57,CMR,WG-SPR-R,Wing Spar Right,Structure,9,23982,14339,677,820,1,No,,,0,Inspected OK,2.1,418,49301
EVT-00619,2025-11-29,OO-JHF,TUI fly,B737-800,8.9,EHEH,EGCC,AOG,72,MPD,EN-HPT-1,Engine #1 HP Turbine,Powerplant,5,25132,18598,866,1401,0,Yes,Korozja gorąca,Major,3,Replaced,34.4,69277,7035
EVT-00620,2023-02-03,LN-NDS,Norwegian,B737-800,6.6,EHEH,EGCC,Daily Inspection,32,STC,LG-MLG-L,Main Landing Gear Left,Landing Gear,10,16538,11184,460,157,2,No,,,0,Inspected OK,3.4,242,15145
EVT-00621,2024-06-17,OO-JBB,TUI fly,B737-800,10.5,EHEH,EGCC,Unscheduled,29,AD/SB,HY-RES-A,Hydraulic Reservoir A,Hydraulic,5,26863,20444,329,56,3,Yes,Wyciek,Moderate,2,Repaired,5.7,4854,5524
EVT-00622,2024-01-10,LN-NIR,Norwegian,B737-800,10.7,EHAM,EGGW,A-Check,53,ALI,FS-SKN-FW,Fuselage Skin Forward,Structure,8,31694,23230,518,3128,1,No,,,0,Inspected OK,4.0,233,38125
EVT-00623,2025-10-16,OO-JHF,TUI fly,B737-800,6.6,EHEH,EGLL,A-Check,32,ALI,LG-MLG-L,Main Landing Gear Left,Landing Gear,10,19421,9657,290,54,0,Yes,Korozja wżerowa,Minor,1,Cleaned,3.9,1498,14905
EVT-00624,2022-09-07,PH-BPX,KLM,B737-800,3.6,EHAM,EGSS,C-Check,28,CMR,FU-TNK-L,Fuel Tank Wing Left,Fuel System,9,9881,5935,139,107,4,No,,,0,Inspected OK,3.6,197,12483
EVT-00625,2021-08-03,PH-BUK,KLM,B737-800,11.0,EHEH,EGGW,Daily Inspection,30,CMR,IR-WAI-L,Wing Anti-Ice Valve Left,Ice Protection,8,27322,22076,449,203,3,Yes,Korozja wewnętrzna,Moderate,2,Repaired,11.6,3074,2396
EVT-00626,2024-09-21,PH-BDT,KLM,B737-800,12.1,EHAM,EGCC,Daily Inspection,53,AD/SB,FS-SKN-FW,Fuselage Skin Forward,Structure,8,25889,24846,2233,981,3,Yes,Korozja pod powłoką,Minor,1,Repaired,9.8,3081,24952
EVT-00627,2019-04-07,OO-JHF,TUI fly,B737-800,14.7,EHAM,EGKK,AOG,72,CMR,EN-FAN-2,Engine #2 Fan Blades,Powerplant,6,33190,26919,2607,225,0,Yes,FOD damage,Minor,1,Repaired,4.9,2379,10389
EVT-00628,2021-11-01,LN-NKW,Norwegian,B737-800,3.4,EHAM,EGSS,Unscheduled,28,STC,FU-TNK-L,Fuel Tank Wing Left,Fuel System,9,9562,4399,1286,807,2,Yes,Korozja wżerowa,Minor,1,Cleaned,4.9,172,11439
EVT-00629,2022-04-21,PH-BKH,KLM,B737-800,3.9,EHAM,EGGW,Daily Inspection,72,AD/SB,EN-FAN-2,Engine #2 Fan Blades,Powerplant,6,9637,7343,214,1617,6,No,,,0,Inspected OK,1.2,354,11036
EVT-00630,2021-07-18,EI-DLY,Ryanair,B737-800,2.0,EHRD,EGGW,Line Maintenance,53,CMR,FS-SKN-AF,Fuselage Skin Aft,Structure,8,5923,4143,74,429,2,No,,,0,Inspected OK,1.8,328,48053
EVT-00631,2022-04-23,OO-JBB,TUI fly,B737-800,2.0,EHRD,EGLL,AOG,27,ALI,FC-FLP-L,Flap Track Left,Flight Controls,9,4801,2711,731,44,4,No,,,0,Inspected OK,1.5,459,14673
EVT-00632,2022-02-20,PH-BDB,KLM,B737-800,5.9,EHAM,EGGW,Daily Inspection,53,AD/SB,FS-DOR-PX,Pax Door Frame,Structure,7,13906,10282,1917,1898,0,Yes,Korozja szczelinowa uszczelek,Minor,1,Repaired,12.1,2984,33854
EVT-00633,2024-09-02,OO-JBB,TUI fly,B737-800,14.6,EHRD,EGGW,A-Check,32,STC,LG-TIR-N,Nose Tire,Landing Gear,2,35677,26289,690,1901,1,No,,,0,Inspected OK,3.5,245,0
EVT-00634,2022-08-02,EI-DKD,Ryanair,B737-800,10.2,EHAM,EGLL,C-Check,24,MPD,EL-GEN-1,Generator #1,Electrical,5,32079,18037,1171,185,2,No,,,0,Inspected OK,2.1,474,6392
EVT-00635,2022-02-13,PH-BPX,KLM,B737-800,7.1,EHEH,EGCC,Line Maintenance,30,ALI,IR-PIT,Pitot Tube Heater,Ice Protection,9,17793,12786,570,370,5,No,,,0,Inspected OK,1.2,67,2767
EVT-00636,2020-01-08,PH-BDZ,KLM,B737-800,6.4,EHAM,EGSS,Line Maintenance,72,ALI,EN-FAN-2,Engine #2 Fan Blades,Powerplant,6,17110,10057,50,157,4,Yes,Korozja wżerowa,Minor,1,Cleaned,2.0,401,10251
EVT-00637,2021-02-15,OO-JBV,TUI fly,B737-800,5.0,EHAM,EGGW,AOG,32,MPD,LG-BRK-L,Brake Assembly Left,Landing Gear,8,12724,8823,381,1450,3,Yes,Wyciek płynu hamulcowego,Minor,1,Inspected OK,2.7,67,1125
EVT-00638,2023-01-19,OO-JVN,TUI fly,B737-800,3.7,EHAM,EGGW,AOG,28,AD/SB,FU-PMP-1,Fuel Boost Pump #1,Fuel System,6,8798,8606,958,609,1,Yes,Zużycie wirnika,Major,3,Overhauled,54.2,13407,2724
EVT-00639,2020-02-22,EI-DNJ,Ryanair,B737-800,12.6,EHRD,EGCC,Unscheduled,30,CMR,IR-PIT,Pitot Tube Heater,Ice Protection,9,35141,26017,305,872,2,Yes,Korozja styków,Minor,1,Cleaned,1.2,892,2694
EVT-00640,2020-10-29,EI-DVJ,Ryanair,B737-800,9.5,EHRD,EGLL,A-Check,53,STC,FS-SKN-FW,Fuselage Skin Forward,Structure,8,28954,16786,207,1284,0,Yes,Korozja pod powłoką,Moderate,2,Repaired,15.8,4211,29428
EVT-00641,2019-02-25,PH-BYZ,KLM,B737-800,11.1,EHAM,EGKK,A-Check,32,ALI,LG-BRK-L,Brake Assembly Left,Landing Gear,8,30469,21035,1369,267,4,Yes,Korozja siłowników,Minor,1,Inspected OK,2.7,184,1397
EVT-00642,2023-04-11,OO-JBV,TUI fly,B737-800,13.4,EHEH,EGSS,Daily Inspection,57,CMR,WG-SPR-L,Wing Spar Left,Structure,9,37050,30174,509,133,1,Yes,Korozja warstwowa,Minor,1,Cleaned,3.1,865,32685
EVT-00643,2023-03-03,OO-JHF,TUI fly,B737-800,4.7,EHEH,EGGW,Line Maintenance,72,AD/SB,EN-HPT-1,Engine #1 HP Turbine,Powerplant,5,15389,8452,1407,885,0,No,,,0,Inspected OK,3.8,425,12837
EVT-00644,2022-04-03,OO-JBB,TUI fly,B737-800,2.5,EHEH,EGCC,Daily Inspection,32,CMR,LG-TIR-N,Nose Tire,Landing Gear,2,5963,4447,448,381,1,Yes,Uszkodzenie boku,Moderate,2,Repaired,19.1,2533,137
EVT-00645,2024-06-28,PH-BPX,KLM,B737-800,4.5,EHAM,EGSS,Daily Inspection,27,ALI,FC-AIL-L,Aileron Left,Flight Controls,7,12293,8390,2110,520,3,No,,,0,Inspected OK,1.7,219,5985
EVT-00646,2024-01-23,PH-BPX,KLM,B737-800,12.0,EHAM,EGGW,Line Maintenance,24,AD/SB,EL-BAT,Main Battery,Electrical,6,35855,20562,230,983,1,Yes,Korozja zacisków,Minor,1,Cleaned,3.5,1311,2637
EVT-00647,2023-03-18,PH-BRO,KLM,B737-800,2.7,EHEH,EGGW,A-Check,32,MPD,LG-BRK-R,Brake Assembly Right,Landing Gear,8,7414,5055,352,826,5,Yes,Zużycie tarcz,Minor,1,Repaired,14.3,2846,1142
EVT-00648,2020-08-07,LN-NDS,Norwegian,B737-800,4.1,EHEH,EGGW,AOG,27,ALI,FC-ELV-L,Elevator Left,Flight Controls,6,11044,9521,472,1085,1,Yes,Korozja wżerowa,Minor,1,Cleaned,3.7,1029,8608
EVT-00649,2020-09-30,PH-BDZ,KLM,B737-800,11.7,EHAM,EGLL,Daily Inspection,53,AD/SB,FS-SKN-FW,Fuselage Skin Forward,Structure,8,31033,26114,830,97,3,No,,,0,Inspected OK,3.6,287,33297
EVT-00650,2023-03-18,EI-DLY,Ryanair,B737-800,7.4,EHRD,EGLL,Line Maintenance,32,AD/SB,LG-MLG-L,Main Landing Gear Left,Landing Gear,10,17498,14005,539,76,5,Yes,Korozja naprężeniowa,Minor,1,Inspected OK,2.9,400,8423
EVT-00651,2022-12-04,EI-DUN,Ryanair,B737-800,4.3,EHRD,EGKK,Daily Inspection,28,AD/SB,FU-TNK-L,Fuel Tank Wing Left,Fuel System,9,12392,7096,50,412,1,Yes,Korozja wżerowa,Moderate,2,Replaced,27.9,10582,10241
EVT-00652,2025-04-08,PH-BUK,KLM,B737-800,2.8,EHRD,EGKK,Daily Inspection,27,ALI,FC-RUD,Rudder,Flight Controls,6,6195,4376,682,608,3,Yes,Erozja krawędzi natarcia,Minor,1,Cleaned,3.2,777,7925
EVT-00653,2018-07-20,OO-JBB,TUI fly,B737-800,13.8,EHEH,EGGW,C-Check,32,ALI,LG-BRK-R,Brake Assembly Right,Landing Gear,8,43550,31534,296,53,0,Yes,Wyciek płynu hamulcowego,Major,3,Replaced,12.1,31754,1061
EVT-00654,2025-01-25,PH-BMX,KLM,B737-800,2.2,EHEH,EGKK,AOG,72,AD/SB,EN-HPT-1,Engine #1 HP Turbine,Powerplant,5,6491,4818,50,162,1,Yes,Creep,Minor,1,Repaired,6.4,7704,12150
EVT-00655,2023-04-01,LN-NAQ,Norwegian,B737-800,14.7,EHRD,EGSS,Line Maintenance,30,CMR,IR-WAI-L,Wing Anti-Ice Valve Left,Ice Protection,8,34793,30454,55,30,2,Yes,Korozja wewnętrzna,Moderate,2,Repaired,9.9,2177,2420
EVT-00656,2023-12-22,PH-BUK,KLM,B737-800,5.1,EHAM,EGKK,Daily Inspection,32,STC,LG-MLG-L,Main Landing Gear Left,Landing Gear,10,14617,10835,1305,40,3,Yes,Korozja naprężeniowa,Moderate,2,Replaced,25.1,70959,8839
EVT-00657,2018-05-25,EI-DVJ,Ryanair,B737-800,2.2,EHAM,EGGW,AOG,28,ALI,FU-PMP-1,Fuel Boost Pump #1,Fuel System,6,5822,2775,58,195,2,No,,,0,Inspected OK,1.1,268,5984
EVT-00658,2024-09-29,LN-NLP,Norwegian,B737-800,12.0,EHRD,EGKK,Daily Inspection,27,CMR,FC-AIL-R,Aileron Right,Flight Controls,7,31960,24636,787,663,0,No,,,0,Inspected OK,3.8,109,6695
EVT-00659,2024-06-13,EI-DMY,Ryanair,B737-800,10.2,EHRD,EGCC,Unscheduled,25,ALI,EQ-SLI-1,Escape Slide #1,Equipment,4,26294,21585,2169,763,2,Yes,Korozja butli CO2,Moderate,2,Replaced,11.3,77177,10084
EVT-00660,2022-11-15,EI-DLY,Ryanair,B737-800,4.7,EHEH,EGCC,Unscheduled,21,MPD,AC-PCK-L,Air Conditioning Pack Left,Air Conditioning,7,13980,8554,1384,438,2,No,,,0,Inspected OK,3.1,234,8077
EVT-00661,2024-10-07,LN-NDS,Norwegian,B737-800,13.5,EHRD,EGCC,C-Check,24,ALI,EL-BAT,Main Battery,Electrical,6,43663,28817,993,32,2,Yes,Korozja zacisków,Minor,1,Cleaned,5.4,629,2056
EVT-00662,2024-09-28,OO-JBV,TUI fly,B737-800,12.1,EHEH,EGGW,Unscheduled,27,ALI,FC-FLP-L,Flap Track Left,Flight Controls,9,28001,21807,517,2873,2,Yes,Zużycie rolek,Minor,1,Cleaned,2.2,673,7952
EVT-00663,2024-11-10,EI-DWF,Ryanair,B737-800,4.9,EHRD,EGLL,A-Check,28,STC,FU-TNK-L,Fuel Tank Wing Left,Fuel System,9,14740,10187,207,1532,2,Yes,Korozja wżerowa,Moderate,2,Replaced,23.6,42869,9368
EVT-00664,2025-07-03,EI-DUN,Ryanair,B737-800,8.5,EHRD,EGSS,Unscheduled,53,ALI,FS-DOR-PX,Pax Door Frame,Structure,7,29078,17108,624,84,4,No,,,0,Inspected OK,2.3,100,29145
EVT-00665,2020-12-04,PH-BRO,KLM,B737-800,6.8,EHEH,EGLL,C-Check,29,CMR,HY-PMP-A,Hydraulic Pump A,Hydraulic,5,17889,10380,386,949,1,No,,,0,Inspected OK,1.0,325,6711
EVT-00666,2025-08-11,PH-BKH,KLM,B737-800,13.7,EHAM,EGKK,Line Maintenance,27,AD/SB,FC-FLP-R,Flap Track Right,Flight Controls,9,31182,31890,2220,1459,2,Yes,Korozja szczelinowa,Minor,1,Repaired,8.1,7244,8085
EVT-00667,2021-11-30,OO-JVB,TUI fly,B737-800,2.3,EHRD,EGCC,Line Maintenance,28,CMR,FU-TNK-L,Fuel Tank Wing Left,Fuel System,9,6328,4355,467,30,2,Yes,Wyciek paliwa,Moderate,2,Repaired,14.3,3925,10294
EVT-00668,2021-07-27,PH-BUK,KLM,B737-800,2.8,EHAM,EGSS,Unscheduled,27,STC,FC-AIL-R,Aileron Right,Flight Controls,7,8090,5380,267,30,2,No,,,0,Inspected OK,3.3,434,7575
EVT-00669,2024-09-05,PH-BDT,KLM,B737-800,10.5,EHRD,EGSS,Unscheduled,57,ALI,WG-LEA-L,Wing Leading Edge Left,Structure,7,28714,20958,1874,231,1,No,,,0,Inspected OK,1.2,351,8947
EVT-00670,2024-05-30,EI-DGY,Ryanair,B737-800,6.0,EHAM,EGGW,Daily Inspection,21,STC,AC-PCK-R,Air Conditioning Pack Right,Air Conditioning,7,16134,10919,350,232,2,Yes,Korozja wewnętrzna,Minor,1,Repaired,10.3,7100,6480
EVT-00671,2018-08-27,PH-BUK,KLM,B737-800,5.7,EHEH,EGKK,Unscheduled,27,ALI,FC-ELV-L,Elevator Left,Flight Controls,6,14978,10429,1136,558,1,No,,,0,Inspected OK,1.2,276,8879
EVT-00672,2022-11-30,PH-BDB,KLM,B737-800,12.9,EHEH,EGKK,C-Check,29,AD/SB,HY-PMP-A,Hydraulic Pump A,Hydraulic,5,32278,18804,2371,1108,1,No,,,0,Inspected OK,0.9,271,4612
EVT-00673,2023-08-07,PH-BKH,KLM,B737-800,9.5,EHEH,EGLL,Unscheduled,32,STC,LG-MLG-R,Main Landing Gear Right,Landing Gear,10,26471,15121,362,611,0,Yes,Korozja wżerowa,Minor,1,Inspected OK,3.6,68,12513
EVT-00674,2026-03-12,EI-DGC,Ryanair,B737-800,7.8,EHEH,EGCC,A-Check,53,MPD,FS-DOR-PX,Pax Door Frame,Structure,7,20641,16704,50,2044,2,No,,,0,Inspected OK,0.7,495,32886
EVT-00675,2023-06-16,EI-DDM,Ryanair,B737-800,3.9,EHEH,EGSS,Daily Inspection,57,STC,WG-SPR-R,Wing Spar Right,Structure,9,11045,7099,467,1784,1,Yes,Pęknięcie zmęczeniowe,Minor,1,Inspected OK,0.7,137,46222
EVT-00676,2020-04-12,EI-DVJ,Ryanair,B737-800,14.7,EHRD,EGLL,Unscheduled,72,CMR,EN-HPT-1,Engine #1 HP Turbine,Powerplant,5,40435,30493,167,511,3,Yes,Creep,Moderate,2,Replaced,19.3,22554,4915
EVT-00677,2023-11-01,LN-NIR,Norwegian,B737-800,9.2,EHRD,EGCC,A-Check,27,STC,FC-RUD,Rudder,Flight Controls,6,27022,22305,2306,302,3,Yes,Erozja krawędzi natarcia,Moderate,2,Repaired,15.0,7572,4075
EVT-00678,2019-10-29,OO-JHF,TUI fly,B737-800,4.5,EHEH,EGGW,Unscheduled,27,MPD,FC-ELV-L,Elevator Left,Flight Controls,6,9216,8229,548,471,1,Yes,Pęknięcie zmęczeniowe,Minor,1,Cleaned,5.9,1424,8117
EVT-00679,2025-09-19,EI-DUN,Ryanair,B737-800,8.4,EHAM,EGGW,Daily Inspection,24,CMR,EL-BAT,Main Battery,Electrical,6,24263,15459,975,362,3,Yes,Spadek pojemności,Major,3,Replaced,14.1,72568,1847
EVT-00680,2024-12-29,EI-DDM,Ryanair,B737-800,6.5,EHEH,EGGW,Unscheduled,53,CMR,FS-CRG,Cargo Door,Structure,8,17750,14142,83,556,0,Yes,Korozja wokół zamków,Major,3,Replaced,10.5,44548,23732
EVT-00681,2018-08-19,EI-DGC,Ryanair,B737-800,12.5,EHRD,EGGW,C-Check,72,ALI,EN-FAN-2,Engine #2 Fan Blades,Powerplant,6,40843,18419,74,338,2,No,,,0,Inspected OK,0.8,489,11469
EVT-00682,2026-04-08,EI-DMY,Ryanair,B737-800,4.7,EHRD,EGLL,A-Check,36,CMR,PN-DUC-L,Bleed Air Duct Left,Pneumatic,6,14847,8228,839,30,2,Yes,Wyciek,Minor,1,Inspected OK,0.7,123,8180
EVT-00683,2024-05-22,PH-BKH,KLM,B737-800,4.3,EHRD,EGSS,Line Maintenance,25,MPD,EQ-SLI-1,Escape Slide #1,Equipment,4,12444,8885,230,40,3,Yes,Degradacja gumy,Minor,1,Repaired,19.5,2065,14705
EVT-00684,2025-04-17,EI-DLY,Ryanair,B737-800,8.4,EHAM,EGLL,A-Check,29,AD/SB,HY-LIN-A,Hydraulic Lines System A,Hydraulic,7,20733,12901,473,175,3,No,,,0,Inspected OK,1.1,88,10722
EVT-00685,2023-12-15,OO-JVB,TUI fly,B737-800,12.8,EHEH,EGKK,A-Check,28,MPD,FU-PMP-2,Fuel Boost Pump #2,Fuel System,6,32420,26328,937,296,2,Yes,Korozja styków elektrycznych,Minor,1,Repaired,14.3,5593,2953
EVT-00686,2019-01-11,EI-DGY,Ryanair,B737-800,9.8,EHEH,EGGW,Unscheduled,29,MPD,HY-RES-A,Hydraulic Reservoir A,Hydraulic,5,25583,17799,171,141,0,Yes,Kondensat w układzie,Moderate,2,Replaced,36.7,20802,7344
EVT-00687,2019-04-09,PH-BDZ,KLM,B737-800,9.5,EHAM,EGSS,A-Check,53,AD/SB,FS-CRG,Cargo Door,Structure,8,24462,15848,109,611,0,No,,,0,Inspected OK,1.7,368,40133
EVT-00688,2025-12-04,PH-BUK,KLM,B737-800,11.0,EHEH,EGCC,A-Check,53,STC,FS-SKN-FW,Fuselage Skin Forward,Structure,8,27794,16451,841,74,2,Yes,Korozja pod powłoką,Minor,1,Repaired,13.3,7073,29782
EVT-00689,2023-05-12,PH-BDB,KLM,B737-800,14.2,EHEH,EGCC,Daily Inspection,29,STC,HY-PMP-A,Hydraulic Pump A,Hydraulic,5,33834,25267,237,391,2,Yes,Zużycie tłoków,Moderate,2,Repaired,17.2,5485,2974
EVT-00690,2019-12-27,LN-NKW,Norwegian,B737-800,10.9,EHEH,EGCC,Daily Inspection,29,CMR,HY-RES-A,Hydraulic Reservoir A,Hydraulic,5,25548,16428,1362,30,3,Yes,Kondensat w układzie,Major,3,Replaced,29.4,5957,3851
EVT-00691,2024-03-08,EI-DDM,Ryanair,B737-800,3.3,EHEH,EGSS,Unscheduled,57,ALI,WG-LEA-L,Wing Leading Edge Left,Structure,7,9089,7144,336,89,2,Yes,Erozja powłok,Major,3,Overhauled,96.9,33169,6113
EVT-00692,2020-06-28,PH-BRO,KLM,B737-800,11.1,EHRD,EGGW,A-Check,21,MPD,AC-PCK-L,Air Conditioning Pack Left,Air Conditioning,7,36983,20759,405,246,2,No,,,0,Inspected OK,0.8,432,7156
EVT-00693,2023-10-03,EI-DMY,Ryanair,B737-800,6.5,EHEH,EGSS,Daily Inspection,32,AD/SB,LG-NLG,Nose Landing Gear,Landing Gear,9,19459,10564,626,1073,0,Yes,Korozja wżerowa,Major,3,Overhauled,95.7,25429,10129
EVT-00694,2021-07-13,OO-JVN,TUI fly,B737-800,12.6,EHAM,EGKK,C-Check,29,MPD,HY-LIN-A,Hydraulic Lines System A,Hydraulic,7,31263,27076,2132,1088,1,Yes,Rdza wewnętrzna,Moderate,2,Replaced,11.6,50710,5752
EVT-00695,2022-11-06,OO-JHF,TUI fly,B737-800,12.2,EHAM,EGLL,A-Check,72,ALI,EN-FAN-1,Engine #1 Fan Blades,Powerplant,6,32086,25759,218,927,0,Yes,FOD damage,Moderate,2,Repaired,12.5,6046,8816
EVT-00696,2022-03-13,EI-DWF,Ryanair,B737-800,3.5,EHAM,EGLL,AOG,30,AD/SB,IR-PIT,Pitot Tube Heater,Ice Protection,9,7370,7723,704,475,2,Yes,Korozja styków,Minor,1,Cleaned,1.6,414,3271
EVT-00697,2022-05-10,LN-NDS,Norwegian,B737-800,10.7,EHEH,EGCC,Daily Inspection,30,AD/SB,IR-PIT,Pitot Tube Heater,Ice Protection,9,33940,20331,966,933,2,Yes,Korozja styków,Major,3,Overhauled,33.3,9960,1234
EVT-00698,2023-09-10,LN-NIR,Norwegian,B737-800,5.1,EHEH,EGKK,Unscheduled,24,AD/SB,EL-BAT,Main Battery,Electrical,6,14318,8776,1415,730,3,Yes,Spadek pojemności,Major,3,Overhauled,70.4,26883,1606
EVT-00699,2022-02-24,LN-NIR,Norwegian,B737-800,9.0,EHAM,EGKK,AOG,29,CMR,HY-PMP-A,Hydraulic Pump A,Hydraulic,5,25294,14005,601,998,2,No,,,0,Inspected OK,3.6,463,5827
EVT-00700,2022-04-09,LN-NIR,Norwegian,B737-800,4.4,EHRD,EGGW,C-Check,53,ALI,FS-CRG,Cargo Door,Structure,8,14707,8240,625,96,1,Yes,Korozja zawiasów,Minor,1,Repaired,5.9,4981,36745
EVT-00701,2024-04-26,LN-NDS,Norwegian,B737-800,11.9,EHRD,EGCC,Unscheduled,28,STC,FU-TNK-R,Fuel Tank Wing Right,Fuel System,9,34937,23303,977,668,1,Yes,Korozja wżerowa,Minor,1,Cleaned,4.4,684,9427
EVT-00702,2021-07-19,PH-BDZ,KLM,B737-800,3.1,EHEH,EGCC,Unscheduled,21,CMR,AC-PCK-R,Air Conditioning Pack Right,Air Conditioning,7,7716,6018,61,127,3,Yes,Korozja wewnętrzna,Minor,1,Inspected OK,4.0,144,7574
EVT-00703,2023-05-07,EI-DVJ,Ryanair,B737-800,5.8,EHAM,EGLL,Line Maintenance,28,STC,FU-TNK-R,Fuel Tank Wing Right,Fuel System,9,17873,9246,155,520,3,No,,,0,Inspected OK,1.2,190,12454
EVT-00704,2021-08-24,EI-DDM,Ryanair,B737-800,8.4,EHAM,EGKK,Line Maintenance,32,CMR,LG-TIR-N,Nose Tire,Landing Gear,2,26401,12945,475,231,5,Yes,Uszkodzenie boku,Moderate,2,Repaired,14.7,4496,0
EVT-00705,2019-04-01,PH-BMX,KLM,B737-800,14.0,EHAM,EGCC,C-Check,30,STC,IR-PIT,Pitot Tube Heater,Ice Protection,9,42521,27669,464,1388,3,No,,,0,Inspected OK,2.7,75,2816
EVT-00706,2025-06-15,LN-NDS,Norwegian,B737-800,14.9,EHEH,EGSS,AOG,32,STC,LG-TIR-M,Main Tire,Landing Gear,2,40417,28147,323,346,1,Yes,Uszkodzenie boku,Moderate,2,Replaced,30.1,43592,0
EVT-00707,2018-07-19,OO-JVN,TUI fly,B737-800,10.7,EHRD,EGSS,Daily Inspection,57,AD/SB,WG-SPR-R,Wing Spar Right,Structure,9,27982,17591,716,44,1,No,,,0,Inspected OK,3.1,372,46133
EVT-00708,2024-09-18,EI-DUN,Ryanair,B737-800,5.3,EHAM,EGLL,Line Maintenance,72,MPD,EN-HPC-1,Engine #1 HP Compressor,Powerplant,7,15998,9700,822,30,3,Yes,Korozja gorąca,Minor,1,Inspected OK,1.5,339,10611
EVT-00709,2018-11-30,EI-DGC,Ryanair,B737-800,10.8,EHRD,EGKK,Daily Inspection,32,CMR,LG-TIR-N,Nose Tire,Landing Gear,2,32672,21573,335,881,4,Yes,Zużycie bieżnika,Moderate,2,Replaced,27.7,41181,0
EVT-00710,2022-06-25,EI-DUN,Ryanair,B737-800,9.1,EHEH,EGSS,A-Check,24,MPD,EL-GEN-1,Generator #1,Electrical,5,27452,17699,1100,224,2,No,,,0,Inspected OK,3.6,165,6685
EVT-00711,2022-07-01,LN-NDS,Norwegian,B737-800,7.9,EHRD,EGGW,A-Check,72,MPD,EN-FAN-1,Engine #1 Fan Blades,Powerplant,6,23690,15289,906,321,2,No,,,0,Inspected OK,0.7,63,13127
EVT-00712,2025-12-30,OO-JBB,TUI fly,B737-800,13.2,EHRD,EGGW,Line Maintenance,32,MPD,LG-TIR-N,Nose Tire,Landing Gear,2,42253,30190,616,1102,0,Yes,Zużycie bieżnika,Minor,1,Cleaned,2.8,431,0
EVT-00713,2020-04-25,PH-BKH,KLM,B737-800,10.6,EHEH,EGLL,Line Maintenance,30,STC,IR-WAI-L,Wing Anti-Ice Valve Left,Ice Protection,8,27244,19889,2465,151,5,Yes,Korozja wewnętrzna,Minor,1,Cleaned,1.7,234,2214
EVT-00714,2026-01-02,LN-NIR,Norwegian,B737-800,10.0,EHEH,EGLL,C-Check,24,STC,EL-GEN-1,Generator #1,Electrical,5,28736,20758,625,449,1,Yes,Korozja styków,Minor,1,Cleaned,5.1,222,6155
EVT-00715,2020-11-28,OO-JVB,TUI fly,B737-800,2.3,EHRD,EGGW,A-Check,53,CMR,FS-DOR-PX,Pax Door Frame,Structure,7,6927,4501,187,656,0,No,,,0,Inspected OK,3.1,185,44133
EVT-00716,2018-10-12,PH-BYZ,KLM,B737-800,6.6,EHEH,EGLL,Unscheduled,53,MPD,FS-DOR-PX,Pax Door Frame,Structure,7,19172,16397,150,812,2,Yes,Korozja szczelinowa uszczelek,Minor,1,Repaired,14.7,1722,29218
EVT-00717,2024-04-22,EI-DMY,Ryanair,B737-800,4.2,EHEH,EGSS,Line Maintenance,29,STC,HY-LIN-A,Hydraulic Lines System A,Hydraulic,7,9826,7504,1103,182,3,Yes,Rdza wewnętrzna,Minor,1,Repaired,15.1,5547,9407
EVT-00718,2020-10-13,PH-BYZ,KLM,B737-800,9.6,EHRD,EGSS,Line Maintenance,27,STC,FC-AIL-R,Aileron Right,Flight Controls,7,24655,14780,379,65,3,No,,,0,Inspected OK,1.6,200,6092
EVT-00719,2020-02-17,LN-NDS,Norwegian,B737-800,8.3,EHEH,EGCC,C-Check,30,ALI,IR-WAI-L,Wing Anti-Ice Valve Left,Ice Protection,8,23310,15815,584,364,0,Yes,Zakleszczenie zaworu,Minor,1,Inspected OK,1.7,465,4908
EVT-00720,2026-01-18,EI-DDM,Ryanair,B737-800,4.6,EHRD,EGCC,A-Check,29,STC,HY-LIN-A,Hydraulic Lines System A,Hydraulic,7,13822,8813,636,148,3,Yes,Rdza wewnętrzna,Major,3,Replaced,38.0,17339,5605
EVT-00721,2020-02-26,EI-DUN,Ryanair,B737-800,4.9,EHAM,EGSS,A-Check,30,ALI,IR-WAI-L,Wing Anti-Ice Valve Left,Ice Protection,8,12583,8243,50,78,2,No,,,0,Inspected OK,3.5,165,6016
EVT-00722,2021-02-02,EI-DLY,Ryanair,B737-800,9.4,EHEH,EGCC,AOG,53,STC,FS-SKN-AF,Fuselage Skin Aft,Structure,8,24723,14376,580,175,4,Yes,Korozja warstwowa,Minor,1,Cleaned,3.1,1118,25584
EVT-00723,2019-11-19,LN-NKW,Norwegian,B737-800,6.1,EHEH,EGSS,C-Check,72,MPD,EN-FAN-1,Engine #1 Fan Blades,Powerplant,6,19158,11355,2307,245,1,Yes,FOD damage,Moderate,2,Replaced,14.6,70742,10510
EVT-00724,2024-01-21,PH-BYZ,KLM,B737-800,13.2,EHRD,EGSS,AOG,25,CMR,EQ-SLI-1,Escape Slide #1,Equipment,4,31730,24561,744,706,3,Yes,Degradacja gumy,Moderate,2,Replaced,10.2,39851,8005
EVT-00725,2026-03-31,EI-DWF,Ryanair,B737-800,2.8,EHEH,EGCC,Line Maintenance,30,CMR,IR-WAI-L,Wing Anti-Ice Valve Left,Ice Protection,8,8190,6136,1427,408,0,Yes,Korozja wewnętrzna,Minor,1,Cleaned,2.5,793,5454
EVT-00726,2020-11-13,PH-BZZ,KLM,B737-800,4.6,EHEH,EGSS,C-Check,53,CMR,FS-SKN-FW,Fuselage Skin Forward,Structure,8,13803,6674,210,87,1,Yes,Korozja warstwowa,Moderate,2,Replaced,14.3,5690,32875
EVT-00727,2024-12-16,PH-BDZ,KLM,B737-800,4.5,EHRD,EGGW,Unscheduled,28,MPD,FU-PMP-1,Fuel Boost Pump #1,Fuel System,6,10608,9700,2893,129,1,Yes,Korozja styków elektrycznych,Minor,1,Inspected OK,2.4,344,3107
EVT-00728,2021-04-05,EI-DDM,Ryanair,B737-800,3.8,EHEH,EGLL,Unscheduled,32,CMR,LG-TIR-M,Main Tire,Landing Gear,2,11750,8720,50,33,3,Yes,Uszkodzenie boku,Moderate,2,Repaired,17.0,2312,0
EVT-00729,2025-05-24,LN-NDS,Norwegian,B737-800,13.7,EHRD,EGCC,Unscheduled,27,MPD,FC-AIL-R,Aileron Right,Flight Controls,7,31762,22854,408,97,3,Yes,Pęknięcie zmęczeniowe,Major,3,Overhauled,59.2,18823,1735
EVT-00730,2021-04-15,EI-DLY,Ryanair,B737-800,3.8,EHEH,EGSS,AOG,57,STC,WG-SPR-R,Wing Spar Right,Structure,9,11540,7403,199,188,1,Yes,Korozja w mokowaniu,Moderate,2,Repaired,19.9,1738,38472
EVT-00731,2024-03-15,LN-NDS,Norwegian,B737-800,9.8,EHRD,EGCC,AOG,24,CMR,EL-GEN-1,Generator #1,Electrical,5,26097,21766,542,1275,2,No,,,0,Inspected OK,0.9,234,6799
EVT-00732,2020-04-12,LN-NIR,Norwegian,B737-800,3.9,EHEH,EGLL,Line Maintenance,28,ALI,FU-PMP-1,Fuel Boost Pump #1,Fuel System,6,11341,8709,157,49,5,Yes,Korozja styków elektrycznych,Minor,1,Repaired,17.0,6338,3754
EVT-00733,2024-03-09,OO-JVB,TUI fly,B737-800,6.1,EHAM,EGCC,Line Maintenance,53,STC,FS-CRG,Cargo Door,Structure,8,13979,13125,243,77,2,Yes,Korozja zawiasów,Critical,4,Overhauled,71.3,45852,11571
EVT-00734,2020-11-25,PH-BDT,KLM,B737-800,14.6,EHRD,EGSS,Line Maintenance,29,STC,HY-LIN-A,Hydraulic Lines System A,Hydraulic,7,39117,26326,121,588,4,Yes,Rdza wewnętrzna,Moderate,2,Repaired,13.3,1211,3491
EVT-00735,2020-04-09,EI-DGC,Ryanair,B737-800,13.7,EHEH,EGKK,Line Maintenance,25,CMR,EQ-SLI-1,Escape Slide #1,Equipment,4,38661,29348,885,1068,1,No,,,0,Inspected OK,1.0,260,14677
EVT-00736,2022-05-16,EI-DGY,Ryanair,B737-800,5.9,EHAM,EGCC,C-Check,27,AD/SB,FC-AIL-L,Aileron Left,Flight Controls,7,17833,10615,257,30,4,No,,,0,Inspected OK,3.7,282,6260
EVT-00737,2019-08-23,PH-BYZ,KLM,B737-800,13.4,EHRD,EGLL,Daily Inspection,72,MPD,EN-FAN-2,Engine #2 Fan Blades,Powerplant,6,40778,28477,988,134,2,No,,,0,Inspected OK,3.2,253,11810
EVT-00738,2025-02-22,EI-DLY,Ryanair,B737-800,7.4,EHEH,EGGW,A-Check,24,AD/SB,EL-GEN-1,Generator #1,Electrical,5,20020,14995,850,155,1,No,,,0,Inspected OK,0.9,172,7743
EVT-00739,2018-08-14,EI-DWF,Ryanair,B737-800,6.6,EHAM,EGKK,Unscheduled,28,CMR,FU-PMP-2,Fuel Boost Pump #2,Fuel System,6,18041,10162,1912,66,2,Yes,Korozja styków elektrycznych,Minor,1,Cleaned,2.8,1159,3251
EVT-00740,2022-01-11,OO-JBV,TUI fly,B737-800,4.6,EHAM,EGSS,Unscheduled,32,AD/SB,LG-NLG,Nose Landing Gear,Landing Gear,9,13953,9730,50,1097,2,Yes,Wyciek hydrauliczny,Minor,1,Cleaned,4.4,1181,14625
EVT-00741,2025-01-26,PH-BRO,KLM,B737-800,12.3,EHAM,EGSS,Daily Inspection,36,STC,PN-DUC-L,Bleed Air Duct Left,Pneumatic,6,43018,21743,487,1347,4,Yes,Wyciek,Major,3,Replaced,15.3,44332,2643
EVT-00742,2022-11-15,PH-BYZ,KLM,B737-800,6.8,EHAM,EGLL,A-Check,32,ALI,LG-TIR-M,Main Tire,Landing Gear,2,18337,12006,822,169,0,Yes,Uszkodzenie boku,Major,3,Overhauled,83.6,12156,312
EVT-00743,2023-02-10,PH-BYZ,KLM,B737-800,13.8,EHAM,EGCC,Unscheduled,38,AD/SB,WW-TNK,Potable Water Tank,Water/Waste,9,41500,24685,340,2168,2,No,,,0,Inspected OK,0.9,368,8170
EVT-00744,2020-08-26,PH-BDZ,KLM,B737-800,7.6,EHEH,EGLL,A-Check,27,ALI,FC-ELV-L,Elevator Left,Flight Controls,6,25401,16289,405,245,1,Yes,Korozja wżerowa,Critical,4,Replaced,25.7,52383,3568
EVT-00745,2019-07-19,EI-DDM,Ryanair,B737-800,10.8,EHRD,EGGW,Line Maintenance,72,AD/SB,EN-FAN-1,Engine #1 Fan Blades,Powerplant,6,30196,19594,324,357,2,Yes,Korozja wżerowa,Minor,1,Repaired,17.2,2599,10283
EVT-00746,2025-04-30,OO-JHF,TUI fly,B737-800,4.8,EHEH,EGKK,Line Maintenance,72,AD/SB,EN-FAN-1,Engine #1 Fan Blades,Powerplant,6,15059,10788,369,399,1,No,,,0,Inspected OK,1.2,97,15688
EVT-00747,2026-02-01,EI-DGY,Ryanair,B737-800,5.8,EHEH,EGGW,A-Check,57,MPD,WG-LEA-L,Wing Leading Edge Left,Structure,7,18186,12867,2406,784,0,Yes,Korozja wżerowa,Major,3,Replaced,39.2,44922,6553
EVT-00748,2021-02-27,EI-DGC,Ryanair,B737-800,6.2,EHEH,EGKK,Unscheduled,72,CMR,EN-HPT-1,Engine #1 HP Turbine,Powerplant,5,14783,11382,703,1016,2,No,,,0,Inspected OK,3.3,321,11263
EVT-00749,2024-01-17,LN-NLP,Norwegian,B737-800,5.3,EHRD,EGCC,AOG,72,ALI,EN-FAN-1,Engine #1 Fan Blades,Powerplant,6,14801,8185,1084,882,3,Yes,Erozja,Minor,1,Cleaned,4.7,439,10517
EVT-00750,2021-12-09,EI-DUN,Ryanair,B737-800,8.6,EHEH,EGLL,AOG,27,AD/SB,FC-RUD,Rudder,Flight Controls,6,22365,16591,273,594,0,Yes,Erozja krawędzi natarcia,Moderate,2,Repaired,14.1,2839,6762
EVT-00751,2025-06-18,EI-DNJ,Ryanair,B737-800,8.4,EHEH,EGSS,Line Maintenance,28,AD/SB,FU-PMP-2,Fuel Boost Pump #2,Fuel System,6,25378,14477,750,2122,2,Yes,Korozja styków elektrycznych,Minor,1,Repaired,12.2,2872,3712
EVT-00752,2019-10-15,EI-DNJ,Ryanair,B737-800,2.6,EHRD,EGCC,AOG,28,STC,FU-PMP-2,Fuel Boost Pump #2,Fuel System,6,7203,5176,828,280,1,Yes,Korozja styków elektrycznych,Moderate,2,Replaced,17.7,74080,3712
EVT-00753,2025-01-28,EI-DNJ,Ryanair,B737-800,13.6,EHEH,EGGW,A-Check,24,AD/SB,EL-WIR-FW,Wiring Harness FWD,Electrical,8,33440,23045,611,1041,0,Yes,Przetarcie izolacji,Moderate,2,Repaired,9.5,3696,9910
EVT-00754,2020-05-12,LN-NDS,Norwegian,B737-800,4.4,EHAM,EGGW,A-Check,32,CMR,LG-BRK-L,Brake Assembly Left,Landing Gear,8,11184,8122,524,283,1,Yes,Zużycie tarcz,Moderate,2,Replaced,29.9,37716,1617
EVT-00755,2022-06-05,PH-BDZ,KLM,B737-800,8.3,EHAM,EGCC,C-Check,53,AD/SB,FS-DOR-PX,Pax Door Frame,Structure,7,24528,14733,1297,399,2,Yes,Korozja szczelinowa uszczelek,Minor,1,Cleaned,1.2,232,28174
EVT-00756,2025-02-08,EI-DMY,Ryanair,B737-800,13.6,EHRD,EGLL,C-Check,24,CMR,EL-BAT,Main Battery,Electrical,6,34416,23235,220,1650,3,Yes,Spadek pojemności,Moderate,2,Repaired,8.7,2292,1487
EVT-00757,2024-08-15,EI-DKD,Ryanair,B737-800,5.7,EHAM,EGGW,Daily Inspection,32,ALI,LG-MLG-L,Main Landing Gear Left,Landing Gear,10,13383,9398,904,205,1,No,,,0,Inspected OK,3.8,219,16700
EVT-00758,2026-03-07,OO-JHF,TUI fly,B737-800,2.4,EHEH,EGCC,AOG,32,MPD,LG-MLG-L,Main Landing Gear Left,Landing Gear,10,5805,3835,108,36,1,Yes,Pęknięcie strukturalne,Moderate,2,Replaced,13.6,62056,12739
EVT-00759,2022-11-13,OO-JVB,TUI fly,B737-800,10.1,EHEH,EGKK,C-Check,53,MPD,FS-SKN-AF,Fuselage Skin Aft,Structure,8,28393,18395,381,423,2,Yes,Pęknięcie wokół nita,Critical,4,Overhauled,35.4,12099,8426
EVT-00760,2019-03-03,OO-JHF,TUI fly,B737-800,2.7,EHAM,EGKK,Line Maintenance,29,MPD,HY-PMP-A,Hydraulic Pump A,Hydraulic,5,7872,4938,641,267,0,Yes,Spadek ciśnienia,Minor,1,Repaired,13.0,4581,6748
EVT-00761,2024-04-07,LN-NIR,Norwegian,B737-800,7.1,EHAM,EGCC,Line Maintenance,27,CMR,FC-AIL-R,Aileron Right,Flight Controls,7,19394,10992,1275,535,0,Yes,Zużycie łożysk,Moderate,2,Repaired,16.5,5329,5422
EVT-00762,2023-08-14,PH-BDT,KLM,B737-800,3.7,EHRD,EGSS,C-Check,29,CMR,HY-LIN-A,Hydraulic Lines System A,Hydraulic,7,10838,7467,904,30,2,No,,,0,Inspected OK,1.3,315,12224
EVT-00763,2020-01-16,LN-NDS,Norwegian,B737-800,5.5,EHEH,EGKK,Line Maintenance,72,CMR,EN-FAN-2,Engine #2 Fan Blades,Powerplant,6,17157,10095,232,2378,2,Yes,Erozja,Moderate,2,Replaced,8.7,66265,8601
EVT-00764,2023-03-26,PH-BMX,KLM,B737-800,6.4,EHRD,EGSS,Unscheduled,27,ALI,FC-FLP-R,Flap Track Right,Flight Controls,9,16583,14248,952,251,0,Yes,Korozja szczelinowa,Moderate,2,Repaired,4.2,5040,10954
EVT-00765,2024-03-29,PH-BYZ,KLM,B737-800,7.7,EHRD,EGCC,C-Check,27,AD/SB,FC-FLP-R,Flap Track Right,Flight Controls,9,25469,14907,570,329,1,No,,,0,Inspected OK,2.6,431,14814
EVT-00766,2023-11-29,EI-DMY,Ryanair,B737-800,7.6,EHEH,EGGW,Line Maintenance,29,MPD,HY-LIN-A,Hydraulic Lines System A,Hydraulic,7,23120,13795,61,428,2,Yes,Rdza wewnętrzna,Major,3,Replaced,14.1,62849,5641
EVT-00767,2024-12-05,LN-NDS,Norwegian,B737-800,9.4,EHAM,EGGW,C-Check,72,AD/SB,EN-HPC-1,Engine #1 HP Compressor,Powerplant,7,27368,20394,827,30,3,Yes,Zużycie łopatek,Moderate,2,Repaired,8.7,3812,6528
EVT-00768,2024-10-09,LN-NLP,Norwegian,B737-800,7.4,EHEH,EGGW,AOG,57,STC,WG-SPR-R,Wing Spar Right,Structure,9,19628,8039,252,30,2,Yes,Pęknięcie zmęczeniowe,Moderate,2,Replaced,35.7,61005,29624
EVT-00769,2025-10-27,EI-DGC,Ryanair,B737-800,4.4,EHEH,EGCC,Unscheduled,53,MPD,FS-SKN-AF,Fuselage Skin Aft,Structure,8,12298,9632,112,714,1,No,,,0,Inspected OK,3.1,328,47785
EVT-00770,2023-10-28,EI-DUN,Ryanair,B737-800,2.1,EHEH,EGGW,Unscheduled,72,ALI,EN-FAN-1,Engine #1 Fan Blades,Powerplant,6,6580,3830,1232,372,5,Yes,Erozja,Moderate,2,Replaced,13.8,40081,8716
EVT-00771,2020-02-29,PH-BMX,KLM,B737-800,12.6,EHAM,EGLL,C-Check,24,MPD,EL-GEN-1,Generator #1,Electrical,5,43380,22460,1417,30,2,Yes,Korozja styków,Major,3,Replaced,25.0,8876,2521
EVT-00772,2023-07-04,OO-JBV,TUI fly,B737-800,13.2,EHRD,EGSS,C-Check,27,MPD,FC-AIL-R,Aileron Right,Flight Controls,7,33140,26315,113,159,3,Yes,Zużycie łożysk,Minor,1,Cleaned,4.9,965,4078
EVT-00773,2020-11-04,LN-NAQ,Norwegian,B737-800,8.2,EHRD,EGGW,Line Maintenance,29,MPD,HY-LIN-A,Hydraulic Lines System A,Hydraulic,7,17955,13033,1088,521,1,Yes,Rdza wewnętrzna,Major,3,Overhauled,53.9,29626,6006
EVT-00774,2025-08-19,PH-BPX,KLM,B737-800,4.6,EHAM,EGGW,Line Maintenance,72,CMR,EN-FAN-2,Engine #2 Fan Blades,Powerplant,6,10875,9306,1531,178,3,Yes,FOD damage,Minor,1,Cleaned,1.5,948,11436
EVT-00775,2026-01-12,LN-NDS,Norwegian,B737-800,9.2,EHEH,EGSS,Unscheduled,30,CMR,IR-PIT,Pitot Tube Heater,Ice Protection,9,28293,19060,974,534,5,Yes,Awaria grzałki,Minor,1,Inspected OK,1.2,51,1497
EVT-00776,2026-02-20,PH-BYZ,KLM,B737-800,8.9,EHEH,EGGW,Line Maintenance,28,MPD,FU-TNK-R,Fuel Tank Wing Right,Fuel System,9,29941,17045,382,357,3,Yes,Korozja wżerowa,Moderate,2,Replaced,9.5,63155,6117
EVT-00777,2022-11-10,PH-BPX,KLM,B737-800,6.5,EHAM,EGKK,Daily Inspection,24,AD/SB,EL-GEN-1,Generator #1,Electrical,5,21153,13017,129,508,1,No,,,0,Inspected OK,4.0,188,8188
EVT-00778,2025-08-05,OO-JHF,TUI fly,B737-800,5.0,EHEH,EGGW,C-Check,72,STC,EN-HPT-1,Engine #1 HP Turbine,Powerplant,5,13472,9154,708,39,3,Yes,Pęknięcie zmęczeniowe,Minor,1,Inspected OK,0.6,338,9385
EVT-00779,2024-09-01,PH-BDZ,KLM,B737-800,14.2,EHEH,EGKK,Daily Inspection,57,MPD,WG-SPR-L,Wing Spar Left,Structure,9,33030,24880,185,636,1,Yes,Pęknięcie zmęczeniowe,Moderate,2,Repaired,17.6,1645,22682
EVT-00780,2025-05-01,PH-BZZ,KLM,B737-800,4.6,EHAM,EGGW,Line Maintenance,72,STC,EN-HPT-1,Engine #1 HP Turbine,Powerplant,5,15378,9497,97,712,2,No,,,0,Inspected OK,2.7,221,12629
EVT-00781,2023-10-30,PH-BRO,KLM,B737-800,2.6,EHAM,EGSS,A-Check,28,MPD,FU-PMP-1,Fuel Boost Pump #1,Fuel System,6,7193,5134,2620,1390,3,Yes,Korozja styków elektrycznych,Minor,1,Cleaned,2.5,121,3167
EVT-00782,2023-06-10,PH-BDB,KLM,B737-800,10.0,EHRD,EGLL,AOG,53,STC,FS-SKN-AF,Fuselage Skin Aft,Structure,8,19877,17200,469,112,2,Yes,Korozja pod powłoką,Minor,1,Repaired,14.1,5506,30745
EVT-00783,2026-02-24,PH-BPX,KLM,B737-800,8.7,EHRD,EGLL,A-Check,32,ALI,LG-BRK-L,Brake Assembly Left,Landing Gear,8,24735,16345,2152,765,1,Yes,Wyciek płynu hamulcowego,Minor,1,Repaired,6.1,6634,1277
EVT-00784,2025-08-28,EI-DKD,Ryanair,B737-800,9.3,EHRD,EGKK,Unscheduled,38,STC,WW-TNK,Potable Water Tank,Water/Waste,9,26266,17448,2231,123,3,Yes,Korozja mikrobiologiczna,Moderate,2,Repaired,8.4,3856,4308
EVT-00785,2021-06-12,EI-DGC,Ryanair,B737-800,11.5,EHAM,EGKK,Line Maintenance,72,CMR,EN-FAN-2,Engine #2 Fan Blades,Powerplant,6,28364,19071,2867,99,1,Yes,Korozja wżerowa,Minor,1,Cleaned,2.4,359,11069
EVT-00786,2022-02-27,OO-JBB,TUI fly,B737-800,12.5,EHRD,EGGW,Daily Inspection,27,AD/SB,FC-AIL-L,Aileron Left,Flight Controls,7,35671,27850,931,230,3,Yes,Zużycie łożysk,Minor,1,Repaired,17.4,4056,4190
EVT-00787,2021-08-15,LN-NAQ,Norwegian,B737-800,12.2,EHRD,EGSS,Unscheduled,32,STC,LG-BRK-L,Brake Assembly Left,Landing Gear,8,29915,22400,444,462,0,Yes,Korozja siłowników,Minor,1,Repaired,14.6,5373,2030
EVT-00788,2019-04-20,PH-BMX,KLM,B737-800,12.0,EHRD,EGGW,C-Check,27,CMR,FC-AIL-R,Aileron Right,Flight Controls,7,32554,27102,623,234,1,Yes,Zużycie łożysk,Major,3,Replaced,23.1,70858,2901
EVT-00789,2021-09-02,EI-DNJ,Ryanair,B737-800,2.5,EHAM,EGSS,A-Check,27,ALI,FC-ELV-L,Elevator Left,Flight Controls,6,8308,5287,1304,645,3,No,,,0,Inspected OK,3.7,90,8196
EVT-00790,2023-12-23,EI-DDM,Ryanair,B737-800,13.5,EHRD,EGCC,Daily Inspection,29,MPD,HY-PMP-A,Hydraulic Pump A,Hydraulic,5,36894,22123,416,682,0,No,,,0,Inspected OK,2.6,397,6346
EVT-00791,2022-01-19,OO-JVB,TUI fly,B737-800,14.0,EHRD,EGKK,AOG,29,ALI,HY-RES-A,Hydraulic Reservoir A,Hydraulic,5,37598,27929,1821,640,5,No,,,0,Inspected OK,1.9,179,5765
EVT-00792,2025-12-24,LN-NLP,Norwegian,B737-800,11.1,EHEH,EGGW,C-Check,38,STC,WW-TNK,Potable Water Tank,Water/Waste,9,26062,22920,57,679,1,No,,,0,Inspected OK,0.7,171,9986
EVT-00793,2024-03-05,EI-DGY,Ryanair,B737-800,6.3,EHEH,EGCC,C-Check,27,MPD,FC-FLP-R,Flap Track Right,Flight Controls,9,18419,12423,200,373,4,Yes,Korozja galwaniczna,Major,3,Replaced,31.7,45713,4526
EVT-00794,2025-01-09,PH-BDZ,KLM,B737-800,8.8,EHAM,EGLL,A-Check,24,ALI,EL-BAT,Main Battery,Electrical,6,24123,12047,588,639,3,No,,,0,Inspected OK,2.1,233,3077
EVT-00795,2025-11-17,LN-NKW,Norwegian,B737-800,12.8,EHAM,EGCC,Daily Inspection,30,ALI,IR-PIT,Pitot Tube Heater,Ice Protection,9,31627,26950,817,1259,3,Yes,Awaria grzałki,Critical,4,Replaced,8.7,50336,216
EVT-00796,2023-01-12,LN-NKW,Norwegian,B737-800,11.8,EHRD,EGCC,AOG,53,MPD,FS-DOR-PX,Pax Door Frame,Structure,7,33071,24439,266,696,2,No,,,0,Inspected OK,1.9,180,30179
EVT-00797,2022-04-09,EI-DLY,Ryanair,B737-800,12.5,EHEH,EGSS,AOG,72,AD/SB,EN-HPC-1,Engine #1 HP Compressor,Powerplant,7,37015,25478,488,559,3,No,,,0,Inspected OK,2.1,248,9983
EVT-00798,2022-04-17,EI-DKD,Ryanair,B737-800,10.7,EHEH,EGKK,Unscheduled,53,CMR,FS-DOR-PX,Pax Door Frame,Structure,7,24488,21023,192,131,1,No,,,0,Inspected OK,2.5,217,34090
EVT-00799,2024-02-15,EI-DLY,Ryanair,B737-800,3.4,EHAM,EGKK,Unscheduled,24,CMR,EL-WIR-FW,Wiring Harness FWD,Electrical,8,11246,4482,182,101,3,Yes,Korozja styków elektrycznych,Major,3,Replaced,25.9,58027,9044
EVT-00800,2026-04-16,PH-BPX,KLM,B737-800,2.8,EHRD,EGKK,Line Maintenance,57,MPD,WG-LEA-L,Wing Leading Edge Left,Structure,7,7746,4932,1331,1764,1,No,,,0,Inspected OK,1.2,77,11579
EVT-00801,2023-06-07,PH-BZZ,KLM,B737-800,7.2,EHEH,EGGW,Line Maintenance,53,CMR,FS-CRG,Cargo Door,Structure,8,18294,12918,990,457,1,Yes,Korozja wokół zamków,Major,3,Replaced,27.4,30269,19947
EVT-00802,2024-04-08,LN-NLP,Norwegian,B737-800,8.6,EHEH,EGSS,A-Check,57,AD/SB,WG-LEA-L,Wing Leading Edge Left,Structure,7,25270,12638,72,151,1,Yes,Korozja wżerowa,Minor,1,Inspected OK,2.8,168,9243
EVT-00803,2024-05-17,LN-NKW,Norwegian,B737-800,11.7,EHRD,EGLL,AOG,72,CMR,EN-HPC-1,Engine #1 HP Compressor,Powerplant,7,32801,21330,744,1976,4,No,,,0,Inspected OK,1.4,276,9022
EVT-00804,2020-10-30,PH-BRO,KLM,B737-800,9.4,EHRD,EGCC,Daily Inspection,32,CMR,LG-MLG-R,Main Landing Gear Right,Landing Gear,10,24191,17912,56,771,3,Yes,Korozja naprężeniowa,Minor,1,Repaired,18.1,6885,9664
EVT-00805,2022-10-12,OO-JVB,TUI fly,B737-800,12.2,EHEH,EGGW,A-Check,27,MPD,FC-AIL-R,Aileron Right,Flight Controls,7,41236,23963,1718,410,2,Yes,Pęknięcie zmęczeniowe,Major,3,Replaced,31.2,35285,2323
EVT-00806,2021-10-07,LN-NAQ,Norwegian,B737-800,13.3,EHRD,EGGW,Line Maintenance,21,ALI,AC-PCK-R,Air Conditioning Pack Right,Air Conditioning,7,36034,23264,267,116,2,Yes,Kondensat,Minor,1,Repaired,9.6,7870,5094
EVT-00807,2022-05-12,OO-JBB,TUI fly,B737-800,10.3,EHRD,EGLL,AOG,32,ALI,LG-NLG,Nose Landing Gear,Landing Gear,9,26587,19083,75,536,2,Yes,Wyciek hydrauliczny,Minor,1,Inspected OK,2.3,117,12185
EVT-00808,2022-01-02,LN-NAQ,Norwegian,B737-800,13.7,EHEH,EGCC,Unscheduled,57,MPD,WG-LEA-L,Wing Leading Edge Left,Structure,7,35593,26820,175,173,3,Yes,Erozja powłok,Critical,4,Overhauled,46.2,16815,574
EVT-00809,2025-10-17,OO-JVB,TUI fly,B737-800,9.4,EHEH,EGCC,AOG,32,MPD,LG-BRK-R,Brake Assembly Right,Landing Gear,8,25194,17844,890,444,2,No,,,0,Inspected OK,1.9,126,1933
EVT-00810,2022-12-05,PH-BKH,KLM,B737-800,14.4,EHRD,EGSS,A-Check,21,MPD,AC-PCK-R,Air Conditioning Pack Right,Air Conditioning,7,41562,24265,649,318,1,Yes,Wyciek wymiennika,Critical,4,Replaced,39.2,22297,1290
EVT-00811,2025-04-17,LN-NAQ,Norwegian,B737-800,5.6,EHAM,EGSS,AOG,21,STC,AC-PCK-L,Air Conditioning Pack Left,Air Conditioning,7,14526,12268,123,1170,2,Yes,Kondensat,Major,3,Replaced,31.4,11582,4295
EVT-00812,2018-10-22,EI-DDM,Ryanair,B737-800,8.4,EHRD,EGGW,C-Check,57,CMR,WG-SPR-R,Wing Spar Right,Structure,9,15084,17460,50,90,2,No,,,0,Inspected OK,1.0,278,45891
EVT-00813,2024-05-06,PH-BPX,KLM,B737-800,7.0,EHAM,EGKK,Daily Inspection,27,MPD,FC-AIL-R,Aileron Right,Flight Controls,7,19458,11419,1153,179,4,Yes,Korozja wżerowa,Moderate,2,Replaced,20.9,68430,3348
EVT-00814,2021-11-04,PH-BDT,KLM,B737-800,10.8,EHAM,EGCC,Line Maintenance,32,MPD,LG-BRK-L,Brake Assembly Left,Landing Gear,8,29210,24008,988,529,2,Yes,Korozja siłowników,Minor,1,Inspected OK,0.8,496,1225
EVT-00815,2019-05-10,OO-JHF,TUI fly,B737-800,13.6,EHEH,EGSS,C-Check,53,CMR,FS-SKN-FW,Fuselage Skin Forward,Structure,8,36579,28228,840,239,1,Yes,Korozja pod powłoką,Minor,1,Cleaned,4.6,816,29159
EVT-00816,2021-05-03,LN-NKW,Norwegian,B737-800,14.3,EHAM,EGGW,A-Check,24,CMR,EL-BAT,Main Battery,Electrical,6,32514,36704,2022,30,2,Yes,Korozja zacisków,Minor,1,Repaired,17.9,937,1617
EVT-00817,2025-09-29,EI-DMY,Ryanair,B737-800,2.2,EHEH,EGLL,C-Check,25,ALI,EQ-SLI-1,Escape Slide #1,Equipment,4,6311,4247,856,346,0,No,,,0,Inspected OK,0.6,360,20349
EVT-00818,2023-03-14,EI-DNJ,Ryanair,B737-800,7.3,EHRD,EGSS,C-Check,32,AD/SB,LG-NLG,Nose Landing Gear,Landing Gear,9,22249,11924,192,39,4,Yes,Wyciek hydrauliczny,Moderate,2,Repaired,13.5,891,8170
EVT-00819,2024-02-23,PH-BDB,KLM,B737-800,7.9,EHEH,EGKK,A-Check,21,MPD,AC-PCK-L,Air Conditioning Pack Left,Air Conditioning,7,20418,18385,666,628,2,Yes,Korozja wewnętrzna,Critical,4,Replaced,20.0,21072,2322
EVT-00820,2024-12-18,EI-DWF,Ryanair,B737-800,5.3,EHRD,EGKK,AOG,72,ALI,EN-HPT-1,Engine #1 HP Turbine,Powerplant,5,13771,8211,50,231,4,No,,,0,Inspected OK,0.8,172,11218
EVT-00821,2025-10-08,PH-BPX,KLM,B737-800,11.6,EHAM,EGKK,Unscheduled,29,ALI,HY-PMP-A,Hydraulic Pump A,Hydraulic,5,31507,22029,120,233,1,Yes,Spadek ciśnienia,Minor,1,Inspected OK,3.7,401,5072
EVT-00822,2021-04-23,OO-JVN,TUI fly,B737-800,9.9,EHRD,EGCC,Unscheduled,29,STC,HY-RES-A,Hydraulic Reservoir A,Hydraulic,5,29286,20277,788,609,6,No,,,0,Inspected OK,0.8,267,7661
EVT-00823,2023-12-15,OO-JBB,TUI fly,B737-800,10.6,EHRD,EGLL,Unscheduled,72,AD/SB,EN-FAN-2,Engine #2 Fan Blades,Powerplant,6,33783,20286,469,507,1,Yes,Erozja,Minor,1,Inspected OK,1.1,317,11169
EVT-00824,2025-08-22,PH-BKH,KLM,B737-800,2.1,EHEH,EGGW,Line Maintenance,27,ALI,FC-AIL-L,Aileron Left,Flight Controls,7,6131,3382,105,2348,1,Yes,Korozja wżerowa,Minor,1,Inspected OK,1.1,350,7379
EVT-00825,2023-09-01,EI-DNJ,Ryanair,B737-800,3.0,EHRD,EGGW,AOG,27,STC,FC-FLP-R,Flap Track Right,Flight Controls,9,9844,6617,73,1343,1,Yes,Korozja galwaniczna,Minor,1,Cleaned,5.3,1400,13035
EVT-00826,2019-10-12,PH-BZZ,KLM,B737-800,12.0,EHAM,EGGW,A-Check,57,AD/SB,WG-SPR-L,Wing Spar Left,Structure,9,30782,25099,1216,1602,2,Yes,Korozja warstwowa,Minor,1,Repaired,17.0,838,30576
EVT-00827,2019-06-10,OO-JHF,TUI fly,B737-800,14.0,EHEH,EGKK,C-Check,27,CMR,FC-AIL-R,Aileron Right,Flight Controls,7,31181,29293,311,621,3,Yes,Korozja wżerowa,Major,3,Replaced,8.4,46760,1040
EVT-00828,2021-11-04,EI-DNJ,Ryanair,B737-800,8.4,EHRD,EGLL,Daily Inspection,53,ALI,FS-CRG,Cargo Door,Structure,8,26287,18026,1066,508,0,Yes,Korozja zawiasów,Minor,1,Inspected OK,0.9,318,35049
EVT-00829,2022-06-20,LN-NDS,Norwegian,B737-800,9.2,EHEH,EGLL,C-Check,24,STC,EL-BAT,Main Battery,Electrical,6,24699,17006,449,484,3,Yes,Spadek pojemności,Minor,1,Cleaned,4.2,874,2625
EVT-00830,2024-09-30,EI-DMY,Ryanair,B737-800,8.8,EHAM,EGLL,Unscheduled,30,ALI,IR-WAI-L,Wing Anti-Ice Valve Left,Ice Protection,8,27951,17949,1362,531,1,No,,,0,Inspected OK,1.7,264,4921
EVT-00831,2021-03-05,EI-DWF,Ryanair,B737-800,9.3,EHRD,EGGW,Line Maintenance,38,STC,WW-TNK,Potable Water Tank,Water/Waste,9,26425,13284,144,2282,0,Yes,Korozja wżerowa,Moderate,2,Repaired,10.4,5336,7799
EVT-00832,2021-12-23,EI-DGC,Ryanair,B737-800,8.1,EHRD,EGGW,AOG,32,CMR,LG-MLG-R,Main Landing Gear Right,Landing Gear,10,23164,12796,690,413,2,Yes,Korozja naprężeniowa,Major,3,Replaced,10.7,8920,5229
EVT-00833,2026-03-09,EI-DUN,Ryanair,B737-800,4.5,EHAM,EGGW,A-Check,53,AD/SB,FS-SKN-FW,Fuselage Skin Forward,Structure,8,12302,8406,87,1005,0,Yes,Pęknięcie wokół nita,Major,3,Overhauled,89.7,28369,28043
EVT-00834,2025-08-27,LN-NAQ,Norwegian,B737-800,6.0,EHAM,EGLL,Line Maintenance,32,CMR,LG-TIR-M,Main Tire,Landing Gear,2,18382,11662,384,498,0,No,,,0,Inspected OK,4.0,241,0
EVT-00835,2022-11-10,OO-JVB,TUI fly,B737-800,10.1,EHAM,EGCC,A-Check,27,STC,FC-AIL-R,Aileron Right,Flight Controls,7,32261,16794,361,1074,2,Yes,Pęknięcie zmęczeniowe,Minor,1,Repaired,6.6,1846,5235
EVT-00836,2023-12-13,EI-DNJ,Ryanair,B737-800,12.1,EHAM,EGLL,A-Check,24,CMR,EL-WIR-FW,Wiring Harness FWD,Electrical,8,36406,22088,50,303,4,Yes,Korozja styków elektrycznych,Moderate,2,Repaired,3.7,3068,5609
EVT-00837,2024-10-30,EI-DGC,Ryanair,B737-800,12.2,EHEH,EGGW,A-Check,53,MPD,FS-SKN-FW,Fuselage Skin Forward,Structure,8,36327,23482,1567,155,1,Yes,Korozja warstwowa,Minor,1,Inspected OK,2.3,258,31047
EVT-00838,2024-08-29,OO-JBV,TUI fly,B737-800,5.8,EHAM,EGSS,Unscheduled,27,ALI,FC-ELV-L,Elevator Left,Flight Controls,6,18594,11069,50,84,4,Yes,Korozja wżerowa,Moderate,2,Replaced,31.7,63814,4732
EVT-00839,2022-05-05,LN-NIR,Norwegian,B737-800,8.0,EHEH,EGLL,Line Maintenance,27,ALI,FC-AIL-L,Aileron Left,Flight Controls,7,24289,17062,183,247,2,Yes,Zużycie łożysk,Moderate,2,Replaced,20.8,78493,4280
EVT-00840,2023-03-06,OO-JVB,TUI fly,B737-800,3.4,EHEH,EGKK,Unscheduled,53,ALI,FS-SKN-AF,Fuselage Skin Aft,Structure,8,9108,6925,453,44,4,Yes,Pęknięcie wokół nita,Minor,1,Cleaned,1.4,1411,32952
EVT-00841,2025-10-25,EI-DMY,Ryanair,B737-800,8.3,EHAM,EGKK,Daily Inspection,28,ALI,FU-PMP-2,Fuel Boost Pump #2,Fuel System,6,26194,11845,1256,235,1,Yes,Zużycie wirnika,Minor,1,Cleaned,5.1,411,3501
EVT-00842,2025-03-06,EI-DDM,Ryanair,B737-800,11.8,EHRD,EGCC,AOG,72,STC,EN-FAN-1,Engine #1 Fan Blades,Powerplant,6,31462,23014,600,465,2,Yes,Korozja wżerowa,Moderate,2,Repaired,13.2,7899,7505
EVT-00843,2022-05-01,OO-JBV,TUI fly,B737-800,8.7,EHAM,EGLL,C-Check,29,ALI,HY-PMP-A,Hydraulic Pump A,Hydraulic,5,24146,18685,857,1352,3,No,,,0,Inspected OK,1.4,385,5376
EVT-00844,2022-09-14,OO-JVN,TUI fly,B737-800,6.5,EHEH,EGKK,A-Check,21,STC,AC-PCK-R,Air Conditioning Pack Right,Air Conditioning,7,18326,9516,1199,482,2,No,,,0,Inspected OK,2.7,232,7733
EVT-00845,2023-09-14,EI-DWF,Ryanair,B737-800,11.0,EHEH,EGCC,AOG,32,ALI,LG-TIR-M,Main Tire,Landing Gear,2,36540,21134,423,263,2,No,,,0,Inspected OK,1.0,273,0
EVT-00846,2021-07-31,EI-DNJ,Ryanair,B737-800,7.4,EHRD,EGKK,A-Check,53,AD/SB,FS-SKN-AF,Fuselage Skin Aft,Structure,8,27641,13953,2158,557,4,Yes,Korozja warstwowa,Major,3,Overhauled,49.5,48320,13092
EVT-00847,2022-05-27,OO-JVB,TUI fly,B737-800,4.8,EHRD,EGKK,A-Check,28,STC,FU-TNK-R,Fuel Tank Wing Right,Fuel System,9,13898,9465,151,189,1,Yes,Korozja wżerowa,Major,3,Replaced,14.4,22389,7665
EVT-00848,2022-07-09,PH-BDT,KLM,B737-800,2.4,EHEH,EGCC,A-Check,27,MPD,FC-AIL-L,Aileron Left,Flight Controls,7,6466,4735,50,336,1,Yes,Pęknięcie zmęczeniowe,Minor,1,Inspected OK,2.9,365,7565
EVT-00849,2020-12-25,LN-NIR,Norwegian,B737-800,4.3,EHEH,EGKK,Daily Inspection,32,ALI,LG-TIR-M,Main Tire,Landing Gear,2,13288,9176,50,1846,2,No,,,0,Inspected OK,3.8,249,0
EVT-00850,2019-10-11,OO-JBB,TUI fly,B737-800,2.3,EHAM,EGLL,Unscheduled,28,AD/SB,FU-PMP-1,Fuel Boost Pump #1,Fuel System,6,7695,4033,2160,47,6,No,,,0,Inspected OK,1.9,60,3887
EVT-00851,2026-05-19,EI-DKD,Ryanair,B737-800,13.5,EHRD,EGCC,Unscheduled,57,AD/SB,WG-SPR-L,Wing Spar Left,Structure,9,39555,18881,1933,1124,0,Yes,Korozja warstwowa,Minor,1,Cleaned,3.7,472,35803
EVT-00852,2020-08-03,EI-DNJ,Ryanair,B737-800,7.6,EHAM,EGKK,AOG,24,CMR,EL-WIR-FW,Wiring Harness FWD,Electrical,8,19377,16159,387,800,1,Yes,Korozja styków elektrycznych,Minor,1,Cleaned,5.6,735,14563
EVT-00853,2022-01-18,PH-BUK,KLM,B737-800,7.6,EHEH,EGCC,C-Check,53,STC,FS-CRG,Cargo Door,Structure,8,19513,17039,50,63,2,Yes,Korozja zawiasów,Moderate,2,Repaired,15.0,4346,24034
EVT-00854,2020-02-14,LN-NAQ,Norwegian,B737-800,12.3,EHEH,EGSS,Line Maintenance,28,AD/SB,FU-PMP-1,Fuel Boost Pump #1,Fuel System,6,38397,23300,478,133,1,No,,,0,Inspected OK,2.7,161,4497
EVT-00855,2025-09-07,PH-BPX,KLM,B737-800,10.6,EHEH,EGCC,Line Maintenance,27,ALI,FC-FLP-R,Flap Track Right,Flight Controls,9,32950,18168,317,166,1,Yes,Korozja galwaniczna,Minor,1,Inspected OK,2.3,359,11030
EVT-00856,2024-09-18,OO-JBV,TUI fly,B737-800,11.3,EHRD,EGCC,AOG,72,CMR,EN-HPC-1,Engine #1 HP Compressor,Powerplant,7,28000,24717,50,210,1,Yes,Zużycie łopatek,Moderate,2,Replaced,17.3,28232,8037
EVT-00857,2026-01-05,LN-NLP,Norwegian,B737-800,2.5,EHRD,EGKK,Daily Inspection,25,CMR,EQ-SLI-1,Escape Slide #1,Equipment,4,8564,4924,383,762,1,Yes,Degradacja gumy,Minor,1,Cleaned,1.4,685,17106
EVT-00858,2020-08-02,PH-BUK,KLM,B737-800,14.2,EHRD,EGGW,AOG,57,STC,WG-SPR-L,Wing Spar Left,Structure,9,39915,27291,73,1123,4,Yes,Korozja w mokowaniu,Minor,1,Cleaned,3.6,868,20642
EVT-00859,2021-01-06,LN-NAQ,Norwegian,B737-800,8.0,EHRD,EGCC,Line Maintenance,28,STC,FU-TNK-R,Fuel Tank Wing Right,Fuel System,9,28086,17990,2376,1395,3,Yes,Korozja wżerowa,Minor,1,Repaired,17.4,4437,8514
EVT-00860,2021-04-18,LN-NAQ,Norwegian,B737-800,4.3,EHRD,EGSS,AOG,29,ALI,HY-RES-A,Hydraulic Reservoir A,Hydraulic,5,9798,7525,232,789,1,Yes,Wyciek,Minor,1,Cleaned,2.3,589,10147
EVT-00861,2025-10-18,EI-DMY,Ryanair,B737-800,3.3,EHAM,EGCC,Daily Inspection,27,STC,FC-FLP-R,Flap Track Right,Flight Controls,9,8348,7441,648,63,4,Yes,Korozja szczelinowa,Moderate,2,Replaced,21.7,18675,8529
EVT-00862,2024-12-07,EI-DKD,Ryanair,B737-800,9.9,EHRD,EGCC,Line Maintenance,29,CMR,HY-RES-A,Hydraulic Reservoir A,Hydraulic,5,30378,17282,1327,713,3,Yes,Kondensat w układzie,Minor,1,Repaired,6.6,5355,6600
EVT-00863,2024-07-14,LN-NLP,Norwegian,B737-800,8.1,EHEH,EGKK,Line Maintenance,30,AD/SB,IR-PIT,Pitot Tube Heater,Ice Protection,9,27495,14489,623,1112,1,Yes,Korozja styków,Major,3,Replaced,35.4,13428,1956
EVT-00864,2025-07-31,PH-BPX,KLM,B737-800,9.2,EHRD,EGKK,Line Maintenance,24,CMR,EL-WIR-FW,Wiring Harness FWD,Electrical,8,28247,19425,180,48,2,Yes,Przetarcie izolacji,Minor,1,Cleaned,5.3,1061,12654
EVT-00865,2025-04-30,PH-BUK,KLM,B737-800,13.1,EHRD,EGLL,Line Maintenance,28,STC,FU-TNK-L,Fuel Tank Wing Left,Fuel System,9,41721,25145,434,129,2,Yes,Korozja mikrobiologiczna,Moderate,2,Repaired,12.9,6421,5804
EVT-00866,2024-08-11,EI-DNJ,Ryanair,B737-800,7.5,EHEH,EGSS,Daily Inspection,53,STC,FS-SKN-AF,Fuselage Skin Aft,Structure,8,22339,15780,421,1254,1,No,,,0,Inspected OK,1.6,310,43294
EVT-00867,2025-05-29,PH-BMX,KLM,B737-800,12.2,EHAM,EGCC,AOG,30,ALI,IR-PIT,Pitot Tube Heater,Ice Protection,9,36466,16342,1673,1461,1,No,,,0,Inspected OK,4.0,155,3205
EVT-00868,2021-10-21,LN-NKW,Norwegian,B737-800,7.1,EHAM,EGGW,A-Check,36,STC,PN-DUC-L,Bleed Air Duct Left,Pneumatic,6,20027,12121,50,30,2,Yes,Wyciek,Minor,1,Repaired,14.7,2916,8607
EVT-00869,2019-07-23,PH-BYZ,KLM,B737-800,13.6,EHAM,EGSS,Line Maintenance,30,MPD,IR-WAI-L,Wing Anti-Ice Valve Left,Ice Protection,8,30759,27675,146,313,1,Yes,Zakleszczenie zaworu,Moderate,2,Repaired,5.7,5631,2898
EVT-00870,2026-03-10,PH-BPX,KLM,B737-800,13.8,EHEH,EGLL,Line Maintenance,32,MPD,LG-TIR-N,Nose Tire,Landing Gear,2,32749,24664,504,44,2,Yes,Zużycie bieżnika,Minor,1,Inspected OK,2.3,465,302
EVT-00871,2020-09-08,PH-BUK,KLM,B737-800,4.2,EHRD,EGGW,C-Check,53,MPD,FS-CRG,Cargo Door,Structure,8,14542,9351,410,1786,3,No,,,0,Inspected OK,1.2,365,37028
EVT-00872,2021-11-17,EI-DUN,Ryanair,B737-800,8.2,EHRD,EGGW,Unscheduled,32,CMR,LG-NLG,Nose Landing Gear,Landing Gear,9,23963,13484,281,775,1,Yes,Korozja wżerowa,Minor,1,Cleaned,4.6,339,14221
EVT-00873,2020-12-29,EI-DUN,Ryanair,B737-800,14.2,EHRD,EGKK,A-Check,32,AD/SB,LG-BRK-R,Brake Assembly Right,Landing Gear,8,38686,25631,382,387,0,Yes,Wyciek płynu hamulcowego,Moderate,2,Replaced,22.4,51968,1031
EVT-00874,2022-10-25,OO-JVB,TUI fly,B737-800,7.2,EHEH,EGCC,AOG,72,CMR,EN-FAN-2,Engine #2 Fan Blades,Powerplant,6,17672,13098,1569,177,3,No,,,0,Inspected OK,2.9,58,12822
EVT-00875,2020-06-16,EI-DWF,Ryanair,B737-800,2.5,EHRD,EGGW,AOG,72,AD/SB,EN-HPC-1,Engine #1 HP Compressor,Powerplant,7,6928,5831,1342,1855,4,Yes,Zużycie łopatek,Minor,1,Inspected OK,1.2,463,10228
EVT-00876,2021-11-29,PH-BMX,KLM,B737-800,13.7,EHAM,EGSS,A-Check,57,CMR,WG-LEA-L,Wing Leading Edge Left,Structure,7,39792,24796,89,71,3,Yes,Korozja wżerowa,Minor,1,Inspected OK,2.7,52,6244
EVT-00877,2019-09-29,PH-BZZ,KLM,B737-800,13.3,EHEH,EGKK,Line Maintenance,27,CMR,FC-RUD,Rudder,Flight Controls,6,37329,17697,50,257,1,Yes,Erozja krawędzi natarcia,Moderate,2,Repaired,10.3,7683,5272
EVT-00878,2025-11-24,PH-BZZ,KLM,B737-800,3.0,EHRD,EGKK,AOG,21,MPD,AC-PCK-R,Air Conditioning Pack Right,Air Conditioning,7,5505,5765,1065,488,3,Yes,Korozja wewnętrzna,Minor,1,Cleaned,4.0,503,6427
EVT-00879,2022-01-20,PH-BPX,KLM,B737-800,10.3,EHRD,EGKK,Line Maintenance,72,MPD,EN-HPC-1,Engine #1 HP Compressor,Powerplant,7,29333,16430,607,47,2,Yes,Zużycie łopatek,Minor,1,Inspected OK,2.4,227,9733
EVT-00880,2021-07-29,EI-DLY,Ryanair,B737-800,11.2,EHRD,EGLL,A-Check,27,ALI,FC-AIL-L,Aileron Left,Flight Controls,7,30528,24039,2238,668,0,Yes,Zużycie łożysk,Moderate,2,Replaced,22.7,71811,3620
EVT-00881,2018-11-03,LN-NKW,Norwegian,B737-800,3.8,EHAM,EGKK,A-Check,28,ALI,FU-PMP-1,Fuel Boost Pump #1,Fuel System,6,10427,7779,1489,325,3,No,,,0,Inspected OK,1.7,206,3895
EVT-00882,2020-03-13,PH-BZZ,KLM,B737-800,3.6,EHEH,EGCC,C-Check,32,CMR,LG-MLG-L,Main Landing Gear Left,Landing Gear,10,10481,4995,90,94,0,Yes,Korozja naprężeniowa,Minor,1,Cleaned,3.4,1436,16047
EVT-00883,2025-03-29,LN-NKW,Norwegian,B737-800,11.3,EHEH,EGKK,Line Maintenance,53,MPD,FS-DOR-PX,Pax Door Frame,Structure,7,34334,25281,829,1051,0,No,,,0,Inspected OK,2.6,424,35537
EVT-00884,2021-09-14,PH-BDZ,KLM,B737-800,10.6,EHAM,EGGW,Unscheduled,25,STC,EQ-SLI-1,Escape Slide #1,Equipment,4,29827,20692,610,286,3,No,,,0,Inspected OK,3.4,230,14134
EVT-00885,2019-11-12,PH-BMX,KLM,B737-800,2.1,EHAM,EGKK,Daily Inspection,72,AD/SB,EN-FAN-2,Engine #2 Fan Blades,Powerplant,6,5791,3714,329,759,1,No,,,0,Inspected OK,2.4,115,15769
EVT-00886,2026-03-27,EI-DDM,Ryanair,B737-800,7.5,EHRD,EGKK,Unscheduled,32,MPD,LG-TIR-M,Main Tire,Landing Gear,2,18985,13288,417,263,2,No,,,0,Inspected OK,3.1,228,116
EVT-00887,2024-07-05,EI-DDM,Ryanair,B737-800,12.9,EHEH,EGLL,Daily Inspection,28,STC,FU-TNK-R,Fuel Tank Wing Right,Fuel System,9,33276,19997,550,252,1,Yes,Wyciek paliwa,Minor,1,Repaired,16.8,4353,9406
EVT-00888,2019-06-25,EI-DUN,Ryanair,B737-800,10.1,EHRD,EGGW,A-Check,21,AD/SB,AC-PCK-R,Air Conditioning Pack Right,Air Conditioning,7,30301,20862,962,169,1,No,,,0,Inspected OK,3.9,437,7419
EVT-00889,2018-06-20,EI-DWF,Ryanair,B737-800,6.2,EHAM,EGGW,C-Check,28,MPD,FU-TNK-L,Fuel Tank Wing Left,Fuel System,9,18097,12043,1025,126,1,Yes,Wyciek paliwa,Minor,1,Repaired,9.6,3178,11957
EVT-00890,2025-03-02,EI-DNJ,Ryanair,B737-800,6.8,EHRD,EGLL,Unscheduled,29,ALI,HY-RES-A,Hydraulic Reservoir A,Hydraulic,5,17691,14610,50,292,1,Yes,Wyciek,Minor,1,Inspected OK,0.9,349,9567
EVT-00891,2022-01-02,EI-DDM,Ryanair,B737-800,14.5,EHRD,EGKK,Unscheduled,30,STC,IR-WAI-L,Wing Anti-Ice Valve Left,Ice Protection,8,36695,25239,2203,30,1,Yes,Korozja wewnętrzna,Moderate,2,Repaired,8.5,1751,2217
EVT-00892,2023-12-06,PH-BDB,KLM,B737-800,2.2,EHRD,EGGW,AOG,72,AD/SB,EN-HPT-1,Engine #1 HP Turbine,Powerplant,5,3725,5007,1220,453,1,No,,,0,Inspected OK,1.5,122,12760
EVT-00893,2023-11-25,PH-BDZ,KLM,B737-800,14.8,EHRD,EGKK,AOG,24,MPD,EL-BAT,Main Battery,Electrical,6,37874,25412,586,496,2,Yes,Spadek pojemności,Minor,1,Inspected OK,1.4,168,2178
EVT-00894,2023-07-25,OO-JBV,TUI fly,B737-800,8.5,EHAM,EGSS,Line Maintenance,27,STC,FC-ELV-L,Elevator Left,Flight Controls,6,27112,17662,1221,364,2,Yes,Pęknięcie zmęczeniowe,Minor,1,Cleaned,3.0,911,6174
EVT-00895,2022-09-28,EI-DDM,Ryanair,B737-800,10.4,EHEH,EGCC,A-Check,32,AD/SB,LG-NLG,Nose Landing Gear,Landing Gear,9,22666,19992,567,30,3,Yes,Wyciek hydrauliczny,Moderate,2,Replaced,20.3,67667,7599
EVT-00896,2020-06-25,EI-DLY,Ryanair,B737-800,4.7,EHEH,EGKK,AOG,53,CMR,FS-SKN-AF,Fuselage Skin Aft,Structure,8,11666,8855,399,1124,2,Yes,Pęknięcie wokół nita,Critical,4,Overhauled,79.5,30343,14881
EVT-00897,2026-04-10,OO-JVB,TUI fly,B737-800,7.8,EHAM,EGKK,C-Check,24,AD/SB,EL-WIR-FW,Wiring Harness FWD,Electrical,8,23176,16045,193,754,2,Yes,Przetarcie izolacji,Minor,1,Cleaned,2.8,876,13412
EVT-00898,2019-05-11,LN-NAQ,Norwegian,B737-800,9.1,EHAM,EGKK,AOG,27,MPD,FC-FLP-R,Flap Track Right,Flight Controls,9,25367,18050,238,154,2,No,,,0,Inspected OK,1.5,126,13281
EVT-00899,2021-08-23,EI-DGY,Ryanair,B737-800,6.0,EHAM,EGGW,C-Check,72,ALI,EN-FAN-1,Engine #1 Fan Blades,Powerplant,6,18489,12538,496,751,1,No,,,0,Inspected OK,0.9,112,14421
EVT-00900,2024-04-06,LN-NKW,Norwegian,B737-800,9.5,EHAM,EGCC,Line Maintenance,28,MPD,FU-PMP-1,Fuel Boost Pump #1,Fuel System,6,25095,17570,1222,822,2,No,,,0,Inspected OK,1.6,337,4273
EVT-00901,2019-09-25,PH-BRO,KLM,B737-800,4.2,EHAM,EGGW,Line Maintenance,53,MPD,FS-CRG,Cargo Door,Structure,8,12320,8873,246,698,2,Yes,Korozja wokół zamków,Moderate,2,Replaced,11.4,41889,27206
EVT-00902,2019-01-23,OO-JBB,TUI fly,B737-800,4.0,EHRD,EGGW,Line Maintenance,29,STC,HY-LIN-A,Hydraulic Lines System A,Hydraulic,7,11855,6870,251,166,2,No,,,0,Inspected OK,3.7,116,12845
EVT-00903,2023-01-14,OO-JVB,TUI fly,B737-800,9.3,EHAM,EGKK,C-Check,72,MPD,EN-HPC-1,Engine #1 HP Compressor,Powerplant,7,25349,18444,804,858,3,Yes,Zużycie łopatek,Minor,1,Repaired,16.5,4146,8736
EVT-00904,2024-07-29,LN-NAQ,Norwegian,B737-800,11.4,EHRD,EGGW,Line Maintenance,27,STC,FC-AIL-L,Aileron Left,Flight Controls,7,27693,22130,407,573,2,Yes,Pęknięcie zmęczeniowe,Major,3,Overhauled,95.0,30779,2552
EVT-00905,2019-07-22,EI-DGY,Ryanair,B737-800,13.5,EHAM,EGGW,AOG,30,AD/SB,IR-PIT,Pitot Tube Heater,Ice Protection,9,36871,26155,189,418,0,No,,,0,Inspected OK,0.6,169,3968
EVT-00906,2025-02-15,EI-DLY,Ryanair,B737-800,12.0,EHRD,EGSS,Unscheduled,32,CMR,LG-TIR-M,Main Tire,Landing Gear,2,27581,30930,2080,621,3,No,,,0,Inspected OK,1.0,354,0
EVT-00907,2025-11-12,EI-DKD,Ryanair,B737-800,11.1,EHRD,EGKK,C-Check,25,CMR,EQ-SLI-1,Escape Slide #1,Equipment,4,35805,21904,1073,588,2,No,,,0,Inspected OK,3.2,480,14608
EVT-00908,2018-12-06,PH-BRO,KLM,B737-800,11.2,EHEH,EGKK,Daily Inspection,27,AD/SB,FC-RUD,Rudder,Flight Controls,6,33725,23511,493,271,3,Yes,Korozja warstwowa,Minor,1,Repaired,6.4,4356,6322
EVT-00909,2020-02-17,EI-DVJ,Ryanair,B737-800,12.9,EHRD,EGSS,A-Check,36,ALI,PN-DUC-L,Bleed Air Duct Left,Pneumatic,6,35649,29214,615,884,3,Yes,Korozja gorąca,Moderate,2,Replaced,34.0,69423,4548
EVT-00910,2020-02-08,PH-BYZ,KLM,B737-800,12.8,EHEH,EGCC,Unscheduled,32,CMR,LG-TIR-M,Main Tire,Landing Gear,2,32339,22282,417,1130,2,Yes,Uszkodzenie boku,Moderate,2,Replaced,28.7,77967,0
EVT-00911,2025-05-16,LN-NAQ,Norwegian,B737-800,9.4,EHAM,EGCC,Unscheduled,27,AD/SB,FC-FLP-R,Flap Track Right,Flight Controls,9,26619,16361,1590,393,0,No,,,0,Inspected OK,1.0,432,14760
EVT-00912,2021-11-27,EI-DLY,Ryanair,B737-800,2.1,EHEH,EGGW,AOG,57,CMR,WG-SPR-R,Wing Spar Right,Structure,9,6313,4385,1311,708,0,Yes,Pęknięcie zmęczeniowe,Minor,1,Cleaned,3.1,376,52925
EVT-00913,2019-04-14,OO-JBB,TUI fly,B737-800,4.2,EHEH,EGLL,Line Maintenance,29,ALI,HY-PMP-A,Hydraulic Pump A,Hydraulic,5,11941,6054,244,141,1,Yes,Zużycie tłoków,Minor,1,Cleaned,4.6,876,6211
EVT-00914,2022-01-28,OO-JVB,TUI fly,B737-800,2.8,EHRD,EGSS,A-Check,28,AD/SB,FU-TNK-L,Fuel Tank Wing Left,Fuel System,9,7373,6467,363,1650,0,Yes,Korozja mikrobiologiczna,Minor,1,Repaired,14.4,7217,13987
EVT-00915,2019-10-08,OO-JBV,TUI fly,B737-800,6.9,EHRD,EGGW,Unscheduled,27,MPD,FC-FLP-R,Flap Track Right,Flight Controls,9,18237,13977,280,757,0,Yes,Zużycie rolek,Minor,1,Cleaned,4.6,240,13440
EVT-00916,2025-04-06,EI-DDM,Ryanair,B737-800,11.8,EHAM,EGKK,AOG,27,MPD,FC-AIL-L,Aileron Left,Flight Controls,7,36060,25259,1421,30,0,Yes,Zużycie łożysk,Moderate,2,Repaired,9.3,1871,4394
EVT-00917,2023-04-13,EI-DWF,Ryanair,B737-800,14.8,EHEH,EGGW,Daily Inspection,57,STC,WG-SPR-L,Wing Spar Left,Structure,9,45076,28543,397,1118,0,Yes,Pęknięcie zmęczeniowe,Minor,1,Repaired,4.6,5166,33985
EVT-00918,2025-06-30,LN-NIR,Norwegian,B737-800,5.1,EHRD,EGCC,A-Check,53,MPD,FS-SKN-AF,Fuselage Skin Aft,Structure,8,13866,10586,104,142,0,Yes,Korozja warstwowa,Minor,1,Cleaned,3.2,488,42986
EVT-00919,2025-05-19,LN-NIR,Norwegian,B737-800,11.4,EHAM,EGLL,AOG,72,MPD,EN-HPC-1,Engine #1 HP Compressor,Powerplant,7,32876,24470,761,455,0,No,,,0,Inspected OK,2.2,354,12613
EVT-00920,2025-09-03,EI-DWF,Ryanair,B737-800,11.8,EHEH,EGGW,Unscheduled,24,AD/SB,EL-WIR-FW,Wiring Harness FWD,Electrical,8,31883,23482,2232,33,0,Yes,Przetarcie izolacji,Moderate,2,Replaced,29.2,26701,10197
EVT-00921,2021-01-04,OO-JHF,TUI fly,B737-800,6.2,EHEH,EGGW,C-Check,27,ALI,FC-AIL-L,Aileron Left,Flight Controls,7,15850,9946,251,429,3,Yes,Korozja wżerowa,Critical,4,Overhauled,48.0,39155,1820
EVT-00922,2024-06-25,EI-DGC,Ryanair,B737-800,10.0,EHRD,EGLL,Unscheduled,24,CMR,EL-GEN-1,Generator #1,Electrical,5,26465,20908,213,532,3,Yes,Korozja styków,Major,3,Overhauled,65.2,38051,3338
EVT-00923,2022-12-04,OO-JVB,TUI fly,B737-800,11.3,EHEH,EGSS,A-Check,29,AD/SB,HY-PMP-A,Hydraulic Pump A,Hydraulic,5,32647,20156,116,41,2,No,,,0,Inspected OK,2.2,423,5485
EVT-00924,2023-12-22,PH-BPX,KLM,B737-800,12.8,EHRD,EGKK,Line Maintenance,24,MPD,EL-GEN-1,Generator #1,Electrical,5,34923,24773,349,554,4,No,,,0,Inspected OK,1.5,65,5648
EVT-00925,2024-09-13,EI-DKD,Ryanair,B737-800,5.1,EHRD,EGLL,C-Check,72,STC,EN-HPT-1,Engine #1 HP Turbine,Powerplant,5,13962,11374,314,382,1,Yes,Pęknięcie zmęczeniowe,Moderate,2,Repaired,6.7,3490,9258
EVT-00926,2023-01-04,PH-BPX,KLM,B737-800,11.3,EHEH,EGGW,A-Check,57,STC,WG-SPR-L,Wing Spar Left,Structure,9,33589,18645,747,388,1,Yes,Korozja w mokowaniu,Minor,1,Cleaned,4.2,1168,35813
EVT-00927,2025-04-26,PH-BUK,KLM,B737-800,14.0,EHEH,EGGW,Unscheduled,28,ALI,FU-TNK-R,Fuel Tank Wing Right,Fuel System,9,41073,27649,1044,1577,2,Yes,Korozja wżerowa,Minor,1,Inspected OK,1.1,62,7531
EVT-00928,2023-09-24,EI-DDM,Ryanair,B737-800,5.4,EHEH,EGKK,Unscheduled,72,MPD,EN-FAN-1,Engine #1 Fan Blades,Powerplant,6,14379,9329,1946,1339,2,Yes,Erozja,Minor,1,Inspected OK,3.9,445,11363
EVT-00929,2023-12-07,EI-DKD,Ryanair,B737-800,13.1,EHEH,EGLL,Daily Inspection,30,MPD,IR-WAI-L,Wing Anti-Ice Valve Left,Ice Protection,8,37855,27321,338,1344,2,No,,,0,Inspected OK,3.2,328,4523
EVT-00930,2024-12-28,PH-BRO,KLM,B737-800,13.0,EHRD,EGCC,Unscheduled,30,AD/SB,IR-PIT,Pitot Tube Heater,Ice Protection,9,30610,24132,1872,316,2,No,,,0,Inspected OK,3.2,287,2927
EVT-00931,2025-08-14,EI-DLY,Ryanair,B737-800,9.7,EHRD,EGKK,Daily Inspection,24,AD/SB,EL-WIR-FW,Wiring Harness FWD,Electrical,8,23882,16359,50,525,1,Yes,Korozja styków elektrycznych,Moderate,2,Replaced,32.1,42768,10995
EVT-00932,2019-01-02,EI-DUN,Ryanair,B737-800,3.9,EHEH,EGLL,Daily Inspection,24,ALI,EL-GEN-1,Generator #1,Electrical,5,12225,7906,289,2442,1,Yes,Zużycie szczotek,Moderate,2,Replaced,22.1,9263,6613
EVT-00933,2021-01-05,LN-NDS,Norwegian,B737-800,4.8,EHAM,EGKK,Unscheduled,72,AD/SB,EN-HPT-1,Engine #1 HP Turbine,Powerplant,5,13526,9509,651,639,1,Yes,Korozja gorąca,Minor,1,Repaired,10.1,6252,11230
EVT-00934,2022-04-25,LN-NDS,Norwegian,B737-800,8.3,EHRD,EGGW,Unscheduled,27,CMR,FC-ELV-L,Elevator Left,Flight Controls,6,25186,14293,140,279,4,Yes,Korozja wżerowa,Critical,4,Replaced,15.7,17610,1546
EVT-00935,2025-10-11,OO-JHF,TUI fly,B737-800,2.9,EHRD,EGKK,Unscheduled,53,ALI,FS-DOR-PX,Pax Door Frame,Structure,7,8189,5742,3188,247,2,No,,,0,Inspected OK,1.1,168,39052
EVT-00936,2020-10-12,EI-DLY,Ryanair,B737-800,6.2,EHAM,EGCC,Line Maintenance,57,AD/SB,WG-SPR-R,Wing Spar Right,Structure,9,17607,10364,150,64,1,No,,,0,Inspected OK,3.1,59,52740
EVT-00937,2021-05-13,LN-NIR,Norwegian,B737-800,11.0,EHAM,EGLL,Daily Inspection,30,ALI,IR-WAI-L,Wing Anti-Ice Valve Left,Ice Protection,8,32315,20089,1014,45,6,Yes,Zakleszczenie zaworu,Minor,1,Inspected OK,0.6,56,2344
EVT-00938,2020-07-11,PH-BDT,KLM,B737-800,14.9,EHAM,EGLL,Daily Inspection,32,CMR,LG-MLG-L,Main Landing Gear Left,Landing Gear,10,51598,29528,669,483,0,Yes,Korozja wżerowa,Moderate,2,Repaired,11.0,7457,7200
EVT-00939,2020-03-14,OO-JBV,TUI fly,B737-800,14.7,EHEH,EGGW,C-Check,32,CMR,LG-TIR-N,Nose Tire,Landing Gear,2,48410,22976,1210,919,4,No,,,0,Inspected OK,3.3,237,0
EVT-00940,2021-03-26,EI-DNJ,Ryanair,B737-800,5.1,EHEH,EGLL,Line Maintenance,28,CMR,FU-PMP-1,Fuel Boost Pump #1,Fuel System,6,14194,8755,1853,1077,3,Yes,Zużycie wirnika,Moderate,2,Replaced,37.3,14420,2402
EVT-00941,2020-05-28,OO-JVN,TUI fly,B737-800,7.8,EHEH,EGSS,C-Check,29,MPD,HY-RES-A,Hydraulic Reservoir A,Hydraulic,5,17599,12966,551,367,1,Yes,Wyciek,Minor,1,Repaired,6.1,1266,8635
EVT-00942,2026-02-05,PH-BZZ,KLM,B737-800,8.2,EHRD,EGGW,Unscheduled,30,CMR,IR-PIT,Pitot Tube Heater,Ice Protection,9,23163,14729,788,780,2,Yes,Korozja styków,Moderate,2,Repaired,9.4,5408,2560
EVT-00943,2019-03-04,EI-DGC,Ryanair,B737-800,3.3,EHAM,EGGW,AOG,29,ALI,HY-LIN-A,Hydraulic Lines System A,Hydraulic,7,10426,6255,1661,112,1,Yes,Rdza wewnętrzna,Minor,1,Inspected OK,3.8,372,10859
EVT-00944,2020-03-15,EI-DWF,Ryanair,B737-800,8.7,EHEH,EGLL,C-Check,24,ALI,EL-WIR-FW,Wiring Harness FWD,Electrical,8,25327,14966,213,441,1,Yes,Korozja styków elektrycznych,Moderate,2,Repaired,8.5,1949,11296
EVT-00945,2018-05-11,PH-BRO,KLM,B737-800,7.8,EHEH,EGKK,A-Check,32,ALI,LG-TIR-N,Nose Tire,Landing Gear,2,23275,13597,146,30,3,Yes,Zużycie bieżnika,Minor,1,Cleaned,4.9,971,456
EVT-00946,2023-05-04,OO-JVN,TUI fly,B737-800,14.7,EHEH,EGLL,C-Check,28,STC,FU-PMP-2,Fuel Boost Pump #2,Fuel System,6,41820,29528,76,681,3,Yes,Korozja styków elektrycznych,Critical,4,Replaced,25.5,58009,51
EVT-00947,2023-08-20,EI-DLY,Ryanair,B737-800,5.8,EHEH,EGCC,AOG,27,ALI,FC-RUD,Rudder,Flight Controls,6,15200,11841,242,431,2,Yes,Korozja warstwowa,Moderate,2,Replaced,32.7,29950,6614
EVT-00948,2025-08-16,EI-DGY,Ryanair,B737-800,3.3,EHAM,EGLL,C-Check,24,AD/SB,EL-BAT,Main Battery,Electrical,6,10560,5833,631,144,2,No,,,0,Inspected OK,3.9,122,3833
EVT-00949,2024-03-26,EI-DGY,Ryanair,B737-800,9.8,EHEH,EGGW,A-Check,29,ALI,HY-LIN-A,Hydraulic Lines System A,Hydraulic,7,29381,18258,50,531,2,Yes,Wyciek na złączach,Minor,1,Inspected OK,2.8,474,9141
EVT-00950,2023-04-01,LN-NDS,Norwegian,B737-800,10.4,EHEH,EGGW,Unscheduled,28,AD/SB,FU-PMP-2,Fuel Boost Pump #2,Fuel System,6,32747,13530,297,360,3,Yes,Korozja styków elektrycznych,Minor,1,Repaired,18.7,4257,3150
EVT-00951,2018-09-11,PH-BRO,KLM,B737-800,10.2,EHEH,EGCC,AOG,21,ALI,AC-PCK-L,Air Conditioning Pack Left,Air Conditioning,7,31946,20437,357,337,3,Yes,Kondensat,Moderate,2,Repaired,13.5,1834,3915
EVT-00952,2021-01-16,PH-BMX,KLM,B737-800,12.7,EHAM,EGLL,Daily Inspection,36,MPD,PN-DUC-L,Bleed Air Duct Left,Pneumatic,6,34951,23392,304,678,4,Yes,Wyciek,Minor,1,Inspected OK,3.5,460,5469
EVT-00953,2024-07-26,LN-NLP,Norwegian,B737-800,9.1,EHRD,EGKK,C-Check,21,STC,AC-PCK-L,Air Conditioning Pack Left,Air Conditioning,7,24927,17687,4938,179,4,Yes,Kondensat,Minor,1,Repaired,11.1,2409,3484
EVT-00954,2021-12-27,EI-DDM,Ryanair,B737-800,14.7,EHAM,EGSS,Unscheduled,27,STC,FC-AIL-L,Aileron Left,Flight Controls,7,49241,24591,643,175,1,Yes,Korozja wżerowa,Moderate,2,Repaired,6.4,2544,3584
EVT-00955,2024-11-16,PH-BZZ,KLM,B737-800,8.9,EHAM,EGKK,Daily Inspection,30,CMR,IR-PIT,Pitot Tube Heater,Ice Protection,9,21057,15875,540,1235,2,Yes,Awaria grzałki,Moderate,2,Repaired,16.4,2600,2074
EVT-00956,2019-02-16,OO-JBB,TUI fly,B737-800,11.6,EHEH,EGSS,AOG,32,CMR,LG-TIR-N,Nose Tire,Landing Gear,2,34260,16786,1566,81,1,No,,,0,Inspected OK,3.0,457,84
EVT-00957,2021-01-18,EI-DNJ,Ryanair,B737-800,5.4,EHEH,EGKK,Unscheduled,72,AD/SB,EN-HPT-1,Engine #1 HP Turbine,Powerplant,5,14295,6486,2098,441,3,No,,,0,Inspected OK,0.8,403,10126
EVT-00958,2022-09-01,PH-BDT,KLM,B737-800,11.6,EHEH,EGKK,Unscheduled,32,ALI,LG-BRK-L,Brake Assembly Left,Landing Gear,8,36918,19696,803,1272,3,Yes,Wyciek płynu hamulcowego,Moderate,2,Replaced,20.2,66390,589
EVT-00959,2025-10-10,PH-BDB,KLM,B737-800,4.4,EHRD,EGSS,Daily Inspection,57,STC,WG-LEA-L,Wing Leading Edge Left,Structure,7,13987,6529,745,272,4,No,,,0,Inspected OK,3.3,399,9616
EVT-00960,2025-05-01,PH-BUK,KLM,B737-800,13.5,EHRD,EGLL,Daily Inspection,72,CMR,EN-FAN-1,Engine #1 Fan Blades,Powerplant,6,32428,27952,234,1188,2,No,,,0,Inspected OK,3.9,440,10859
EVT-00961,2026-01-26,EI-DLY,Ryanair,B737-800,3.0,EHAM,EGKK,AOG,53,MPD,FS-SKN-FW,Fuselage Skin Forward,Structure,8,10287,6147,630,31,3,No,,,0,Inspected OK,1.5,121,43963
EVT-00962,2020-08-30,EI-DUN,Ryanair,B737-800,9.2,EHEH,EGKK,Line Maintenance,27,CMR,FC-FLP-R,Flap Track Right,Flight Controls,9,25670,16391,714,565,1,Yes,Korozja szczelinowa,Critical,4,Replaced,33.1,22798,3431
EVT-00963,2023-04-20,PH-BDZ,KLM,B737-800,13.5,EHEH,EGLL,Unscheduled,24,CMR,EL-BAT,Main Battery,Electrical,6,39015,25161,1397,717,0,Yes,Korozja zacisków,Minor,1,Cleaned,1.9,727,2575
EVT-00964,2019-09-20,EI-DNJ,Ryanair,B737-800,5.2,EHEH,EGSS,A-Check,21,ALI,AC-PCK-L,Air Conditioning Pack Left,Air Conditioning,7,11365,7732,1214,1101,2,No,,,0,Inspected OK,3.4,118,8163
EVT-00965,2024-10-09,EI-DUN,Ryanair,B737-800,14.1,EHAM,EGKK,A-Check,72,STC,EN-FAN-2,Engine #2 Fan Blades,Powerplant,6,40449,24414,510,1430,1,No,,,0,Inspected OK,1.7,362,10470
EVT-00966,2020-12-18,EI-DUN,Ryanair,B737-800,14.4,EHRD,EGKK,AOG,32,MPD,LG-NLG,Nose Landing Gear,Landing Gear,9,40544,29467,2885,186,3,Yes,Zużycie amortyzatora,Minor,1,Cleaned,6.0,1120,8920
EVT-00967,2020-06-14,LN-NAQ,Norwegian,B737-800,5.8,EHEH,EGSS,A-Check,29,CMR,HY-PMP-A,Hydraulic Pump A,Hydraulic,5,13393,10629,370,30,4,Yes,Spadek ciśnienia,Minor,1,Repaired,10.2,3395,4668
EVT-00968,2025-12-14,OO-JVB,TUI fly,B737-800,6.6,EHAM,EGCC,Unscheduled,38,AD/SB,WW-TNK,Potable Water Tank,Water/Waste,9,16388,12729,679,1150,1,Yes,Korozja wżerowa,Minor,1,Cleaned,4.6,709,9559
EVT-00969,2021-05-24,EI-DLY,Ryanair,B737-800,3.3,EHRD,EGLL,Line Maintenance,57,MPD,WG-SPR-R,Wing Spar Right,Structure,9,9052,6198,534,263,2,Yes,Korozja warstwowa,Moderate,2,Repaired,8.5,2574,35428
EVT-00970,2020-01-06,PH-BUK,KLM,B737-800,4.9,EHEH,EGCC,A-Check,32,CMR,LG-BRK-L,Brake Assembly Left,Landing Gear,8,14583,9690,145,451,2,Yes,Korozja siłowników,Minor,1,Cleaned,1.2,136,1704
EVT-00971,2019-08-01,LN-NAQ,Norwegian,B737-800,6.6,EHAM,EGKK,Daily Inspection,72,MPD,EN-FAN-2,Engine #2 Fan Blades,Powerplant,6,16768,14413,1272,339,3,Yes,FOD damage,Major,3,Overhauled,46.2,26584,6407
EVT-00972,2019-02-09,OO-JBV,TUI fly,B737-800,11.7,EHAM,EGKK,Line Maintenance,32,STC,LG-NLG,Nose Landing Gear,Landing Gear,9,29166,21971,774,471,5,No,,,0,Inspected OK,1.9,393,11260
EVT-00973,2020-09-04,EI-DDM,Ryanair,B737-800,9.2,EHEH,EGGW,C-Check,32,MPD,LG-MLG-R,Main Landing Gear Right,Landing Gear,10,23768,17799,1781,30,3,Yes,Pęknięcie strukturalne,Minor,1,Repaired,8.6,1450,9500
EVT-00974,2021-12-16,PH-BUK,KLM,B737-800,4.0,EHRD,EGGW,AOG,32,MPD,LG-MLG-L,Main Landing Gear Left,Landing Gear,10,13493,6697,88,568,6,Yes,Pęknięcie strukturalne,Minor,1,Inspected OK,1.1,245,10255
EVT-00975,2025-05-19,OO-JBV,TUI fly,B737-800,5.7,EHEH,EGSS,C-Check,72,AD/SB,EN-FAN-1,Engine #1 Fan Blades,Powerplant,6,18428,8165,700,831,1,Yes,FOD damage,Minor,1,Cleaned,5.9,265,12347
EVT-00976,2024-12-29,PH-BMX,KLM,B737-800,5.4,EHEH,EGGW,C-Check,29,CMR,HY-RES-A,Hydraulic Reservoir A,Hydraulic,5,16428,11323,455,1583,3,No,,,0,Inspected OK,1.7,457,10041
EVT-00977,2023-11-03,EI-DKD,Ryanair,B737-800,8.5,EHAM,EGLL,C-Check,32,CMR,LG-MLG-L,Main Landing Gear Left,Landing Gear,10,22937,18730,3750,383,2,Yes,Pęknięcie strukturalne,Moderate,2,Repaired,16.2,5306,8114
EVT-00978,2023-07-16,PH-BRO,KLM,B737-800,14.1,EHRD,EGGW,AOG,27,STC,FC-RUD,Rudder,Flight Controls,6,40816,21477,1571,722,2,Yes,Korozja warstwowa,Minor,1,Cleaned,3.4,371,5327
EVT-00979,2019-09-22,LN-NIR,Norwegian,B737-800,6.4,EHAM,EGCC,Daily Inspection,25,STC,EQ-SLI-1,Escape Slide #1,Equipment,4,19103,10376,1937,310,1,Yes,Korozja butli CO2,Moderate,2,Replaced,35.8,45241,12375
EVT-00980,2023-11-14,EI-DWF,Ryanair,B737-800,5.2,EHAM,EGLL,A-Check,53,MPD,FS-DOR-PX,Pax Door Frame,Structure,7,15431,9113,342,296,3,No,,,0,Inspected OK,1.1,210,34823
EVT-00981,2021-11-03,PH-BDB,KLM,B737-800,8.1,EHAM,EGGW,C-Check,53,STC,FS-SKN-FW,Fuselage Skin Forward,Structure,8,24689,12336,1864,1966,3,No,,,0,Inspected OK,3.1,148,36916
EVT-00982,2023-02-18,EI-DVJ,Ryanair,B737-800,6.0,EHRD,EGCC,Unscheduled,24,STC,EL-GEN-1,Generator #1,Electrical,5,18940,9276,2563,352,3,Yes,Zużycie szczotek,Moderate,2,Repaired,18.2,4221,3783
EVT-00983,2022-11-14,PH-BPX,KLM,B737-800,6.8,EHAM,EGKK,Unscheduled,30,ALI,IR-PIT,Pitot Tube Heater,Ice Protection,9,19944,13229,1403,1116,3,Yes,Korozja styków,Moderate,2,Repaired,12.6,4187,1495
EVT-00984,2025-02-28,LN-NLP,Norwegian,B737-800,14.6,EHAM,EGLL,AOG,32,ALI,LG-MLG-R,Main Landing Gear Right,Landing Gear,10,48155,35475,119,30,2,Yes,Korozja naprężeniowa,Minor,1,Repaired,18.5,2348,8022
EVT-00985,2024-08-31,PH-BMX,KLM,B737-800,8.2,EHEH,EGKK,A-Check,53,AD/SB,FS-SKN-AF,Fuselage Skin Aft,Structure,8,21607,14534,50,886,2,No,,,0,Inspected OK,3.8,161,39987
EVT-00986,2024-08-06,LN-NAQ,Norwegian,B737-800,11.3,EHEH,EGCC,Daily Inspection,32,CMR,LG-TIR-M,Main Tire,Landing Gear,2,25468,20243,282,365,0,No,,,0,Inspected OK,3.3,159,236
EVT-00987,2024-12-26,LN-NLP,Norwegian,B737-800,13.8,EHAM,EGSS,Daily Inspection,25,AD/SB,EQ-SLI-1,Escape Slide #1,Equipment,4,37447,26739,2482,128,5,Yes,Korozja butli CO2,Moderate,2,Repaired,5.8,7870,5582
EVT-00988,2019-04-03,PH-BDB,KLM,B737-800,2.8,EHAM,EGGW,Line Maintenance,29,ALI,HY-PMP-A,Hydraulic Pump A,Hydraulic,5,6738,5451,787,463,1,No,,,0,Inspected OK,2.4,179,6862
EVT-00989,2025-11-02,LN-NAQ,Norwegian,B737-800,7.7,EHAM,EGKK,A-Check,24,AD/SB,EL-BAT,Main Battery,Electrical,6,19514,13427,50,166,2,Yes,Korozja zacisków,Minor,1,Repaired,9.7,3481,3111
EVT-00990,2018-10-11,PH-BRO,KLM,B737-800,11.1,EHEH,EGGW,AOG,30,ALI,IR-WAI-L,Wing Anti-Ice Valve Left,Ice Protection,8,33330,17493,804,271,4,No,,,0,Inspected OK,3.2,268,3780
EVT-00991,2023-11-14,PH-BPX,KLM,B737-800,4.9,EHEH,EGLL,C-Check,28,AD/SB,FU-PMP-2,Fuel Boost Pump #2,Fuel System,6,12752,8581,144,900,1,No,,,0,Inspected OK,3.6,440,5928
EVT-00992,2022-01-16,PH-BDZ,KLM,B737-800,5.8,EHRD,EGKK,Daily Inspection,27,MPD,FC-RUD,Rudder,Flight Controls,6,13894,10553,444,559,2,No,,,0,Inspected OK,2.8,132,9357
EVT-00993,2025-06-23,OO-JBV,TUI fly,B737-800,3.5,EHEH,EGSS,Daily Inspection,28,STC,FU-PMP-1,Fuel Boost Pump #1,Fuel System,6,8982,7710,990,30,2,No,,,0,Inspected OK,2.6,209,4885
EVT-00994,2021-04-05,PH-BRO,KLM,B737-800,9.1,EHAM,EGLL,Daily Inspection,27,AD/SB,FC-FLP-R,Flap Track Right,Flight Controls,9,28780,22989,511,719,1,Yes,Zużycie rolek,Major,3,Replaced,14.8,5435,6087
EVT-00995,2018-08-14,EI-DGC,Ryanair,B737-800,14.6,EHEH,EGCC,Unscheduled,29,ALI,HY-RES-A,Hydraulic Reservoir A,Hydraulic,5,45471,24680,1264,135,5,Yes,Wyciek,Moderate,2,Replaced,33.2,30420,2859
EVT-00996,2020-08-11,PH-BZZ,KLM,B737-800,7.7,EHAM,EGGW,C-Check,21,CMR,AC-PCK-R,Air Conditioning Pack Right,Air Conditioning,7,24536,14180,152,250,2,Yes,Wyciek wymiennika,Moderate,2,Replaced,11.1,31341,5325
EVT-00997,2022-08-17,PH-BPX,KLM,B737-800,3.2,EHEH,EGGW,Unscheduled,53,AD/SB,FS-CRG,Cargo Door,Structure,8,8713,5675,372,898,3,Yes,Korozja zawiasów,Major,3,Replaced,26.5,71730,19067
EVT-00998,2026-05-12,PH-BZZ,KLM,B737-800,4.1,EHAM,EGKK,A-Check,29,CMR,HY-PMP-A,Hydraulic Pump A,Hydraulic,5,12515,6811,449,408,0,Yes,Spadek ciśnienia,Moderate,2,Repaired,19.2,1725,5683
EVT-00999,2025-08-17,EI-DKD,Ryanair,B737-800,14.6,EHEH,EGLL,Line Maintenance,28,CMR,FU-PMP-1,Fuel Boost Pump #1,Fuel System,6,41146,34770,50,1552,2,Yes,Zużycie wirnika,Moderate,2,Repaired,7.3,4448,2295
EVT-01000,2020-02-18,LN-NDS,Norwegian,B737-800,2.2,EHAM,EGKK,C-Check,27,MPD,FC-AIL-R,Aileron Right,Flight Controls,7,5581,4221,1765,631,4,No,,,0,Inspected OK,1.0,434,6166
EVT-01001,2022-11-07,PH-BKH,KLM,B737-800,9.8,EHAM,EGLL,AOG,29,STC,HY-RES-A,Hydraulic Reservoir A,Hydraulic,5,30168,19130,2222,33,2,No,,,0,Inspected OK,2.4,368,8225
EVT-01002,2025-06-05,EI-DGY,Ryanair,B737-800,8.2,EHRD,EGKK,C-Check,27,MPD,FC-FLP-R,Flap Track Right,Flight Controls,9,25156,16092,745,1791,1,Yes,Zużycie rolek,Major,3,Replaced,24.2,11435,6101
EVT-01003,2018-10-12,PH-BDZ,KLM,B737-800,10.2,EHAM,EGSS,Line Maintenance,21,AD/SB,AC-PCK-L,Air Conditioning Pack Left,Air Conditioning,7,29055,23547,367,40,2,Yes,Wyciek wymiennika,Minor,1,Repaired,10.6,4715,5945
EVT-01004,2020-05-24,EI-DNJ,Ryanair,B737-800,4.9,EHEH,EGGW,Unscheduled,27,MPD,FC-AIL-L,Aileron Left,Flight Controls,7,14538,8452,391,550,2,Yes,Pęknięcie zmęczeniowe,Moderate,2,Repaired,7.8,6698,4930
EVT-01005,2024-03-08,LN-NKW,Norwegian,B737-800,4.9,EHRD,EGCC,A-Check,24,ALI,EL-GEN-1,Generator #1,Electrical,5,15590,7375,132,41,1,No,,,0,Inspected OK,2.6,405,8674
EVT-01006,2024-07-15,PH-BUK,KLM,B737-800,14.0,EHAM,EGSS,C-Check,53,AD/SB,FS-SKN-AF,Fuselage Skin Aft,Structure,8,30919,30529,424,385,2,No,,,0,Inspected OK,0.5,343,33564
EVT-01007,2024-01-08,LN-NAQ,Norwegian,B737-800,9.8,EHAM,EGCC,AOG,72,STC,EN-FAN-1,Engine #1 Fan Blades,Powerplant,6,28083,18211,1567,47,0,No,,,0,Inspected OK,1.5,372,15221
EVT-01008,2021-08-14,EI-DVJ,Ryanair,B737-800,13.9,EHAM,EGLL,C-Check,53,AD/SB,FS-DOR-PX,Pax Door Frame,Structure,7,38465,20548,50,832,2,Yes,Pęknięcie ramy,Major,3,Overhauled,66.2,44663,10660
EVT-01009,2021-09-26,PH-BDT,KLM,B737-800,7.8,EHRD,EGLL,A-Check,53,ALI,FS-SKN-FW,Fuselage Skin Forward,Structure,8,21045,16693,187,895,1,No,,,0,Inspected OK,1.6,194,43761
EVT-01010,2025-04-04,EI-DGC,Ryanair,B737-800,3.9,EHRD,EGCC,Line Maintenance,72,CMR,EN-FAN-1,Engine #1 Fan Blades,Powerplant,6,12261,8652,50,1588,2,Yes,Erozja,Minor,1,Repaired,16.1,2408,11340
EVT-01011,2023-07-06,EI-DGC,Ryanair,B737-800,9.8,EHAM,EGKK,Line Maintenance,72,CMR,EN-HPT-1,Engine #1 HP Turbine,Powerplant,5,26608,21199,969,488,3,No,,,0,Inspected OK,1.1,117,9809
EVT-01012,2025-10-25,LN-NIR,Norwegian,B737-800,8.9,EHEH,EGGW,AOG,21,ALI,AC-PCK-R,Air Conditioning Pack Right,Air Conditioning,7,24128,21004,173,297,3,Yes,Wyciek wymiennika,Minor,1,Inspected OK,2.1,471,6010
EVT-01013,2024-06-03,LN-NKW,Norwegian,B737-800,5.1,EHAM,EGLL,A-Check,28,STC,FU-TNK-R,Fuel Tank Wing Right,Fuel System,9,13821,11838,673,707,3,Yes,Korozja mikrobiologiczna,Minor,1,Repaired,13.4,6914,10568
EVT-01014,2020-07-26,PH-BKH,KLM,B737-800,8.0,EHEH,EGGW,C-Check,53,AD/SB,FS-CRG,Cargo Door,Structure,8,25456,17382,356,1567,2,No,,,0,Inspected OK,2.4,112,35603
EVT-01015,2024-05-01,LN-NAQ,Norwegian,B737-800,3.8,EHEH,EGKK,Line Maintenance,28,MPD,FU-TNK-R,Fuel Tank Wing Right,Fuel System,9,8716,8009,50,1781,4,No,,,0,Inspected OK,1.4,443,12686
EVT-01016,2022-07-11,OO-JBV,TUI fly,B737-800,11.1,EHAM,EGLL,C-Check,72,STC,EN-FAN-1,Engine #1 Fan Blades,Powerplant,6,31368,21710,2142,304,2,Yes,Erozja,Minor,1,Inspected OK,3.7,268,10141
EVT-01017,2024-05-15,PH-BDT,KLM,B737-800,3.0,EHRD,EGKK,Unscheduled,32,ALI,LG-BRK-L,Brake Assembly Left,Landing Gear,8,10511,4649,129,379,1,Yes,Korozja siłowników,Minor,1,Cleaned,5.0,1423,2559
EVT-01018,2022-05-27,PH-BYZ,KLM,B737-800,11.4,EHAM,EGLL,AOG,29,AD/SB,HY-LIN-A,Hydraulic Lines System A,Hydraulic,7,29909,17546,2063,895,4,Yes,Rdza wewnętrzna,Minor,1,Cleaned,4.6,156,6226
EVT-01019,2023-06-07,PH-BKH,KLM,B737-800,7.2,EHEH,EGSS,Daily Inspection,24,AD/SB,EL-BAT,Main Battery,Electrical,6,17120,10609,146,30,0,Yes,Korozja zacisków,Moderate,2,Replaced,39.6,30977,3148
EVT-01020,2019-11-24,EI-DGY,Ryanair,B737-800,14.7,EHEH,EGLL,C-Check,72,CMR,EN-FAN-1,Engine #1 Fan Blades,Powerplant,6,43658,30297,146,758,1,Yes,Erozja,Moderate,2,Replaced,35.6,65982,7185
EVT-01021,2020-04-03,PH-BRO,KLM,B737-800,9.9,EHEH,EGGW,Line Maintenance,32,AD/SB,LG-TIR-N,Nose Tire,Landing Gear,2,27309,17875,569,456,2,Yes,Uszkodzenie boku,Minor,1,Inspected OK,2.4,233,0
EVT-01022,2022-06-15,OO-JVN,TUI fly,B737-800,7.5,EHRD,EGLL,C-Check,27,STC,FC-ELV-L,Elevator Left,Flight Controls,6,20650,13032,1368,3335,1,Yes,Korozja wżerowa,Minor,1,Inspected OK,2.7,373,6931
EVT-01023,2023-04-13,PH-BYZ,KLM,B737-800,2.8,EHEH,EGLL,C-Check,32,STC,LG-BRK-R,Brake Assembly Right,Landing Gear,8,8522,5168,656,359,3,Yes,Korozja siłowników,Minor,1,Cleaned,2.6,1080,1882
EVT-01024,2024-07-09,EI-DGY,Ryanair,B737-800,2.6,EHRD,EGLL,A-Check,27,STC,FC-FLP-R,Flap Track Right,Flight Controls,9,5685,5295,3632,190,4,No,,,0,Inspected OK,3.3,289,14224
EVT-01025,2023-03-20,LN-NDS,Norwegian,B737-800,14.7,EHRD,EGCC,C-Check,27,MPD,FC-FLP-R,Flap Track Right,Flight Controls,9,45443,23169,820,141,0,Yes,Zużycie rolek,Moderate,2,Replaced,36.1,74616,8006
EVT-01026,2023-04-01,OO-JVN,TUI fly,B737-800,8.5,EHRD,EGSS,A-Check,53,STC,FS-SKN-AF,Fuselage Skin Aft,Structure,8,19277,19610,462,822,1,Yes,Korozja pod powłoką,Minor,1,Repaired,13.8,930,35322
EVT-01027,2024-10-01,EI-DLY,Ryanair,B737-800,8.0,EHAM,EGKK,C-Check,32,AD/SB,LG-BRK-R,Brake Assembly Right,Landing Gear,8,24262,16228,407,356,3,No,,,0,Inspected OK,1.1,189,2140
EVT-01028,2018-09-28,EI-DLY,Ryanair,B737-800,14.9,EHAM,EGCC,Daily Inspection,32,STC,LG-BRK-R,Brake Assembly Right,Landing Gear,8,50018,29423,3413,874,3,Yes,Wyciek płynu hamulcowego,Major,3,Replaced,29.5,40196,419
EVT-01029,2024-01-03,LN-NKW,Norwegian,B737-800,13.6,EHEH,EGLL,C-Check,38,ALI,WW-TNK,Potable Water Tank,Water/Waste,9,41758,24543,1540,30,2,Yes,Korozja wżerowa,Minor,1,Inspected OK,3.8,130,5865
EVT-01030,2019-04-26,PH-BDZ,KLM,B737-800,12.5,EHRD,EGLL,Line Maintenance,25,STC,EQ-SLI-1,Escape Slide #1,Equipment,4,38366,27675,232,235,3,Yes,Korozja butli CO2,Moderate,2,Repaired,4.0,2302,8947
EVT-01031,2022-01-18,PH-BMX,KLM,B737-800,2.9,EHEH,EGGW,Daily Inspection,32,CMR,LG-BRK-R,Brake Assembly Right,Landing Gear,8,7365,5488,1482,759,6,Yes,Korozja siłowników,Minor,1,Cleaned,6.0,226,1736
EVT-01032,2021-08-22,EI-DGY,Ryanair,B737-800,14.0,EHEH,EGGW,A-Check,28,STC,FU-PMP-2,Fuel Boost Pump #2,Fuel System,6,42824,22298,817,561,1,No,,,0,Inspected OK,2.7,107,4116
EVT-01033,2022-05-29,LN-NKW,Norwegian,B737-800,13.1,EHAM,EGGW,Daily Inspection,29,ALI,HY-PMP-A,Hydraulic Pump A,Hydraulic,5,39560,23208,316,401,2,No,,,0,Inspected OK,3.7,461,5626
EVT-01034,2019-09-27,OO-JBV,TUI fly,B737-800,3.1,EHAM,EGSS,Unscheduled,38,MPD,WW-TNK,Potable Water Tank,Water/Waste,9,9230,5342,50,290,1,Yes,Korozja wżerowa,Minor,1,Inspected OK,2.8,69,10883
EVT-01035,2026-01-16,LN-NLP,Norwegian,B737-800,9.3,EHEH,EGGW,A-Check,28,AD/SB,FU-PMP-1,Fuel Boost Pump #1,Fuel System,6,24646,19225,452,661,2,Yes,Zużycie wirnika,Minor,1,Cleaned,5.6,678,3943
EVT-01036,2023-09-18,PH-BPX,KLM,B737-800,3.2,EHAM,EGLL,C-Check,57,MPD,WG-SPR-L,Wing Spar Left,Structure,9,8454,7449,2288,186,3,Yes,Korozja w mokowaniu,Moderate,2,Replaced,28.1,19005,31871
EVT-01037,2025-11-27,PH-BKH,KLM,B737-800,7.2,EHEH,EGGW,A-Check,57,STC,WG-SPR-R,Wing Spar Right,Structure,9,26963,15670,1671,372,1,Yes,Pęknięcie zmęczeniowe,Critical,4,Replaced,21.6,19037,15189
EVT-01038,2018-05-05,LN-NKW,Norwegian,B737-800,4.0,EHEH,EGGW,A-Check,72,STC,EN-HPC-1,Engine #1 HP Compressor,Powerplant,7,11305,7455,346,268,5,Yes,Korozja gorąca,Minor,1,Cleaned,5.8,134,9475
EVT-01039,2025-02-22,LN-NAQ,Norwegian,B737-800,2.7,EHEH,EGGW,Daily Inspection,72,STC,EN-FAN-1,Engine #1 Fan Blades,Powerplant,6,8229,4956,256,191,2,No,,,0,Inspected OK,2.9,142,15544
EVT-01040,2023-11-05,PH-BYZ,KLM,B737-800,3.8,EHRD,EGGW,AOG,25,AD/SB,EQ-SLI-1,Escape Slide #1,Equipment,4,10987,7109,129,56,1,Yes,Degradacja gumy,Minor,1,Inspected OK,1.0,185,16872
EVT-01041,2023-03-06,OO-JBB,TUI fly,B737-800,2.7,EHRD,EGCC,Daily Inspection,28,AD/SB,FU-PMP-2,Fuel Boost Pump #2,Fuel System,6,8154,4092,1357,859,1,No,,,0,Inspected OK,3.8,204,4837
EVT-01042,2020-07-05,LN-NDS,Norwegian,B737-800,8.3,EHAM,EGGW,Daily Inspection,32,ALI,LG-TIR-M,Main Tire,Landing Gear,2,23942,19428,708,229,2,No,,,0,Inspected OK,0.5,256,0
EVT-01043,2020-07-16,EI-DGC,Ryanair,B737-800,12.2,EHRD,EGCC,A-Check,57,AD/SB,WG-SPR-L,Wing Spar Left,Structure,9,35544,20595,192,340,1,Yes,Korozja warstwowa,Moderate,2,Repaired,4.2,1578,25741
EVT-01044,2024-07-02,OO-JHF,TUI fly,B737-800,13.2,EHAM,EGGW,C-Check,72,CMR,EN-HPC-1,Engine #1 HP Compressor,Powerplant,7,33987,14713,2422,1738,3,Yes,Zużycie łopatek,Minor,1,Inspected OK,3.8,321,7011
EVT-01045,2023-11-20,PH-BKH,KLM,B737-800,2.5,EHAM,EGGW,Unscheduled,25,ALI,EQ-SLI-1,Escape Slide #1,Equipment,4,5902,5019,50,1742,2,No,,,0,Inspected OK,3.6,378,18880
EVT-01046,2025-09-29,OO-JHF,TUI fly,B737-800,4.8,EHAM,EGCC,Daily Inspection,32,MPD,LG-BRK-R,Brake Assembly Right,Landing Gear,8,13706,9405,299,117,3,Yes,Zużycie tarcz,Critical,4,Replaced,20.3,70371,449
EVT-01047,2024-07-21,EI-DGY,Ryanair,B737-800,12.6,EHRD,EGGW,Daily Inspection,29,STC,HY-LIN-A,Hydraulic Lines System A,Hydraulic,7,37020,23500,2339,93,2,Yes,Wyciek na złączach,Moderate,2,Replaced,12.3,13290,5556
EVT-01048,2025-10-10,OO-JHF,TUI fly,B737-800,14.7,EHAM,EGSS,AOG,21,AD/SB,AC-PCK-L,Air Conditioning Pack Left,Air Conditioning,7,43020,28431,712,879,2,Yes,Wyciek wymiennika,Minor,1,Repaired,7.1,6048,4896
EVT-01049,2023-07-06,PH-BDB,KLM,B737-800,5.7,EHEH,EGGW,Unscheduled,21,STC,AC-PCK-L,Air Conditioning Pack Left,Air Conditioning,7,16485,10756,343,1528,3,No,,,0,Inspected OK,3.1,260,7833
EVT-01050,2018-11-28,EI-DVJ,Ryanair,B737-800,12.5,EHAM,EGGW,Unscheduled,38,ALI,WW-TNK,Potable Water Tank,Water/Waste,9,38099,21630,443,845,2,Yes,Korozja mikrobiologiczna,Moderate,2,Replaced,23.4,8329,4603
EVT-01051,2020-09-23,EI-DWF,Ryanair,B737-800,7.8,EHAM,EGKK,Line Maintenance,21,ALI,AC-PCK-L,Air Conditioning Pack Left,Air Conditioning,7,21536,14771,148,634,2,Yes,Wyciek wymiennika,Moderate,2,Replaced,18.3,45911,5416
EVT-01052,2021-10-23,EI-DDM,Ryanair,B737-800,13.1,EHRD,EGGW,Line Maintenance,57,CMR,WG-SPR-L,Wing Spar Left,Structure,9,40898,24380,1704,328,2,No,,,0,Inspected OK,2.5,277,38406
EVT-01053,2026-05-04,LN-NDS,Norwegian,B737-800,4.9,EHEH,EGKK,A-Check,27,CMR,FC-AIL-L,Aileron Left,Flight Controls,7,12330,9001,431,45,0,Yes,Zużycie łożysk,Minor,1,Repaired,18.7,3505,6697
EVT-01054,2019-11-24,EI-DVJ,Ryanair,B737-800,4.0,EHRD,EGKK,AOG,27,CMR,FC-RUD,Rudder,Flight Controls,6,10318,7788,974,180,4,Yes,Erozja krawędzi natarcia,Minor,1,Inspected OK,2.9,53,7241
EVT-01055,2021-10-01,PH-BMX,KLM,B737-800,7.1,EHRD,EGKK,Line Maintenance,32,STC,LG-TIR-M,Main Tire,Landing Gear,2,16926,13292,789,2330,3,Yes,Uszkodzenie boku,Minor,1,Inspected OK,2.4,150,0
EVT-01056,2024-11-03,EI-DMY,Ryanair,B737-800,5.0,EHAM,EGSS,A-Check,24,ALI,EL-WIR-FW,Wiring Harness FWD,Electrical,8,15453,8506,1425,1358,1,No,,,0,Inspected OK,3.5,128,17628
EVT-01057,2026-05-06,LN-NLP,Norwegian,B737-800,12.9,EHAM,EGGW,A-Check,57,ALI,WG-SPR-R,Wing Spar Right,Structure,9,35077,24733,408,2559,0,Yes,Pęknięcie zmęczeniowe,Minor,1,Cleaned,5.5,1317,35408
EVT-01058,2024-02-07,EI-DUN,Ryanair,B737-800,11.2,EHAM,EGSS,Line Maintenance,32,MPD,LG-BRK-L,Brake Assembly Left,Landing Gear,8,29040,20766,789,246,1,No,,,0,Inspected OK,1.0,358,2180
EVT-01059,2019-10-25,PH-BRO,KLM,B737-800,10.2,EHRD,EGKK,AOG,32,AD/SB,LG-NLG,Nose Landing Gear,Landing Gear,9,29956,18443,50,145,3,Yes,Korozja wżerowa,Moderate,2,Repaired,8.3,6768,8166
EVT-01060,2018-08-27,OO-JBB,TUI fly,B737-800,2.7,EHAM,EGGW,AOG,57,MPD,WG-SPR-L,Wing Spar Left,Structure,9,8147,4051,652,515,1,Yes,Korozja warstwowa,Moderate,2,Repaired,8.8,3686,40004
EVT-01061,2026-02-23,EI-DDM,Ryanair,B737-800,5.4,EHAM,EGGW,A-Check,32,CMR,LG-MLG-L,Main Landing Gear Left,Landing Gear,10,14946,12427,2254,208,3,Yes,Korozja naprężeniowa,Minor,1,Repaired,7.6,7995,11552
EVT-01062,2025-07-14,OO-JBV,TUI fly,B737-800,8.3,EHRD,EGGW,C-Check,27,AD/SB,FC-AIL-R,Aileron Right,Flight Controls,7,21801,17216,902,250,3,Yes,Korozja wżerowa,Moderate,2,Replaced,18.9,30141,3611
EVT-01063,2023-06-23,EI-DKD,Ryanair,B737-800,10.6,EHRD,EGGW,AOG,29,ALI,HY-LIN-A,Hydraulic Lines System A,Hydraulic,7,30020,18815,1543,288,3,Yes,Rdza wewnętrzna,Minor,1,Repaired,14.7,928,7411
EVT-01064,2021-06-13,PH-BKH,KLM,B737-800,8.8,EHEH,EGLL,AOG,21,ALI,AC-PCK-L,Air Conditioning Pack Left,Air Conditioning,7,25822,20091,93,1093,3,Yes,Wyciek wymiennika,Minor,1,Cleaned,5.5,276,5971
EVT-01065,2022-05-28,EI-DDM,Ryanair,B737-800,6.7,EHAM,EGCC,C-Check,32,AD/SB,LG-BRK-L,Brake Assembly Left,Landing Gear,8,20894,12188,1893,423,3,No,,,0,Inspected OK,2.1,240,2025
EVT-01066,2024-11-18,EI-DVJ,Ryanair,B737-800,14.2,EHRD,EGSS,Unscheduled,27,STC,FC-FLP-R,Flap Track Right,Flight Controls,9,45627,29399,635,1836,1,Yes,Zużycie rolek,Minor,1,Cleaned,5.1,1050,8569
EVT-01067,2023-10-19,LN-NLP,Norwegian,B737-800,8.4,EHAM,EGCC,Line Maintenance,72,MPD,EN-HPC-1,Engine #1 HP Compressor,Powerplant,7,26595,20188,1578,1034,0,Yes,Zużycie łopatek,Major,3,Replaced,16.1,70232,7092
EVT-01068,2023-11-21,OO-JVB,TUI fly,B737-800,4.2,EHRD,EGSS,Unscheduled,30,STC,IR-PIT,Pitot Tube Heater,Ice Protection,9,13168,9370,244,30,1,Yes,Awaria grzałki,Minor,1,Repaired,15.8,2787,3974
EVT-01069,2023-03-14,OO-JBV,TUI fly,B737-800,9.9,EHAM,EGGW,C-Check,53,MPD,FS-SKN-FW,Fuselage Skin Forward,Structure,8,25209,18524,270,912,1,Yes,Pęknięcie wokół nita,Minor,1,Inspected OK,3.3,99,33551
EVT-01070,2019-05-17,EI-DNJ,Ryanair,B737-800,7.3,EHAM,EGCC,Line Maintenance,24,AD/SB,EL-BAT,Main Battery,Electrical,6,21682,14680,1004,612,2,Yes,Korozja zacisków,Minor,1,Cleaned,4.9,1050,2533
EVT-01071,2021-02-24,LN-NKW,Norwegian,B737-800,4.8,EHAM,EGCC,Unscheduled,53,MPD,FS-DOR-PX,Pax Door Frame,Structure,7,14792,9043,327,209,3,Yes,Korozja szczelinowa uszczelek,Moderate,2,Repaired,9.5,6822,23403
EVT-01072,2020-11-09,PH-BZZ,KLM,B737-800,9.4,EHRD,EGSS,C-Check,53,ALI,FS-SKN-AF,Fuselage Skin Aft,Structure,8,23073,20815,346,109,0,Yes,Korozja pod powłoką,Moderate,2,Replaced,20.3,72766,30077
EVT-01073,2024-03-07,EI-DDM,Ryanair,B737-800,5.6,EHRD,EGGW,Daily Inspection,28,STC,FU-TNK-L,Fuel Tank Wing Left,Fuel System,9,14446,9725,2800,30,2,Yes,Wyciek paliwa,Minor,1,Inspected OK,0.7,72,9796
EVT-01074,2020-12-07,PH-BDT,KLM,B737-800,12.4,EHRD,EGKK,AOG,32,STC,LG-TIR-M,Main Tire,Landing Gear,2,36177,23283,335,325,5,Yes,Uszkodzenie boku,Minor,1,Cleaned,4.1,973,292
EVT-01075,2025-12-17,LN-NIR,Norwegian,B737-800,9.5,EHRD,EGLL,AOG,30,ALI,IR-PIT,Pitot Tube Heater,Ice Protection,9,19510,16961,3425,1032,2,Yes,Korozja styków,Major,3,Replaced,20.9,6240,821
EVT-01076,2026-01-22,EI-DMY,Ryanair,B737-800,2.2,EHRD,EGCC,Line Maintenance,27,MPD,FC-RUD,Rudder,Flight Controls,6,5665,3906,694,46,2,Yes,Erozja krawędzi natarcia,Moderate,2,Replaced,38.4,79906,7423
EVT-01077,2024-03-10,LN-NLP,Norwegian,B737-800,10.0,EHEH,EGLL,Daily Inspection,21,ALI,AC-PCK-R,Air Conditioning Pack Right,Air Conditioning,7,23646,16689,1563,3947,4,Yes,Kondensat,Critical,4,Replaced,8.7,30252,889
EVT-01078,2024-03-19,PH-BUK,KLM,B737-800,2.6,EHEH,EGGW,C-Check,32,AD/SB,LG-MLG-L,Main Landing Gear Left,Landing Gear,10,7982,4672,1887,30,1,Yes,Korozja naprężeniowa,Critical,4,Overhauled,69.4,30432,6380
EVT-01079,2021-10-25,EI-DGC,Ryanair,B737-800,13.7,EHAM,EGCC,A-Check,27,MPD,FC-FLP-R,Flap Track Right,Flight Controls,9,36074,24432,216,418,2,Yes,Korozja galwaniczna,Critical,4,Overhauled,46.3,35446,585
EVT-01080,2024-05-24,OO-JHF,TUI fly,B737-800,5.4,EHRD,EGCC,Unscheduled,27,AD/SB,FC-ELV-L,Elevator Left,Flight Controls,6,14905,10984,1183,1578,1,No,,,0,Inspected OK,2.1,467,8509
EVT-01081,2021-09-05,OO-JVN,TUI fly,B737-800,3.6,EHEH,EGGW,Unscheduled,32,MPD,LG-NLG,Nose Landing Gear,Landing Gear,9,10065,5843,90,254,1,Yes,Korozja wżerowa,Moderate,2,Replaced,35.4,13809,14292
EVT-01082,2023-04-10,EI-DWF,Ryanair,B737-800,9.5,EHRD,EGKK,A-Check,24,STC,EL-WIR-FW,Wiring Harness FWD,Electrical,8,21824,16134,184,309,0,Yes,Przetarcie izolacji,Minor,1,Inspected OK,2.9,163,15293
EVT-01083,2024-06-21,LN-NAQ,Norwegian,B737-800,6.6,EHAM,EGKK,Unscheduled,29,MPD,HY-PMP-A,Hydraulic Pump A,Hydraulic,5,17032,11939,1599,408,2,No,,,0,Inspected OK,0.9,96,5666
EVT-01084,2024-11-13,EI-DKD,Ryanair,B737-800,4.8,EHAM,EGCC,C-Check,27,ALI,FC-FLP-L,Flap Track Left,Flight Controls,9,12336,8000,293,386,3,Yes,Zużycie rolek,Major,3,Replaced,30.8,26945,6211
EVT-01085,2021-04-11,EI-DNJ,Ryanair,B737-800,6.1,EHEH,EGGW,Unscheduled,24,AD/SB,EL-WIR-FW,Wiring Harness FWD,Electrical,8,15887,8743,293,2517,1,No,,,0,Inspected OK,2.4,436,18276
EVT-01086,2024-01-16,EI-DDM,Ryanair,B737-800,4.8,EHRD,EGKK,A-Check,24,STC,EL-BAT,Main Battery,Electrical,6,12997,8108,407,425,5,Yes,Korozja zacisków,Major,3,Replaced,26.1,23651,1482
EVT-01087,2024-11-20,OO-JBV,TUI fly,B737-800,6.0,EHEH,EGLL,C-Check,72,CMR,EN-FAN-1,Engine #1 Fan Blades,Powerplant,6,20315,9907,237,32,0,No,,,0,Inspected OK,1.3,494,16108
EVT-01088,2020-01-08,LN-NIR,Norwegian,B737-800,5.1,EHAM,EGCC,A-Check,32,CMR,LG-MLG-L,Main Landing Gear Left,Landing Gear,10,13633,8745,630,1170,2,No,,,0,Inspected OK,3.0,377,15033
EVT-01089,2023-03-09,EI-DGY,Ryanair,B737-800,5.5,EHAM,EGCC,Line Maintenance,24,AD/SB,EL-WIR-FW,Wiring Harness FWD,Electrical,8,16769,10962,1632,518,3,No,,,0,Inspected OK,1.3,264,15770
EVT-01090,2020-08-24,PH-BUK,KLM,B737-800,7.6,EHAM,EGGW,Unscheduled,32,CMR,LG-BRK-L,Brake Assembly Left,Landing Gear,8,21083,13898,155,271,3,Yes,Korozja siłowników,Minor,1,Cleaned,4.6,172,1492
EVT-01091,2025-06-18,EI-DUN,Ryanair,B737-800,7.2,EHEH,EGSS,Line Maintenance,32,ALI,LG-TIR-M,Main Tire,Landing Gear,2,19190,12949,220,434,1,No,,,0,Inspected OK,3.7,345,0
EVT-01092,2024-04-24,OO-JBB,TUI fly,B737-800,2.6,EHAM,EGSS,Daily Inspection,72,AD/SB,EN-FAN-1,Engine #1 Fan Blades,Powerplant,6,8118,5856,1362,205,2,Yes,Erozja,Minor,1,Cleaned,1.2,735,13179
EVT-01093,2025-09-14,PH-BPX,KLM,B737-800,5.6,EHEH,EGGW,Line Maintenance,27,CMR,FC-FLP-L,Flap Track Left,Flight Controls,9,16709,11590,2015,457,0,No,,,0,Inspected OK,0.8,127,17032
EVT-01094,2019-12-21,OO-JBV,TUI fly,B737-800,12.7,EHRD,EGCC,Unscheduled,32,ALI,LG-MLG-L,Main Landing Gear Left,Landing Gear,10,37255,24228,1742,666,1,Yes,Korozja wżerowa,Minor,1,Cleaned,5.5,1239,10069
EVT-01095,2019-02-10,OO-JVN,TUI fly,B737-800,3.2,EHAM,EGCC,Unscheduled,29,MPD,HY-PMP-A,Hydraulic Pump A,Hydraulic,5,9544,5814,1701,850,1,Yes,Spadek ciśnienia,Moderate,2,Repaired,16.5,6258,4187
EVT-01096,2021-07-18,PH-BMX,KLM,B737-800,13.7,EHRD,EGLL,C-Check,32,STC,LG-BRK-R,Brake Assembly Right,Landing Gear,8,40343,24676,67,30,4,Yes,Zużycie tarcz,Moderate,2,Replaced,28.0,66920,826
EVT-01097,2023-04-12,PH-BUK,KLM,B737-800,11.9,EHRD,EGKK,Line Maintenance,27,MPD,FC-FLP-L,Flap Track Left,Flight Controls,9,40136,19522,1552,404,1,Yes,Zużycie rolek,Critical,4,Replaced,17.5,47028,2360
EVT-01098,2022-09-12,OO-JVB,TUI fly,B737-800,10.8,EHAM,EGLL,A-Check,27,STC,FC-RUD,Rudder,Flight Controls,6,28797,24955,50,79,2,Yes,Korozja warstwowa,Moderate,2,Repaired,4.1,7249,5190
EVT-01099,2024-06-03,EI-DNJ,Ryanair,B737-800,11.6,EHRD,EGGW,Daily Inspection,53,STC,FS-SKN-AF,Fuselage Skin Aft,Structure,8,29963,23103,53,2210,4,No,,,0,Inspected OK,0.5,466,28623
EVT-01100,2022-11-04,PH-BPX,KLM,B737-800,6.6,EHEH,EGSS,Line Maintenance,72,MPD,EN-HPC-1,Engine #1 HP Compressor,Powerplant,7,16830,10416,2016,1478,6,No,,,0,Inspected OK,0.8,490,9681
EVT-01101,2018-10-23,LN-NAQ,Norwegian,B737-800,11.5,EHAM,EGCC,Line Maintenance,29,MPD,HY-RES-A,Hydraulic Reservoir A,Hydraulic,5,34667,20719,50,30,1,Yes,Kondensat w układzie,Major,3,Replaced,10.5,17197,5202
EVT-01102,2021-09-18,EI-DNJ,Ryanair,B737-800,11.0,EHRD,EGLL,Daily Inspection,28,ALI,FU-PMP-1,Fuel Boost Pump #1,Fuel System,6,36757,17605,1257,322,0,Yes,Zużycie wirnika,Moderate,2,Repaired,11.2,1454,2859
EVT-01103,2022-03-25,EI-DGY,Ryanair,B737-800,5.4,EHRD,EGGW,AOG,72,CMR,EN-FAN-2,Engine #2 Fan Blades,Powerplant,6,14537,9568,1570,1551,2,No,,,0,Inspected OK,4.0,109,13459
EVT-01104,2025-04-11,EI-DGC,Ryanair,B737-800,2.5,EHRD,EGSS,Daily Inspection,29,STC,HY-RES-A,Hydraulic Reservoir A,Hydraulic,5,7288,4817,1428,1123,6,Yes,Kondensat w układzie,Major,3,Replaced,14.3,46109,4443
EVT-01105,2025-09-02,LN-NDS,Norwegian,B737-800,14.1,EHEH,EGSS,Unscheduled,32,AD/SB,LG-MLG-R,Main Landing Gear Right,Landing Gear,10,43863,26335,84,178,1,Yes,Pęknięcie strukturalne,Minor,1,Repaired,13.6,1938,9465
EVT-01106,2020-01-30,EI-DLY,Ryanair,B737-800,2.8,EHEH,EGLL,A-Check,29,CMR,HY-LIN-A,Hydraulic Lines System A,Hydraulic,7,6522,5206,1991,378,1,Yes,Wyciek na złączach,Minor,1,Repaired,3.1,4631,11088
EVT-01107,2023-09-04,EI-DUN,Ryanair,B737-800,6.6,EHAM,EGCC,C-Check,29,STC,HY-LIN-A,Hydraulic Lines System A,Hydraulic,7,18004,11101,711,193,2,No,,,0,Inspected OK,3.8,192,11497
EVT-01108,2024-08-27,PH-BRO,KLM,B737-800,14.5,EHEH,EGKK,Line Maintenance,29,ALI,HY-PMP-A,Hydraulic Pump A,Hydraulic,5,43819,25281,222,891,4,Yes,Zużycie tłoków,Moderate,2,Repaired,19.6,7710,2474
EVT-01109,2024-12-07,EI-DKD,Ryanair,B737-800,2.4,EHAM,EGGW,Line Maintenance,27,CMR,FC-FLP-R,Flap Track Right,Flight Controls,9,7262,4360,1505,141,1,No,,,0,Inspected OK,0.7,230,17341
EVT-01110,2022-05-31,OO-JBB,TUI fly,B737-800,9.8,EHEH,EGKK,Unscheduled,32,AD/SB,LG-MLG-L,Main Landing Gear Left,Landing Gear,10,28522,21328,2927,347,0,Yes,Korozja wżerowa,Moderate,2,Replaced,32.0,47387,9972
EVT-01111,2022-04-14,EI-DUN,Ryanair,B737-800,9.2,EHRD,EGSS,C-Check,28,CMR,FU-PMP-2,Fuel Boost Pump #2,Fuel System,6,20631,16312,558,248,4,Yes,Zużycie wirnika,Minor,1,Inspected OK,1.2,330,3063
EVT-01112,2026-02-06,PH-BDT,KLM,B737-800,8.8,EHEH,EGCC,Line Maintenance,72,STC,EN-FAN-1,Engine #1 Fan Blades,Powerplant,6,27680,18924,483,777,0,No,,,0,Inspected OK,1.9,492,14282
EVT-01113,2025-04-07,EI-DKD,Ryanair,B737-800,14.5,EHAM,EGKK,AOG,72,STC,EN-FAN-1,Engine #1 Fan Blades,Powerplant,6,38717,28972,260,240,5,Yes,Korozja wżerowa,Minor,1,Repaired,19.2,6509,6197
EVT-01114,2022-10-06,PH-BDZ,KLM,B737-800,6.9,EHAM,EGGW,Unscheduled,28,MPD,FU-PMP-1,Fuel Boost Pump #1,Fuel System,6,17198,16297,2133,335,3,Yes,Korozja styków elektrycznych,Minor,1,Repaired,10.9,3788,3043
EVT-01115,2023-09-23,EI-DVJ,Ryanair,B737-800,12.9,EHRD,EGSS,A-Check,72,STC,EN-HPC-1,Engine #1 HP Compressor,Powerplant,7,39909,23704,167,476,0,Yes,Zużycie łopatek,Major,3,Replaced,28.0,8879,6094
EVT-01116,2022-03-17,OO-JHF,TUI fly,B737-800,6.3,EHEH,EGGW,C-Check,30,AD/SB,IR-WAI-L,Wing Anti-Ice Valve Left,Ice Protection,8,20423,13338,668,568,2,Yes,Zakleszczenie zaworu,Moderate,2,Repaired,5.3,6913,3211
EVT-01117,2020-08-16,PH-BUK,KLM,B737-800,10.2,EHAM,EGGW,AOG,25,AD/SB,EQ-SLI-1,Escape Slide #1,Equipment,4,24921,20506,156,1238,3,No,,,0,Inspected OK,3.2,183,14821
EVT-01118,2021-02-14,EI-DUN,Ryanair,B737-800,4.0,EHEH,EGLL,C-Check,32,AD/SB,LG-MLG-R,Main Landing Gear Right,Landing Gear,10,10638,6310,94,769,3,No,,,0,Inspected OK,2.2,410,14747
EVT-01119,2025-02-17,PH-BUK,KLM,B737-800,12.8,EHRD,EGKK,C-Check,32,ALI,LG-MLG-L,Main Landing Gear Left,Landing Gear,10,38417,26707,343,362,4,Yes,Korozja naprężeniowa,Major,3,Replaced,16.7,25563,1241
EVT-01120,2022-12-09,OO-JVB,TUI fly,B737-800,7.7,EHAM,EGGW,C-Check,28,MPD,FU-PMP-2,Fuel Boost Pump #2,Fuel System,6,19864,16981,749,64,4,No,,,0,Inspected OK,2.2,341,3713
EVT-01121,2021-01-20,EI-DGC,Ryanair,B737-800,11.7,EHRD,EGLL,AOG,32,CMR,LG-TIR-N,Nose Tire,Landing Gear,2,31440,20588,449,401,1,Yes,Zużycie bieżnika,Minor,1,Repaired,3.2,1359,0
EVT-01122,2023-05-22,LN-NKW,Norwegian,B737-800,7.1,EHAM,EGLL,Daily Inspection,53,CMR,FS-CRG,Cargo Door,Structure,8,21484,11569,378,593,1,Yes,Korozja zawiasów,Minor,1,Repaired,8.8,5221,33348
EVT-01123,2020-12-05,OO-JVB,TUI fly,B737-800,2.1,EHAM,EGCC,C-Check,32,CMR,LG-MLG-R,Main Landing Gear Right,Landing Gear,10,6136,4295,644,269,2,Yes,Pęknięcie strukturalne,Moderate,2,Replaced,27.4,41358,11362
EVT-01124,2022-01-29,PH-BUK,KLM,B737-800,14.8,EHEH,EGGW,AOG,72,MPD,EN-HPC-1,Engine #1 HP Compressor,Powerplant,7,41721,26972,1768,479,1,Yes,Korozja gorąca,Minor,1,Inspected OK,3.0,366,8050
EVT-01125,2023-12-02,EI-DWF,Ryanair,B737-800,6.6,EHRD,EGGW,Unscheduled,32,AD/SB,LG-TIR-N,Nose Tire,Landing Gear,2,18910,16530,455,539,2,No,,,0,Inspected OK,3.3,122,0
EVT-01126,2022-10-27,PH-BRO,KLM,B737-800,14.0,EHEH,EGKK,AOG,29,ALI,HY-RES-A,Hydraulic Reservoir A,Hydraulic,5,31332,30153,303,943,0,Yes,Kondensat w układzie,Minor,1,Repaired,16.0,1292,7875
EVT-01127,2024-09-11,EI-DMY,Ryanair,B737-800,11.1,EHAM,EGLL,A-Check,24,AD/SB,EL-WIR-FW,Wiring Harness FWD,Electrical,8,25000,23871,211,575,5,Yes,Przetarcie izolacji,Moderate,2,Replaced,18.5,10645,5081
EVT-01128,2026-03-14,PH-BDZ,KLM,B737-800,3.4,EHRD,EGCC,C-Check,28,AD/SB,FU-TNK-R,Fuel Tank Wing Right,Fuel System,9,9828,7732,531,245,0,No,,,0,Inspected OK,2.4,172,16460
EVT-01129,2026-01-10,PH-BMX,KLM,B737-800,13.6,EHRD,EGLL,A-Check,32,MPD,LG-MLG-L,Main Landing Gear Left,Landing Gear,10,39159,26056,94,143,4,Yes,Korozja wżerowa,Major,3,Replaced,39.0,55089,364
EVT-01130,2022-03-13,PH-BPX,KLM,B737-800,10.2,EHRD,EGGW,C-Check,72,ALI,EN-FAN-2,Engine #2 Fan Blades,Powerplant,6,27886,21149,612,958,2,Yes,Erozja,Minor,1,Inspected OK,2.4,420,10039
EVT-01131,2024-02-23,LN-NIR,Norwegian,B737-800,5.3,EHAM,EGGW,AOG,21,AD/SB,AC-PCK-R,Air Conditioning Pack Right,Air Conditioning,7,14757,10442,1153,63,2,Yes,Korozja wewnętrzna,Minor,1,Inspected OK,0.9,465,6959
EVT-01132,2019-02-09,EI-DDM,Ryanair,B737-800,10.2,EHAM,EGCC,Line Maintenance,27,ALI,FC-FLP-R,Flap Track Right,Flight Controls,9,23697,16823,396,810,3,Yes,Korozja szczelinowa,Minor,1,Cleaned,5.9,399,9010
EVT-01133,2022-11-03,EI-DKD,Ryanair,B737-800,4.4,EHEH,EGSS,Line Maintenance,21,AD/SB,AC-PCK-L,Air Conditioning Pack Left,Air Conditioning,7,10118,7636,1158,866,1,No,,,0,Inspected OK,1.9,494,8683
EVT-01134,2024-03-31,EI-DWF,Ryanair,B737-800,8.2,EHAM,EGGW,Line Maintenance,28,CMR,FU-TNK-L,Fuel Tank Wing Left,Fuel System,9,22421,12147,1774,405,1,Yes,Wyciek paliwa,Major,3,Overhauled,50.6,47657,5842
EVT-01135,2025-10-01,LN-NAQ,Norwegian,B737-800,3.7,EHAM,EGSS,AOG,27,STC,FC-FLP-L,Flap Track Left,Flight Controls,9,8412,7964,786,1447,2,Yes,Korozja szczelinowa,Minor,1,Cleaned,4.1,1051,12233
EVT-01136,2023-03-16,PH-BPX,KLM,B737-800,14.2,EHRD,EGGW,Unscheduled,27,STC,FC-AIL-R,Aileron Right,Flight Controls,7,36313,22205,922,145,1,No,,,0,Inspected OK,0.5,486,5471
EVT-01137,2019-08-05,LN-NKW,Norwegian,B737-800,3.0,EHRD,EGSS,A-Check,27,ALI,FC-FLP-L,Flap Track Left,Flight Controls,9,8809,5650,120,531,2,Yes,Korozja galwaniczna,Major,3,Replaced,39.5,71179,7951
EVT-01138,2024-09-08,EI-DKD,Ryanair,B737-800,14.2,EHEH,EGLL,A-Check,32,STC,LG-MLG-R,Main Landing Gear Right,Landing Gear,10,34526,26548,89,125,2,No,,,0,Inspected OK,2.8,195,11498
EVT-01139,2024-01-15,LN-NLP,Norwegian,B737-800,6.3,EHAM,EGKK,AOG,57,STC,WG-LEA-L,Wing Leading Edge Left,Structure,7,20039,10008,503,1002,1,No,,,0,Inspected OK,1.4,197,11470
EVT-01140,2024-10-21,LN-NKW,Norwegian,B737-800,2.9,EHEH,EGLL,Daily Inspection,27,MPD,FC-ELV-L,Elevator Left,Flight Controls,6,8473,4451,1333,891,1,No,,,0,Inspected OK,3.2,201,9305
EVT-01141,2024-10-12,EI-DKD,Ryanair,B737-800,10.0,EHAM,EGLL,A-Check,57,CMR,WG-LEA-L,Wing Leading Edge Left,Structure,7,26546,19358,750,99,2,Yes,Korozja wżerowa,Major,3,Replaced,17.1,73381,3868
EVT-01142,2018-07-02,EI-DNJ,Ryanair,B737-800,6.6,EHAM,EGKK,AOG,24,ALI,EL-BAT,Main Battery,Electrical,6,15892,12920,1849,225,3,Yes,Spadek pojemności,Minor,1,Cleaned,2.0,1157,2397
EVT-01143,2020-01-05,OO-JHF,TUI fly,B737-800,11.6,EHEH,EGKK,Line Maintenance,57,CMR,WG-SPR-L,Wing Spar Left,Structure,9,34449,21865,241,688,5,Yes,Korozja warstwowa,Minor,1,Repaired,6.9,6154,21080
EVT-01144,2023-02-22,PH-BRO,KLM,B737-800,7.7,EHRD,EGCC,C-Check,21,STC,AC-PCK-R,Air Conditioning Pack Right,Air Conditioning,7,18766,9870,250,3986,0,No,,,0,Inspected OK,0.7,147,9254
EVT-01145,2026-01-21,PH-BMX,KLM,B737-800,5.0,EHEH,EGLL,A-Check,72,AD/SB,EN-FAN-1,Engine #1 Fan Blades,Powerplant,6,15234,9919,192,2146,1,Yes,Erozja,Minor,1,Inspected OK,3.2,215,11540
EVT-01146,2020-02-29,PH-BYZ,KLM,B737-800,3.6,EHEH,EGKK,Daily Inspection,27,AD/SB,FC-ELV-L,Elevator Left,Flight Controls,6,9047,6793,130,376,4,Yes,Korozja wżerowa,Minor,1,Inspected OK,2.8,493,7010
EVT-01147,2021-10-06,PH-BPX,KLM,B737-800,10.5,EHAM,EGGW,Unscheduled,36,STC,PN-DUC-L,Bleed Air Duct Left,Pneumatic,6,24395,20997,2478,396,1,Yes,Korozja gorąca,Minor,1,Inspected OK,2.7,460,6961
EVT-01148,2023-11-06,EI-DLY,Ryanair,B737-800,5.9,EHAM,EGSS,Daily Inspection,28,STC,FU-TNK-R,Fuel Tank Wing Right,Fuel System,9,15617,10552,50,425,5,Yes,Wyciek paliwa,Minor,1,Inspected OK,3.4,185,8212
EVT-01149,2021-08-08,LN-NKW,Norwegian,B737-800,2.7,EHEH,EGSS,Line Maintenance,21,STC,AC-PCK-L,Air Conditioning Pack Left,Air Conditioning,7,7218,4765,505,331,1,No,,,0,Inspected OK,1.4,147,9369
EVT-01150,2023-03-30,PH-BPX,KLM,B737-800,12.9,EHAM,EGCC,Unscheduled,27,AD/SB,FC-FLP-R,Flap Track Right,Flight Controls,9,39924,25011,743,733,2,Yes,Zużycie rolek,Moderate,2,Repaired,14.6,3316,5866
EVT-01151,2025-10-31,PH-BYZ,KLM,B737-800,7.7,EHAM,EGLL,Line Maintenance,27,MPD,FC-RUD,Rudder,Flight Controls,6,20295,12221,254,55,3,No,,,0,Inspected OK,1.9,78,8264
EVT-01152,2024-07-11,LN-NDS,Norwegian,B737-800,7.0,EHAM,EGLL,Daily Inspection,29,ALI,HY-RES-A,Hydraulic Reservoir A,Hydraulic,5,21039,14501,1305,139,1,No,,,0,Inspected OK,0.8,496,10060
EVT-01153,2026-05-04,EI-DGY,Ryanair,B737-800,13.2,EHAM,EGGW,AOG,57,MPD,WG-SPR-L,Wing Spar Left,Structure,9,39160,31858,1160,1099,1,Yes,Korozja warstwowa,Minor,1,Repaired,9.4,7873,32796
EVT-01154,2019-03-25,EI-DVJ,Ryanair,B737-800,11.9,EHEH,EGCC,Daily Inspection,29,ALI,HY-LIN-A,Hydraulic Lines System A,Hydraulic,7,29488,23566,179,1196,2,No,,,0,Inspected OK,2.3,406,10165
EVT-01155,2024-01-23,EI-DKD,Ryanair,B737-800,11.4,EHAM,EGSS,Line Maintenance,28,STC,FU-TNK-L,Fuel Tank Wing Left,Fuel System,9,27879,14553,3435,332,1,Yes,Korozja wżerowa,Moderate,2,Repaired,9.9,916,6555
EVT-01156,2026-04-20,EI-DWF,Ryanair,B737-800,9.4,EHRD,EGKK,C-Check,21,MPD,AC-PCK-L,Air Conditioning Pack Left,Air Conditioning,7,29122,17440,50,574,1,Yes,Kondensat,Minor,1,Repaired,14.1,1186,6888
EVT-01157,2026-02-18,EI-DMY,Ryanair,B737-800,3.1,EHAM,EGSS,Daily Inspection,29,STC,HY-RES-A,Hydraulic Reservoir A,Hydraulic,5,7891,5540,694,650,2,Yes,Kondensat w układzie,Minor,1,Repaired,19.1,2367,9436
EVT-01158,2024-08-08,EI-DVJ,Ryanair,B737-800,12.2,EHEH,EGLL,A-Check,29,STC,HY-RES-A,Hydraulic Reservoir A,Hydraulic,5,31311,21827,744,683,3,No,,,0,Inspected OK,1.5,348,7980
EVT-01159,2023-03-08,EI-DDM,Ryanair,B737-800,12.9,EHRD,EGGW,A-Check,30,CMR,IR-WAI-L,Wing Anti-Ice Valve Left,Ice Protection,8,38583,32000,918,608,3,No,,,0,Inspected OK,1.9,400,3990
EVT-01160,2022-01-14,LN-NIR,Norwegian,B737-800,14.6,EHEH,EGLL,Daily Inspection,27,ALI,FC-AIL-L,Aileron Left,Flight Controls,7,42149,27057,696,83,2,Yes,Zużycie łożysk,Minor,1,Cleaned,1.6,932,4163
EVT-01161,2025-10-07,EI-DWF,Ryanair,B737-800,7.7,EHAM,EGKK,Unscheduled,21,AD/SB,AC-PCK-R,Air Conditioning Pack Right,Air Conditioning,7,20945,14459,624,294,0,Yes,Korozja wewnętrzna,Minor,1,Repaired,6.7,2697,7650
EVT-01162,2024-02-20,EI-DUN,Ryanair,B737-800,2.6,EHRD,EGSS,Daily Inspection,32,MPD,LG-BRK-L,Brake Assembly Left,Landing Gear,8,7707,5366,2363,757,3,Yes,Zużycie tarcz,Minor,1,Inspected OK,0.8,64,1526
EVT-01163,2024-10-09,EI-DVJ,Ryanair,B737-800,2.8,EHRD,EGCC,A-Check,21,STC,AC-PCK-R,Air Conditioning Pack Right,Air Conditioning,7,7363,6581,642,489,1,No,,,0,Inspected OK,3.4,253,8926
EVT-01164,2018-09-25,LN-NKW,Norwegian,B737-800,9.8,EHEH,EGLL,C-Check,21,AD/SB,AC-PCK-L,Air Conditioning Pack Left,Air Conditioning,7,25634,20746,1609,1326,1,Yes,Wyciek wymiennika,Moderate,2,Repaired,7.4,2806,4836
EVT-01165,2025-08-27,EI-DNJ,Ryanair,B737-800,12.8,EHAM,EGLL,Daily Inspection,53,ALI,FS-SKN-FW,Fuselage Skin Forward,Structure,8,36815,26550,68,87,1,Yes,Korozja pod powłoką,Moderate,2,Replaced,38.1,20127,23090
EVT-01166,2019-03-10,PH-BUK,KLM,B737-800,13.7,EHRD,EGLL,Daily Inspection,53,AD/SB,FS-CRG,Cargo Door,Structure,8,40110,22362,355,1476,3,Yes,Korozja wokół zamków,Moderate,2,Repaired,4.1,4673,13662
EVT-01167,2021-03-07,PH-BYZ,KLM,B737-800,9.9,EHEH,EGSS,AOG,30,STC,IR-PIT,Pitot Tube Heater,Ice Protection,9,25009,20545,1023,998,2,No,,,0,Inspected OK,4.0,205,3606
EVT-01168,2025-10-18,PH-BUK,KLM,B737-800,9.6,EHAM,EGLL,C-Check,28,ALI,FU-TNK-L,Fuel Tank Wing Left,Fuel System,9,29044,15425,182,709,2,Yes,Korozja mikrobiologiczna,Minor,1,Inspected OK,1.5,254,9616
EVT-01169,2025-05-10,PH-BPX,KLM,B737-800,9.1,EHAM,EGSS,Line Maintenance,24,ALI,EL-BAT,Main Battery,Electrical,6,22802,15536,1065,30,2,Yes,Spadek pojemności,Major,3,Replaced,29.0,38438,1751
EVT-01170,2023-01-20,PH-BKH,KLM,B737-800,5.5,EHRD,EGKK,Daily Inspection,24,AD/SB,EL-WIR-FW,Wiring Harness FWD,Electrical,8,17057,11826,1136,232,0,No,,,0,Inspected OK,0.8,92,19199
EVT-01171,2020-12-12,LN-NIR,Norwegian,B737-800,6.1,EHEH,EGKK,Line Maintenance,53,CMR,FS-CRG,Cargo Door,Structure,8,15986,11758,328,839,3,No,,,0,Inspected OK,1.9,144,35844
EVT-01172,2019-05-06,PH-BDZ,KLM,B737-800,9.3,EHRD,EGGW,C-Check,53,ALI,FS-CRG,Cargo Door,Structure,8,28415,19583,816,113,3,Yes,Korozja wokół zamków,Moderate,2,Repaired,11.8,6660,19197
EVT-01173,2023-07-14,EI-DUN,Ryanair,B737-800,12.1,EHRD,EGCC,Daily Inspection,32,MPD,LG-NLG,Nose Landing Gear,Landing Gear,9,36658,27460,130,1084,1,Yes,Wyciek hydrauliczny,Moderate,2,Replaced,32.1,59122,8705
EVT-01174,2020-08-25,PH-BKH,KLM,B737-800,8.6,EHAM,EGGW,A-Check,27,AD/SB,FC-FLP-R,Flap Track Right,Flight Controls,9,23865,17424,488,238,1,Yes,Zużycie rolek,Moderate,2,Repaired,14.3,4763,9127
EVT-01175,2025-10-20,LN-NIR,Norwegian,B737-800,12.0,EHAM,EGGW,A-Check,32,AD/SB,LG-MLG-R,Main Landing Gear Right,Landing Gear,10,34044,22149,995,36,1,Yes,Korozja wżerowa,Moderate,2,Repaired,16.8,6765,7876
EVT-01176,2019-06-16,EI-DWF,Ryanair,B737-800,13.3,EHRD,EGCC,C-Check,27,CMR,FC-FLP-L,Flap Track Left,Flight Controls,9,38076,19378,196,237,1,No,,,0,Inspected OK,1.4,260,12605
EVT-01177,2024-01-14,LN-NAQ,Norwegian,B737-800,5.8,EHEH,EGLL,A-Check,21,STC,AC-PCK-R,Air Conditioning Pack Right,Air Conditioning,7,17071,8932,2052,827,3,Yes,Korozja wewnętrzna,Moderate,2,Repaired,4.6,6200,4405
EVT-01178,2020-05-01,LN-NKW,Norwegian,B737-800,7.8,EHRD,EGGW,Unscheduled,72,AD/SB,EN-FAN-2,Engine #2 Fan Blades,Powerplant,6,22854,13960,50,88,1,No,,,0,Inspected OK,2.8,426,14315
EVT-01179,2023-01-22,PH-BDT,KLM,B737-800,9.7,EHEH,EGLL,C-Check,32,MPD,LG-TIR-N,Nose Tire,Landing Gear,2,29830,17677,191,236,1,No,,,0,Inspected OK,3.2,295,495
EVT-01180,2018-08-27,PH-BDZ,KLM,B737-800,10.8,EHEH,EGSS,Daily Inspection,30,MPD,IR-PIT,Pitot Tube Heater,Ice Protection,9,26003,22137,284,266,2,Yes,Awaria grzałki,Minor,1,Inspected OK,1.8,260,2890
EVT-01181,2018-11-05,PH-BDZ,KLM,B737-800,6.4,EHRD,EGCC,Line Maintenance,28,STC,FU-TNK-R,Fuel Tank Wing Right,Fuel System,9,15533,11661,2066,862,3,Yes,Wyciek paliwa,Moderate,2,Replaced,33.6,7719,7012
EVT-01182,2022-02-14,LN-NIR,Norwegian,B737-800,12.6,EHEH,EGKK,Line Maintenance,32,ALI,LG-TIR-N,Nose Tire,Landing Gear,2,29134,23841,356,207,2,No,,,0,Inspected OK,1.9,478,206
EVT-01183,2022-06-12,EI-DKD,Ryanair,B737-800,10.0,EHRD,EGGW,Line Maintenance,29,AD/SB,HY-RES-A,Hydraulic Reservoir A,Hydraulic,5,27769,22283,896,342,1,Yes,Kondensat w układzie,Minor,1,Repaired,16.9,6739,8150
EVT-01184,2021-10-19,PH-BUK,KLM,B737-800,14.9,EHAM,EGKK,AOG,32,ALI,LG-BRK-R,Brake Assembly Right,Landing Gear,8,42271,25504,525,544,2,Yes,Zużycie tarcz,Moderate,2,Repaired,3.9,818,628
EVT-01185,2022-07-04,LN-NIR,Norwegian,B737-800,13.7,EHEH,EGSS,C-Check,32,MPD,LG-BRK-R,Brake Assembly Right,Landing Gear,8,38872,25446,2604,334,1,No,,,0,Inspected OK,2.6,469,1738
EVT-01186,2023-02-01,EI-DGY,Ryanair,B737-800,4.6,EHEH,EGGW,Unscheduled,24,CMR,EL-GEN-1,Generator #1,Electrical,5,13105,9439,50,282,0,No,,,0,Inspected OK,1.7,128,9101
EVT-01187,2023-11-22,LN-NAQ,Norwegian,B737-800,7.9,EHEH,EGLL,Line Maintenance,24,CMR,EL-WIR-FW,Wiring Harness FWD,Electrical,8,19291,11389,286,641,2,No,,,0,Inspected OK,2.5,254,16431
EVT-01188,2024-01-09,EI-DMY,Ryanair,B737-800,13.2,EHEH,EGLL,Daily Inspection,24,MPD,EL-GEN-1,Generator #1,Electrical,5,35183,24529,261,1720,1,No,,,0,Inspected OK,2.3,151,6693
EVT-01189,2021-03-05,EI-DGC,Ryanair,B737-800,6.3,EHEH,EGLL,Unscheduled,28,STC,FU-TNK-R,Fuel Tank Wing Right,Fuel System,9,19499,11603,599,244,2,Yes,Korozja wżerowa,Minor,1,Inspected OK,1.7,481,10559
EVT-01190,2024-09-13,PH-BYZ,KLM,B737-800,14.1,EHRD,EGKK,AOG,27,MPD,FC-RUD,Rudder,Flight Controls,6,38766,18059,589,905,1,No,,,0,Inspected OK,2.5,349,7954
EVT-01191,2024-08-04,PH-BKH,KLM,B737-800,5.2,EHAM,EGKK,Daily Inspection,25,CMR,EQ-SLI-1,Escape Slide #1,Equipment,4,15558,10343,371,47,4,No,,,0,Inspected OK,3.3,298,15728
EVT-01192,2025-01-20,OO-JBV,TUI fly,B737-800,4.4,EHEH,EGKK,A-Check,32,CMR,LG-BRK-L,Brake Assembly Left,Landing Gear,8,11324,7242,70,248,4,Yes,Zużycie tarcz,Minor,1,Cleaned,1.8,1469,1755
EVT-01193,2020-06-12,PH-BDZ,KLM,B737-800,9.9,EHEH,EGGW,Unscheduled,27,ALI,FC-FLP-L,Flap Track Left,Flight Controls,9,25236,18152,544,1242,1,Yes,Korozja szczelinowa,Minor,1,Repaired,3.7,6904,10616
EVT-01194,2020-06-15,PH-BYZ,KLM,B737-800,8.3,EHAM,EGCC,C-Check,28,STC,FU-PMP-1,Fuel Boost Pump #1,Fuel System,6,24648,16335,683,1006,5,No,,,0,Inspected OK,3.5,274,3730
EVT-01195,2022-04-29,PH-BPX,KLM,B737-800,10.2,EHAM,EGCC,Line Maintenance,24,CMR,EL-GEN-1,Generator #1,Electrical,5,33199,15535,50,423,2,Yes,Korozja styków,Minor,1,Cleaned,2.8,716,5953
EVT-01196,2019-03-20,EI-DVJ,Ryanair,B737-800,7.5,EHEH,EGGW,Unscheduled,53,AD/SB,FS-SKN-FW,Fuselage Skin Forward,Structure,8,22512,18514,1290,360,3,Yes,Korozja warstwowa,Moderate,2,Replaced,31.0,46853,23521
EVT-01197,2024-01-30,PH-BDT,KLM,B737-800,7.4,EHRD,EGLL,AOG,72,STC,EN-HPT-1,Engine #1 HP Turbine,Powerplant,5,18502,12235,895,30,2,Yes,Korozja gorąca,Minor,1,Cleaned,5.4,219,9052
EVT-01198,2025-10-17,PH-BYZ,KLM,B737-800,7.3,EHRD,EGGW,Daily Inspection,28,MPD,FU-PMP-2,Fuel Boost Pump #2,Fuel System,6,20760,15989,765,207,4,No,,,0,Inspected OK,4.0,51,3857
EVT-01199,2021-02-25,PH-BRO,KLM,B737-800,4.8,EHAM,EGCC,Line Maintenance,29,CMR,HY-RES-A,Hydraulic Reservoir A,Hydraulic,5,12833,7322,1049,587,1,No,,,0,Inspected OK,0.6,125,10850
EVT-01200,2024-06-27,LN-NKW,Norwegian,B737-800,4.2,EHEH,EGCC,C-Check,28,ALI,FU-TNK-R,Fuel Tank Wing Right,Fuel System,9,11950,7129,573,58,4,Yes,Wyciek paliwa,Minor,1,Inspected OK,2.1,61,9887
EVT-01201,2025-04-11,EI-DWF,Ryanair,B737-800,2.3,EHEH,EGLL,Unscheduled,21,MPD,AC-PCK-L,Air Conditioning Pack Left,Air Conditioning,7,6467,4884,62,70,4,Yes,Kondensat,Minor,1,Repaired,13.8,6123,6905
EVT-01202,2021-03-11,PH-BZZ,KLM,B737-800,9.0,EHEH,EGGW,Unscheduled,24,AD/SB,EL-WIR-FW,Wiring Harness FWD,Electrical,8,21733,19354,621,320,6,No,,,0,Inspected OK,0.6,140,12125
EVT-01203,2021-02-11,PH-BUK,KLM,B737-800,6.3,EHAM,EGSS,A-Check,29,ALI,HY-PMP-A,Hydraulic Pump A,Hydraulic,5,16531,10786,290,267,1,Yes,Zużycie tłoków,Major,3,Replaced,25.2,38310,3953
EVT-01204,2023-11-02,PH-BDB,KLM,B737-800,4.0,EHAM,EGCC,Unscheduled,57,MPD,WG-SPR-R,Wing Spar Right,Structure,9,10874,8686,446,614,4,Yes,Korozja warstwowa,Moderate,2,Repaired,12.5,7865,27109
EVT-01205,2025-12-01,PH-BDB,KLM,B737-800,3.7,EHRD,EGLL,A-Check,57,MPD,WG-SPR-L,Wing Spar Left,Structure,9,11234,7061,418,4058,1,No,,,0,Inspected OK,0.6,419,52406
EVT-01206,2021-05-17,EI-DWF,Ryanair,B737-800,11.9,EHAM,EGSS,Line Maintenance,24,AD/SB,EL-BAT,Main Battery,Electrical,6,35507,25192,271,129,3,Yes,Spadek pojemności,Moderate,2,Repaired,12.5,7385,1596
EVT-01207,2023-10-26,PH-BYZ,KLM,B737-800,6.2,EHAM,EGLL,Daily Inspection,36,ALI,PN-DUC-L,Bleed Air Duct Left,Pneumatic,6,15635,14383,1586,119,7,Yes,Korozja gorąca,Minor,1,Repaired,14.9,2435,5993
EVT-01208,2021-06-29,LN-NKW,Norwegian,B737-800,7.6,EHRD,EGSS,AOG,72,AD/SB,EN-HPT-1,Engine #1 HP Turbine,Powerplant,5,18351,12047,352,111,0,Yes,Korozja gorąca,Moderate,2,Replaced,37.0,79823,9154
EVT-01209,2019-09-10,PH-BZZ,KLM,B737-800,11.5,EHEH,EGLL,Line Maintenance,57,AD/SB,WG-SPR-L,Wing Spar Left,Structure,9,30644,16095,183,215,2,No,,,0,Inspected OK,3.7,486,40839
EVT-01210,2026-02-17,LN-NLP,Norwegian,B737-800,12.0,EHRD,EGKK,Unscheduled,30,MPD,IR-WAI-L,Wing Anti-Ice Valve Left,Ice Protection,8,39247,21269,596,57,2,Yes,Korozja wewnętrzna,Moderate,2,Replaced,18.6,45683,2512
EVT-01211,2023-10-31,OO-JBB,TUI fly,B737-800,4.7,EHEH,EGKK,A-Check,32,AD/SB,LG-MLG-L,Main Landing Gear Left,Landing Gear,10,12650,9073,54,481,0,No,,,0,Inspected OK,1.2,350,18553
EVT-01212,2022-03-17,LN-NAQ,Norwegian,B737-800,8.2,EHRD,EGCC,Line Maintenance,57,STC,WG-SPR-R,Wing Spar Right,Structure,9,24339,16445,424,636,2,Yes,Korozja w mokowaniu,Moderate,2,Repaired,18.1,1278,27664
EVT-01213,2026-02-18,EI-DKD,Ryanair,B737-800,6.2,EHAM,EGSS,Line Maintenance,53,ALI,FS-SKN-AF,Fuselage Skin Aft,Structure,8,15919,11433,95,778,4,Yes,Korozja warstwowa,Major,3,Replaced,10.0,18464,14271
EVT-01214,2026-04-07,PH-BKH,KLM,B737-800,5.1,EHAM,EGGW,Unscheduled,24,MPD,EL-GEN-1,Generator #1,Electrical,5,13180,9841,719,470,0,Yes,Korozja styków,Moderate,2,Repaired,8.4,1169,6147
EVT-01215,2020-03-12,OO-JBB,TUI fly,B737-800,2.2,EHAM,EGLL,Line Maintenance,57,CMR,WG-SPR-L,Wing Spar Left,Structure,9,5348,3953,659,708,2,Yes,Korozja warstwowa,Minor,1,Repaired,15.5,6253,45565
EVT-01216,2019-02-27,PH-BRO,KLM,B737-800,8.8,EHRD,EGLL,Line Maintenance,32,STC,LG-BRK-R,Brake Assembly Right,Landing Gear,8,26070,12998,508,58,0,Yes,Wyciek płynu hamulcowego,Minor,1,Cleaned,1.6,362,2130
EVT-01217,2023-11-02,EI-DGY,Ryanair,B737-800,10.0,EHEH,EGKK,AOG,29,STC,HY-RES-A,Hydraulic Reservoir A,Hydraulic,5,31595,19035,214,1641,4,Yes,Wyciek,Minor,1,Inspected OK,3.5,498,7022
EVT-01218,2022-07-16,PH-BYZ,KLM,B737-800,8.1,EHAM,EGKK,AOG,24,CMR,EL-WIR-FW,Wiring Harness FWD,Electrical,8,27515,11013,164,30,3,Yes,Przetarcie izolacji,Major,3,Overhauled,93.3,34379,6139
EVT-01219,2025-08-18,EI-DKD,Ryanair,B737-800,4.3,EHAM,EGLL,AOG,27,CMR,FC-AIL-L,Aileron Left,Flight Controls,7,11768,8388,1546,674,1,Yes,Korozja wżerowa,Minor,1,Cleaned,4.3,1275,5660
EVT-01220,2023-11-24,EI-DKD,Ryanair,B737-800,10.1,EHAM,EGCC,Unscheduled,53,MPD,FS-SKN-AF,Fuselage Skin Aft,Structure,8,27106,16673,3210,919,2,Yes,Korozja pod powłoką,Minor,1,Inspected OK,1.9,372,29926
EVT-01221,2025-11-23,EI-DNJ,Ryanair,B737-800,12.7,EHEH,EGCC,Daily Inspection,32,ALI,LG-TIR-M,Main Tire,Landing Gear,2,34347,22410,50,339,1,No,,,0,Inspected OK,1.3,362,36
EVT-01222,2023-06-04,EI-DUN,Ryanair,B737-800,9.0,EHEH,EGKK,Daily Inspection,57,AD/SB,WG-SPR-R,Wing Spar Right,Structure,9,25732,16334,128,726,3,Yes,Korozja warstwowa,Moderate,2,Repaired,12.9,4282,23071
EVT-01223,2022-07-04,PH-BDT,KLM,B737-800,3.6,EHEH,EGCC,Unscheduled,28,ALI,FU-PMP-2,Fuel Boost Pump #2,Fuel System,6,9615,8349,330,208,1,Yes,Korozja styków elektrycznych,Minor,1,Inspected OK,0.6,133,4701
EVT-01224,2023-10-16,PH-BDB,KLM,B737-800,2.0,EHAM,EGKK,C-Check,72,CMR,EN-HPT-1,Engine #1 HP Turbine,Powerplant,5,5174,3390,882,757,2,Yes,Creep,Minor,1,Inspected OK,3.1,481,11130
EVT-01225,2021-11-24,PH-BUK,KLM,B737-800,13.6,EHRD,EGCC,Daily Inspection,27,ALI,FC-AIL-L,Aileron Left,Flight Controls,7,37356,26497,316,113,3,Yes,Zużycie łożysk,Major,3,Replaced,35.3,62866,1531
EVT-01226,2020-08-27,OO-JBB,TUI fly,B737-800,7.1,EHEH,EGCC,AOG,32,MPD,LG-MLG-R,Main Landing Gear Right,Landing Gear,10,23584,13792,214,489,3,Yes,Pęknięcie strukturalne,Minor,1,Repaired,7.0,4634,10462
EVT-01227,2024-05-17,EI-DKD,Ryanair,B737-800,14.3,EHEH,EGKK,Line Maintenance,36,ALI,PN-DUC-L,Bleed Air Duct Left,Pneumatic,6,40585,23614,50,234,3,No,,,0,Inspected OK,1.2,291,7371
EVT-01228,2025-07-22,PH-BKH,KLM,B737-800,12.3,EHAM,EGLL,Daily Inspection,72,CMR,EN-FAN-2,Engine #2 Fan Blades,Powerplant,6,31104,24545,803,467,4,Yes,Korozja wżerowa,Major,3,Replaced,14.0,52725,3600
EVT-01229,2019-08-20,OO-JBV,TUI fly,B737-800,4.8,EHEH,EGLL,C-Check,53,CMR,FS-DOR-PX,Pax Door Frame,Structure,7,12054,9120,176,391,3,Yes,Korozja szczelinowa uszczelek,Minor,1,Cleaned,4.3,170,28800
EVT-01230,2021-02-08,PH-BMX,KLM,B737-800,2.1,EHEH,EGLL,AOG,53,STC,FS-CRG,Cargo Door,Structure,8,7213,2996,315,1945,1,Yes,Korozja zawiasów,Major,3,Overhauled,60.8,44247,24851
EVT-01231,2022-10-11,EI-DLY,Ryanair,B737-800,10.3,EHEH,EGLL,Unscheduled,27,CMR,FC-RUD,Rudder,Flight Controls,6,33600,18214,1552,222,2,Yes,Erozja krawędzi natarcia,Minor,1,Cleaned,4.4,891,6281
EVT-01232,2025-07-17,EI-DKD,Ryanair,B737-800,8.4,EHEH,EGKK,Unscheduled,36,AD/SB,PN-DUC-L,Bleed Air Duct Left,Pneumatic,6,23022,19030,176,338,2,Yes,Korozja gorąca,Minor,1,Cleaned,5.3,1001,7445
EVT-01233,2022-07-19,PH-BMX,KLM,B737-800,12.8,EHRD,EGLL,AOG,32,STC,LG-NLG,Nose Landing Gear,Landing Gear,9,34352,26600,238,288,1,Yes,Zużycie amortyzatora,Moderate,2,Repaired,5.8,6891,9212
EVT-01234,2025-05-30,EI-DGY,Ryanair,B737-800,11.6,EHEH,EGCC,AOG,32,MPD,LG-TIR-M,Main Tire,Landing Gear,2,27209,21742,1532,170,0,Yes,Uszkodzenie boku,Major,3,Replaced,27.8,39343,346
EVT-01235,2024-08-02,LN-NLP,Norwegian,B737-800,10.7,EHEH,EGCC,A-Check,57,AD/SB,WG-SPR-R,Wing Spar Right,Structure,9,32867,20737,2803,603,1,Yes,Korozja warstwowa,Major,3,Replaced,21.8,38447,18958
EVT-01236,2023-04-18,LN-NDS,Norwegian,B737-800,9.9,EHRD,EGKK,Unscheduled,72,MPD,EN-FAN-2,Engine #2 Fan Blades,Powerplant,6,25562,21007,163,591,1,No,,,0,Inspected OK,1.7,154,12975
EVT-01237,2018-08-06,PH-BDB,KLM,B737-800,6.6,EHAM,EGLL,A-Check,29,AD/SB,HY-LIN-A,Hydraulic Lines System A,Hydraulic,7,18864,10413,524,30,0,Yes,Rdza wewnętrzna,Moderate,2,Replaced,16.5,30865,9251
EVT-01238,2024-03-23,PH-BZZ,KLM,B737-800,9.7,EHAM,EGLL,C-Check,27,STC,FC-FLP-R,Flap Track Right,Flight Controls,9,20706,20433,162,1100,0,No,,,0,Inspected OK,1.3,66,14471
EVT-01239,2022-10-01,PH-BZZ,KLM,B737-800,11.4,EHRD,EGLL,Line Maintenance,72,STC,EN-HPC-1,Engine #1 HP Compressor,Powerplant,7,29160,21439,2569,1267,3,Yes,Korozja gorąca,Moderate,2,Repaired,16.5,3294,5593
EVT-01240,2018-06-27,OO-JHF,TUI fly,B737-800,9.3,EHAM,EGCC,Daily Inspection,32,CMR,LG-TIR-N,Nose Tire,Landing Gear,2,27135,15947,318,68,3,Yes,Zużycie bieżnika,Minor,1,Cleaned,5.8,569,410
EVT-01241,2025-04-24,EI-DGY,Ryanair,B737-800,6.6,EHAM,EGLL,AOG,28,CMR,FU-PMP-2,Fuel Boost Pump #2,Fuel System,6,19474,13189,457,285,3,Yes,Korozja styków elektrycznych,Major,3,Replaced,26.4,67357,2136
EVT-01242,2018-12-24,PH-BYZ,KLM,B737-800,4.7,EHRD,EGCC,C-Check,32,STC,LG-BRK-L,Brake Assembly Left,Landing Gear,8,14408,9582,725,1342,1,No,,,0,Inspected OK,3.4,58,1474
EVT-01243,2025-07-07,PH-BMX,KLM,B737-800,11.7,EHRD,EGLL,A-Check,24,ALI,EL-BAT,Main Battery,Electrical,6,31056,18984,1118,643,3,Yes,Spadek pojemności,Minor,1,Repaired,13.1,2603,1740
EVT-01244,2025-09-12,PH-BPX,KLM,B737-800,3.8,EHRD,EGSS,Line Maintenance,25,ALI,EQ-SLI-1,Escape Slide #1,Equipment,4,10415,6882,50,57,4,No,,,0,Inspected OK,2.7,92,15972
EVT-01245,2025-09-15,PH-BKH,KLM,B737-800,3.4,EHRD,EGCC,Unscheduled,27,MPD,FC-RUD,Rudder,Flight Controls,6,11522,6744,216,345,2,Yes,Korozja warstwowa,Minor,1,Repaired,9.4,7479,8975
EVT-01246,2021-09-26,EI-DWF,Ryanair,B737-800,4.1,EHAM,EGGW,AOG,32,CMR,LG-TIR-N,Nose Tire,Landing Gear,2,10923,7540,987,153,1,No,,,0,Inspected OK,0.7,104,92
EVT-01247,2021-06-13,LN-NAQ,Norwegian,B737-800,7.7,EHEH,EGCC,Line Maintenance,30,CMR,IR-PIT,Pitot Tube Heater,Ice Protection,9,21769,16078,1273,242,5,Yes,Korozja styków,Minor,1,Repaired,18.8,2652,1706
EVT-01248,2025-11-21,EI-DDM,Ryanair,B737-800,5.0,EHEH,EGLL,Line Maintenance,29,CMR,HY-LIN-A,Hydraulic Lines System A,Hydraulic,7,17643,8744,223,82,4,No,,,0,Inspected OK,2.4,87,10497
EVT-01249,2022-06-30,EI-DGC,Ryanair,B737-800,9.7,EHEH,EGSS,C-Check,29,ALI,HY-RES-A,Hydraulic Reservoir A,Hydraulic,5,26637,20319,400,216,1,Yes,Wyciek,Major,3,Overhauled,86.7,20775,5676
EVT-01250,2020-11-22,EI-DGC,Ryanair,B737-800,6.3,EHAM,EGCC,C-Check,32,STC,LG-NLG,Nose Landing Gear,Landing Gear,9,16684,13652,50,1319,2,No,,,0,Inspected OK,2.4,436,16889
EVT-01251,2025-11-25,OO-JHF,TUI fly,B737-800,8.0,EHAM,EGKK,C-Check,72,AD/SB,EN-HPC-1,Engine #1 HP Compressor,Powerplant,7,21715,13714,618,1000,2,Yes,Korozja gorąca,Major,3,Replaced,10.9,43607,6033
EVT-01252,2020-07-26,EI-DGC,Ryanair,B737-800,5.2,EHRD,EGLL,Line Maintenance,72,AD/SB,EN-FAN-1,Engine #1 Fan Blades,Powerplant,6,13457,9642,735,487,2,No,,,0,Inspected OK,2.1,478,14111
EVT-01253,2024-12-05,PH-BPX,KLM,B737-800,9.1,EHRD,EGKK,A-Check,53,CMR,FS-DOR-PX,Pax Door Frame,Structure,7,25279,17454,50,1626,3,Yes,Korozja szczelinowa uszczelek,Major,3,Replaced,29.5,16530,12668
EVT-01254,2021-09-05,LN-NAQ,Norwegian,B737-800,14.2,EHEH,EGGW,AOG,32,CMR,LG-NLG,Nose Landing Gear,Landing Gear,9,39676,25893,1164,210,0,Yes,Zużycie amortyzatora,Major,3,Overhauled,95.5,15127,6243
EVT-01255,2025-08-17,EI-DMY,Ryanair,B737-800,8.3,EHEH,EGLL,C-Check,21,ALI,AC-PCK-L,Air Conditioning Pack Left,Air Conditioning,7,22156,12703,2024,1268,2,No,,,0,Inspected OK,2.2,58,6820
EVT-01256,2026-01-18,EI-DLY,Ryanair,B737-800,6.7,EHAM,EGSS,AOG,32,CMR,LG-TIR-N,Nose Tire,Landing Gear,2,15925,12135,920,155,3,No,,,0,Inspected OK,1.0,270,2
EVT-01257,2019-12-19,EI-DNJ,Ryanair,B737-800,3.8,EHRD,EGGW,Unscheduled,27,AD/SB,FC-FLP-L,Flap Track Left,Flight Controls,9,10095,7507,442,30,0,Yes,Korozja szczelinowa,Minor,1,Cleaned,5.2,943,14895
EVT-01258,2026-02-04,OO-JVN,TUI fly,B737-800,6.0,EHRD,EGLL,Daily Inspection,72,CMR,EN-FAN-1,Engine #1 Fan Blades,Powerplant,6,16511,8027,550,30,3,No,,,0,Inspected OK,1.0,347,13247
EVT-01259,2019-07-09,EI-DNJ,Ryanair,B737-800,10.9,EHRD,EGLL,Daily Inspection,32,MPD,LG-TIR-N,Nose Tire,Landing Gear,2,33574,21891,1114,358,3,No,,,0,Inspected OK,2.8,325,151
EVT-01260,2025-11-18,PH-BYZ,KLM,B737-800,6.1,EHRD,EGGW,Line Maintenance,57,MPD,WG-SPR-R,Wing Spar Right,Structure,9,20751,12929,586,687,1,Yes,Pęknięcie zmęczeniowe,Moderate,2,Repaired,3.0,4831,34819
EVT-01261,2025-12-15,OO-JBB,TUI fly,B737-800,11.6,EHEH,EGCC,AOG,29,STC,HY-LIN-A,Hydraulic Lines System A,Hydraulic,7,33837,22257,358,300,1,Yes,Wyciek na złączach,Moderate,2,Replaced,27.5,56582,6857
EVT-01262,2019-03-02,EI-DGY,Ryanair,B737-800,8.9,EHRD,EGSS,Daily Inspection,32,AD/SB,LG-MLG-R,Main Landing Gear Right,Landing Gear,10,27076,19262,469,201,2,Yes,Pęknięcie strukturalne,Minor,1,Cleaned,1.1,225,11021
EVT-01263,2022-05-21,EI-DDM,Ryanair,B737-800,13.3,EHRD,EGGW,Daily Inspection,24,MPD,EL-BAT,Main Battery,Electrical,6,29056,28418,1756,362,4,Yes,Korozja zacisków,Minor,1,Cleaned,3.9,1477,1322
EVT-01264,2023-08-10,PH-BYZ,KLM,B737-800,5.3,EHEH,EGCC,C-Check,36,STC,PN-DUC-L,Bleed Air Duct Left,Pneumatic,6,15654,11302,539,30,1,Yes,Wyciek,Moderate,2,Repaired,13.7,1416,7469
EVT-01265,2019-02-05,EI-DGY,Ryanair,B737-800,7.8,EHEH,EGLL,AOG,53,CMR,FS-DOR-PX,Pax Door Frame,Structure,7,21605,15239,205,82,4,Yes,Korozja szczelinowa uszczelek,Moderate,2,Replaced,15.9,78285,17992
EVT-01266,2025-03-11,EI-DGC,Ryanair,B737-800,9.0,EHRD,EGCC,Line Maintenance,28,ALI,FU-PMP-1,Fuel Boost Pump #1,Fuel System,6,22602,16221,131,923,0,Yes,Zużycie wirnika,Moderate,2,Replaced,14.1,20864,3964
EVT-01267,2022-08-24,PH-BDB,KLM,B737-800,8.8,EHAM,EGSS,Unscheduled,28,MPD,FU-PMP-1,Fuel Boost Pump #1,Fuel System,6,28430,17346,301,53,2,Yes,Zużycie wirnika,Minor,1,Cleaned,2.1,576,3694
EVT-01268,2019-10-21,EI-DGC,Ryanair,B737-800,3.0,EHEH,EGCC,Line Maintenance,57,CMR,WG-SPR-L,Wing Spar Left,Structure,9,8859,5883,1244,772,3,No,,,0,Inspected OK,3.5,172,49732
EVT-01269,2019-05-05,LN-NIR,Norwegian,B737-800,5.3,EHAM,EGGW,A-Check,27,AD/SB,FC-AIL-R,Aileron Right,Flight Controls,7,15211,9243,848,59,4,No,,,0,Inspected OK,1.4,155,5999
EVT-01270,2023-02-20,PH-BKH,KLM,B737-800,10.0,EHRD,EGSS,Line Maintenance,30,AD/SB,IR-WAI-L,Wing Anti-Ice Valve Left,Ice Protection,8,26840,19800,318,1030,1,Yes,Zakleszczenie zaworu,Moderate,2,Repaired,3.2,4268,3157
EVT-01271,2022-08-24,LN-NAQ,Norwegian,B737-800,11.0,EHAM,EGCC,Daily Inspection,72,MPD,EN-FAN-1,Engine #1 Fan Blades,Powerplant,6,30634,24947,72,538,2,Yes,Korozja wżerowa,Moderate,2,Replaced,33.7,70949,7850
EVT-01272,2023-03-11,PH-BDZ,KLM,B737-800,12.2,EHEH,EGCC,A-Check,57,AD/SB,WG-LEA-L,Wing Leading Edge Left,Structure,7,36591,22752,672,938,2,Yes,Korozja wżerowa,Minor,1,Inspected OK,1.7,176,7176
EVT-01273,2024-04-01,LN-NLP,Norwegian,B737-800,6.2,EHEH,EGGW,Unscheduled,28,ALI,FU-TNK-R,Fuel Tank Wing Right,Fuel System,9,15777,10650,987,53,2,Yes,Korozja wżerowa,Moderate,2,Replaced,32.4,70736,8465
EVT-01274,2020-09-05,PH-BDZ,KLM,B737-800,8.2,EHRD,EGKK,Line Maintenance,53,CMR,FS-SKN-AF,Fuselage Skin Aft,Structure,8,19625,17296,1322,1350,0,Yes,Korozja warstwowa,Minor,1,Repaired,19.4,4209,38223
EVT-01275,2019-11-26,PH-BUK,KLM,B737-800,4.2,EHAM,EGGW,AOG,28,STC,FU-TNK-L,Fuel Tank Wing Left,Fuel System,9,11336,8262,403,190,1,Yes,Korozja wżerowa,Minor,1,Inspected OK,2.6,164,12605
EVT-01276,2026-03-25,LN-NDS,Norwegian,B737-800,14.8,EHEH,EGGW,A-Check,27,AD/SB,FC-FLP-R,Flap Track Right,Flight Controls,9,39071,27814,846,77,1,Yes,Zużycie rolek,Moderate,2,Replaced,39.2,34786,6200
EVT-01277,2022-08-16,PH-BMX,KLM,B737-800,10.1,EHRD,EGSS,Unscheduled,38,CMR,WW-TNK,Potable Water Tank,Water/Waste,9,23927,20579,539,46,0,Yes,Korozja wżerowa,Critical,4,Replaced,12.4,56570,2670
EVT-01278,2025-11-12,PH-BDT,KLM,B737-800,3.7,EHAM,EGLL,Line Maintenance,28,AD/SB,FU-PMP-1,Fuel Boost Pump #1,Fuel System,6,9544,7396,1424,373,1,No,,,0,Inspected OK,2.3,175,4745
EVT-01279,2024-04-05,PH-BPX,KLM,B737-800,5.8,EHEH,EGGW,AOG,28,CMR,FU-TNK-L,Fuel Tank Wing Left,Fuel System,9,15792,9305,112,720,2,No,,,0,Inspected OK,3.9,93,13820
EVT-01280,2022-10-04,PH-BDT,KLM,B737-800,13.7,EHEH,EGSS,AOG,53,CMR,FS-DOR-PX,Pax Door Frame,Structure,7,33960,28382,60,1251,2,Yes,Pęknięcie ramy,Moderate,2,Replaced,17.5,27935,16291
EVT-01281,2020-04-16,EI-DWF,Ryanair,B737-800,11.8,EHRD,EGCC,A-Check,28,ALI,FU-TNK-R,Fuel Tank Wing Right,Fuel System,9,34253,24158,886,961,2,Yes,Korozja wżerowa,Minor,1,Cleaned,4.2,1335,8381
EVT-01282,2021-04-30,PH-BMX,KLM,B737-800,4.2,EHRD,EGSS,Unscheduled,53,CMR,FS-SKN-AF,Fuselage Skin Aft,Structure,8,13052,7275,580,254,4,No,,,0,Inspected OK,0.9,164,39517
EVT-01283,2025-04-25,PH-BDT,KLM,B737-800,10.3,EHEH,EGSS,Unscheduled,57,CMR,WG-LEA-L,Wing Leading Edge Left,Structure,7,29576,21083,50,137,3,Yes,Erozja powłok,Moderate,2,Repaired,14.8,5096,5373
EVT-01284,2021-11-08,PH-BRO,KLM,B737-800,5.2,EHAM,EGSS,Unscheduled,27,CMR,FC-AIL-R,Aileron Right,Flight Controls,7,15722,9419,1344,578,4,Yes,Pęknięcie zmęczeniowe,Moderate,2,Replaced,35.4,22311,3549
EVT-01285,2022-09-20,EI-DDM,Ryanair,B737-800,4.5,EHRD,EGCC,Unscheduled,21,AD/SB,AC-PCK-R,Air Conditioning Pack Right,Air Conditioning,7,13874,8769,513,823,4,No,,,0,Inspected OK,1.1,67,7521
EVT-01286,2019-09-21,EI-DNJ,Ryanair,B737-800,14.0,EHAM,EGSS,Line Maintenance,32,CMR,LG-TIR-N,Nose Tire,Landing Gear,2,34477,20468,1797,43,2,Yes,Uszkodzenie boku,Minor,1,Cleaned,4.4,1168,468
EVT-01287,2024-02-28,LN-NKW,Norwegian,B737-800,7.8,EHAM,EGSS,Daily Inspection,28,AD/SB,FU-PMP-1,Fuel Boost Pump #1,Fuel System,6,24377,14406,130,196,0,Yes,Zużycie wirnika,Critical,4,Replaced,37.4,10858,2148
EVT-01288,2019-03-05,EI-DGC,Ryanair,B737-800,14.5,EHEH,EGGW,Line Maintenance,28,MPD,FU-PMP-1,Fuel Boost Pump #1,Fuel System,6,37377,31557,1831,3643,5,Yes,Zużycie wirnika,Moderate,2,Replaced,20.9,53494,604
EVT-01289,2022-12-03,EI-DKD,Ryanair,B737-800,11.3,EHAM,EGCC,Line Maintenance,57,MPD,WG-LEA-L,Wing Leading Edge Left,Structure,7,27213,19040,689,1626,0,Yes,Erozja powłok,Minor,1,Inspected OK,3.9,468,8836
EVT-01290,2021-01-29,PH-BYZ,KLM,B737-800,14.1,EHAM,EGKK,Daily Inspection,53,ALI,FS-CRG,Cargo Door,Structure,8,43382,27228,182,472,3,Yes,Korozja wokół zamków,Minor,1,Cleaned,4.0,565,20691
EVT-01291,2026-05-08,PH-BDB,KLM,B737-800,6.8,EHAM,EGCC,A-Check,32,STC,LG-MLG-R,Main Landing Gear Right,Landing Gear,10,17248,11245,2573,285,0,Yes,Korozja naprężeniowa,Major,3,Overhauled,28.2,11254,8350
EVT-01292,2025-07-31,PH-BPX,KLM,B737-800,8.4,EHRD,EGCC,Line Maintenance,27,STC,FC-FLP-L,Flap Track Left,Flight Controls,9,22612,13313,358,1188,3,Yes,Zużycie rolek,Minor,1,Inspected OK,3.1,82,9406
EVT-01293,2023-02-13,PH-BYZ,KLM,B737-800,2.5,EHEH,EGCC,Unscheduled,30,STC,IR-WAI-L,Wing Anti-Ice Valve Left,Ice Protection,8,7189,4322,533,937,3,Yes,Korozja wewnętrzna,Minor,1,Repaired,16.1,2711,4675
EVT-01294,2025-04-14,LN-NKW,Norwegian,B737-800,9.4,EHEH,EGKK,C-Check,29,ALI,HY-LIN-A,Hydraulic Lines System A,Hydraulic,7,27312,18585,258,259,1,Yes,Wyciek na złączach,Moderate,2,Repaired,8.9,5533,7697
EVT-01295,2022-10-07,PH-BYZ,KLM,B737-800,10.3,EHEH,EGLL,Daily Inspection,29,STC,HY-PMP-A,Hydraulic Pump A,Hydraulic,5,28288,17300,1349,1314,2,Yes,Zużycie tłoków,Moderate,2,Repaired,11.9,1771,3306
EVT-01296,2019-06-24,LN-NKW,Norwegian,B737-800,14.9,EHEH,EGSS,Daily Inspection,24,ALI,EL-BAT,Main Battery,Electrical,6,34483,25868,168,247,0,Yes,Spadek pojemności,Critical,4,Replaced,14.1,73345,1040
EVT-01297,2022-12-20,OO-JBB,TUI fly,B737-800,14.0,EHAM,EGLL,Daily Inspection,53,AD/SB,FS-CRG,Cargo Door,Structure,8,45741,22950,710,151,5,Yes,Korozja wokół zamków,Minor,1,Repaired,11.1,6239,15251
EVT-01298,2018-06-27,EI-DNJ,Ryanair,B737-800,4.0,EHRD,EGGW,AOG,29,MPD,HY-LIN-A,Hydraulic Lines System A,Hydraulic,7,11834,8644,189,473,1,Yes,Rdza wewnętrzna,Moderate,2,Replaced,37.8,15956,9452
EVT-01299,2021-05-31,PH-BMX,KLM,B737-800,4.6,EHEH,EGLL,Daily Inspection,24,ALI,EL-WIR-FW,Wiring Harness FWD,Electrical,8,14564,10739,102,236,1,Yes,Przetarcie izolacji,Moderate,2,Replaced,22.6,61082,13134
EVT-01300,2026-03-13,LN-NDS,Norwegian,B737-800,13.3,EHAM,EGGW,AOG,21,ALI,AC-PCK-L,Air Conditioning Pack Left,Air Conditioning,7,35050,27220,397,326,7,No,,,0,Inspected OK,3.1,180,5021
EVT-01301,2022-01-14,PH-BPX,KLM,B737-800,12.4,EHRD,EGKK,A-Check,28,ALI,FU-PMP-1,Fuel Boost Pump #1,Fuel System,6,38449,21401,281,496,2,Yes,Zużycie wirnika,Minor,1,Inspected OK,1.2,293,3417
EVT-01302,2023-12-28,OO-JVN,TUI fly,B737-800,3.2,EHRD,EGLL,C-Check,29,AD/SB,HY-RES-A,Hydraulic Reservoir A,Hydraulic,5,10076,5312,346,39,1,Yes,Wyciek,Major,3,Replaced,29.2,32842,6912
EVT-01303,2022-10-04,PH-BUK,KLM,B737-800,9.6,EHAM,EGKK,Line Maintenance,28,MPD,FU-PMP-1,Fuel Boost Pump #1,Fuel System,6,23063,21470,896,783,1,Yes,Zużycie wirnika,Minor,1,Inspected OK,0.6,236,3438
EVT-01304,2026-04-22,OO-JHF,TUI fly,B737-800,4.6,EHEH,EGLL,AOG,72,CMR,EN-FAN-2,Engine #2 Fan Blades,Powerplant,6,14137,7332,976,221,1,Yes,Erozja,Moderate,2,Replaced,30.0,47586,10662
EVT-01305,2026-04-20,OO-JHF,TUI fly,B737-800,7.8,EHRD,EGLL,Daily Inspection,32,CMR,LG-MLG-R,Main Landing Gear Right,Landing Gear,10,24940,12923,616,380,3,Yes,Pęknięcie strukturalne,Major,3,Replaced,28.5,70465,4392
EVT-01306,2024-06-29,LN-NLP,Norwegian,B737-800,10.2,EHRD,EGSS,C-Check,36,STC,PN-DUC-L,Bleed Air Duct Left,Pneumatic,6,28214,16356,1130,1072,3,Yes,Wyciek,Moderate,2,Replaced,11.4,11943,4842
EVT-01307,2025-07-09,EI-DGY,Ryanair,B737-800,8.5,EHAM,EGKK,Line Maintenance,29,MPD,HY-RES-A,Hydraulic Reservoir A,Hydraulic,5,22877,16529,548,383,2,No,,,0,Inspected OK,0.6,352,9951
EVT-01308,2024-05-04,LN-NDS,Norwegian,B737-800,8.4,EHRD,EGCC,Unscheduled,53,ALI,FS-SKN-FW,Fuselage Skin Forward,Structure,8,21876,15187,706,48,1,Yes,Korozja warstwowa,Moderate,2,Repaired,8.4,7101,28625
EVT-01309,2025-12-03,OO-JHF,TUI fly,B737-800,3.4,EHEH,EGGW,A-Check,32,STC,LG-TIR-N,Nose Tire,Landing Gear,2,10326,4800,454,368,3,Yes,Uszkodzenie boku,Moderate,2,Replaced,34.0,12406,0
EVT-01310,2022-12-03,OO-JVN,TUI fly,B737-800,10.7,EHAM,EGSS,Unscheduled,38,AD/SB,WW-TNK,Potable Water Tank,Water/Waste,9,27644,22424,665,378,5,Yes,Korozja mikrobiologiczna,Moderate,2,Repaired,17.7,7467,3117
EVT-01311,2019-07-18,PH-BDZ,KLM,B737-800,10.5,EHEH,EGCC,C-Check,53,STC,FS-SKN-FW,Fuselage Skin Forward,Structure,8,28501,22463,101,50,1,No,,,0,Inspected OK,4.0,248,41214
EVT-01312,2021-06-09,EI-DDM,Ryanair,B737-800,3.9,EHRD,EGGW,AOG,72,CMR,EN-HPT-1,Engine #1 HP Turbine,Powerplant,5,10793,9946,620,437,0,Yes,Korozja gorąca,Major,3,Replaced,8.1,12324,8863
EVT-01313,2025-04-05,PH-BKH,KLM,B737-800,14.2,EHRD,EGCC,A-Check,57,AD/SB,WG-LEA-L,Wing Leading Edge Left,Structure,7,41050,24888,183,1350,4,Yes,Korozja wżerowa,Minor,1,Cleaned,5.4,1291,5318
EVT-01314,2018-08-11,EI-DWF,Ryanair,B737-800,5.3,EHAM,EGCC,Line Maintenance,28,CMR,FU-TNK-L,Fuel Tank Wing Left,Fuel System,9,14059,12101,82,30,3,No,,,0,Inspected OK,3.5,265,12919
EVT-01315,2024-12-02,PH-BPX,KLM,B737-800,11.6,EHEH,EGSS,Line Maintenance,53,STC,FS-SKN-FW,Fuselage Skin Forward,Structure,8,33956,23309,1981,212,2,No,,,0,Inspected OK,2.2,423,36592
EVT-01316,2026-05-10,LN-NLP,Norwegian,B737-800,4.1,EHEH,EGGW,Unscheduled,32,CMR,LG-MLG-L,Main Landing Gear Left,Landing Gear,10,11162,6909,2378,37,3,Yes,Pęknięcie strukturalne,Moderate,2,Repaired,5.9,3378,9468
EVT-01317,2026-03-16,PH-BZZ,KLM,B737-800,9.6,EHEH,EGCC,Line Maintenance,28,STC,FU-PMP-1,Fuel Boost Pump #1,Fuel System,6,25286,16863,165,402,5,Yes,Zużycie wirnika,Moderate,2,Replaced,10.2,69488,2411
EVT-01318,2022-06-08,OO-JVN,TUI fly,B737-800,13.5,EHAM,EGSS,Daily Inspection,32,ALI,LG-MLG-R,Main Landing Gear Right,Landing Gear,10,35778,23225,1168,30,1,Yes,Pęknięcie strukturalne,Minor,1,Cleaned,4.9,1158,10191
EVT-01319,2025-07-23,PH-BUK,KLM,B737-800,7.7,EHEH,EGLL,C-Check,32,MPD,LG-TIR-M,Main Tire,Landing Gear,2,25924,14651,135,629,0,Yes,Uszkodzenie boku,Moderate,2,Replaced,28.9,15940,0
EVT-01320,2021-01-05,OO-JBV,TUI fly,B737-800,7.8,EHAM,EGCC,Line Maintenance,53,AD/SB,FS-SKN-FW,Fuselage Skin Forward,Structure,8,18718,13797,218,154,2,No,,,0,Inspected OK,3.2,373,41011
EVT-01321,2020-04-17,PH-BZZ,KLM,B737-800,4.6,EHRD,EGCC,AOG,72,MPD,EN-HPC-1,Engine #1 HP Compressor,Powerplant,7,14504,10849,3468,1307,2,No,,,0,Inspected OK,3.9,310,11579
EVT-01322,2025-11-03,PH-BMX,KLM,B737-800,7.3,EHEH,EGCC,A-Check,32,ALI,LG-NLG,Nose Landing Gear,Landing Gear,9,18123,10288,161,92,2,Yes,Zużycie amortyzatora,Moderate,2,Repaired,5.6,3849,10694
EVT-01323,2023-11-15,PH-BDB,KLM,B737-800,13.4,EHRD,EGLL,Unscheduled,72,MPD,EN-FAN-1,Engine #1 Fan Blades,Powerplant,6,35546,21671,110,365,1,Yes,Korozja wżerowa,Minor,1,Inspected OK,3.9,197,9994
EVT-01324,2023-02-02,PH-BDT,KLM,B737-800,12.1,EHEH,EGKK,A-Check,30,CMR,IR-WAI-L,Wing Anti-Ice Valve Left,Ice Protection,8,30734,25733,62,372,8,Yes,Zakleszczenie zaworu,Moderate,2,Replaced,34.4,68291,1654
EVT-01325,2026-01-16,OO-JHF,TUI fly,B737-800,13.6,EHAM,EGCC,A-Check,29,AD/SB,HY-RES-A,Hydraulic Reservoir A,Hydraulic,5,33153,29474,50,1646,2,No,,,0,Inspected OK,3.4,340,8736
EVT-01326,2023-03-30,PH-BYZ,KLM,B737-800,8.9,EHRD,EGLL,AOG,30,CMR,IR-WAI-L,Wing Anti-Ice Valve Left,Ice Protection,8,25833,13739,50,1076,0,Yes,Korozja wewnętrzna,Major,3,Replaced,28.2,42805,2906
EVT-01327,2019-08-21,EI-DGC,Ryanair,B737-800,6.2,EHEH,EGGW,Unscheduled,27,AD/SB,FC-AIL-R,Aileron Right,Flight Controls,7,18828,11856,50,890,0,Yes,Korozja wżerowa,Moderate,2,Replaced,10.0,64185,5800
EVT-01328,2019-12-19,LN-NIR,Norwegian,B737-800,11.3,EHRD,EGKK,A-Check,30,MPD,IR-WAI-L,Wing Anti-Ice Valve Left,Ice Protection,8,29892,20113,50,569,4,Yes,Zakleszczenie zaworu,Moderate,2,Repaired,6.8,5213,2112
EVT-01329,2018-12-12,OO-JBV,TUI fly,B737-800,2.5,EHRD,EGKK,Unscheduled,21,AD/SB,AC-PCK-L,Air Conditioning Pack Left,Air Conditioning,7,8042,5225,775,2088,2,Yes,Korozja wewnętrzna,Critical,4,Replaced,20.2,62703,3412
EVT-01330,2019-02-21,EI-DGY,Ryanair,B737-800,7.5,EHAM,EGGW,A-Check,32,CMR,LG-TIR-M,Main Tire,Landing Gear,2,21657,12634,4388,1365,0,Yes,Zużycie bieżnika,Moderate,2,Repaired,17.6,7419,0
EVT-01331,2022-01-10,OO-JVN,TUI fly,B737-800,11.7,EHRD,EGLL,Line Maintenance,27,CMR,FC-AIL-R,Aileron Right,Flight Controls,7,37428,19634,466,638,1,No,,,0,Inspected OK,3.4,206,6179
EVT-01332,2024-04-08,PH-BYZ,KLM,B737-800,12.0,EHEH,EGSS,Unscheduled,57,ALI,WG-SPR-R,Wing Spar Right,Structure,9,32748,25446,549,471,3,Yes,Korozja warstwowa,Minor,1,Cleaned,5.9,621,27636
EVT-01333,2019-09-25,EI-DNJ,Ryanair,B737-800,4.7,EHEH,EGSS,Daily Inspection,32,STC,LG-MLG-R,Main Landing Gear Right,Landing Gear,10,11490,8344,97,808,4,No,,,0,Inspected OK,2.5,146,13411
EVT-01334,2020-08-20,PH-BKH,KLM,B737-800,14.8,EHRD,EGGW,Daily Inspection,57,ALI,WG-LEA-L,Wing Leading Edge Left,Structure,7,40195,30063,1970,2175,1,No,,,0,Inspected OK,0.8,302,7590
EVT-01335,2021-01-23,EI-DNJ,Ryanair,B737-800,2.1,EHRD,EGLL,Daily Inspection,32,STC,LG-MLG-R,Main Landing Gear Right,Landing Gear,10,5855,3879,60,311,0,No,,,0,Inspected OK,1.6,441,19549
EVT-01336,2025-01-23,LN-NKW,Norwegian,B737-800,14.3,EHEH,EGGW,Line Maintenance,29,MPD,HY-LIN-A,Hydraulic Lines System A,Hydraulic,7,42287,24267,59,754,2,Yes,Rdza wewnętrzna,Critical,4,Replaced,19.1,38840,1571
EVT-01337,2019-12-14,PH-BYZ,KLM,B737-800,13.7,EHAM,EGSS,C-Check,29,AD/SB,HY-RES-A,Hydraulic Reservoir A,Hydraulic,5,40013,26881,50,445,0,Yes,Wyciek,Minor,1,Cleaned,2.8,1405,8522
EVT-01338,2023-02-20,LN-NKW,Norwegian,B737-800,9.8,EHEH,EGGW,C-Check,72,CMR,EN-HPT-1,Engine #1 HP Turbine,Powerplant,5,27196,20088,1132,65,1,Yes,Pęknięcie zmęczeniowe,Moderate,2,Replaced,13.4,42118,7570
EVT-01339,2023-09-02,EI-DLY,Ryanair,B737-800,14.5,EHEH,EGKK,Daily Inspection,32,MPD,LG-TIR-N,Nose Tire,Landing Gear,2,43198,27414,454,924,3,No,,,0,Inspected OK,1.8,421,0
EVT-01340,2022-10-14,PH-BUK,KLM,B737-800,4.7,EHRD,EGLL,A-Check,32,STC,LG-BRK-R,Brake Assembly Right,Landing Gear,8,10793,10489,3234,37,2,Yes,Korozja siłowników,Major,3,Replaced,27.6,22959,804
EVT-01341,2025-08-09,EI-DMY,Ryanair,B737-800,11.6,EHEH,EGSS,C-Check,27,AD/SB,FC-AIL-R,Aileron Right,Flight Controls,7,31127,24434,319,547,1,Yes,Pęknięcie zmęczeniowe,Minor,1,Repaired,11.9,5117,4971
EVT-01342,2024-10-17,EI-DWF,Ryanair,B737-800,13.7,EHRD,EGGW,AOG,32,CMR,LG-MLG-L,Main Landing Gear Left,Landing Gear,10,34116,32596,294,81,3,Yes,Korozja naprężeniowa,Minor,1,Repaired,11.5,4639,7685
EVT-01343,2024-07-27,EI-DKD,Ryanair,B737-800,10.3,EHRD,EGSS,Daily Inspection,32,ALI,LG-NLG,Nose Landing Gear,Landing Gear,9,27833,19861,1022,38,3,Yes,Zużycie amortyzatora,Major,3,Replaced,13.9,75605,4464
EVT-01344,2025-04-25,EI-DNJ,Ryanair,B737-800,11.7,EHAM,EGKK,C-Check,32,MPD,LG-MLG-L,Main Landing Gear Left,Landing Gear,10,37757,25655,334,245,2,Yes,Korozja naprężeniowa,Minor,1,Inspected OK,1.3,266,9652
EVT-01345,2020-03-06,PH-BMX,KLM,B737-800,5.7,EHEH,EGCC,Daily Inspection,32,CMR,LG-MLG-L,Main Landing Gear Left,Landing Gear,10,15878,9999,434,906,2,Yes,Korozja naprężeniowa,Minor,1,Cleaned,4.7,1492,12009
EVT-01346,2023-03-13,EI-DGC,Ryanair,B737-800,9.5,EHAM,EGCC,Line Maintenance,30,STC,IR-PIT,Pitot Tube Heater,Ice Protection,9,27114,18588,530,1081,4,No,,,0,Inspected OK,1.4,90,3334
EVT-01347,2026-02-09,PH-BDB,KLM,B737-800,14.2,EHAM,EGLL,C-Check,32,MPD,LG-BRK-L,Brake Assembly Left,Landing Gear,8,43602,24252,1533,905,3,Yes,Korozja siłowników,Moderate,2,Repaired,14.9,4658,733
EVT-01348,2021-03-28,OO-JVB,TUI fly,B737-800,6.2,EHEH,EGGW,Line Maintenance,28,AD/SB,FU-PMP-1,Fuel Boost Pump #1,Fuel System,6,19051,11283,383,902,3,Yes,Korozja styków elektrycznych,Major,3,Replaced,36.4,39827,2359
EVT-01349,2024-06-29,EI-DDM,Ryanair,B737-800,9.1,EHRD,EGKK,Daily Inspection,72,STC,EN-HPC-1,Engine #1 HP Compressor,Powerplant,7,19804,17746,259,640,0,Yes,Zużycie łopatek,Moderate,2,Replaced,14.1,57051,9587
EVT-01350,2025-08-07,LN-NIR,Norwegian,B737-800,10.6,EHRD,EGSS,Daily Inspection,24,MPD,EL-GEN-1,Generator #1,Electrical,5,30932,16911,255,315,5,No,,,0,Inspected OK,3.3,200,5638
EVT-01351,2023-02-18,EI-DUN,Ryanair,B737-800,2.3,EHAM,EGLL,AOG,53,STC,FS-CRG,Cargo Door,Structure,8,6630,4895,1382,474,1,Yes,Korozja zawiasów,Minor,1,Repaired,11.1,6820,39139
EVT-01352,2021-09-05,EI-DGC,Ryanair,B737-800,7.9,EHAM,EGGW,AOG,32,AD/SB,LG-NLG,Nose Landing Gear,Landing Gear,9,19874,17332,195,2490,3,Yes,Korozja wżerowa,Critical,4,Overhauled,31.0,30615,2519
EVT-01353,2018-09-12,PH-BUK,KLM,B737-800,12.1,EHAM,EGSS,AOG,32,ALI,LG-BRK-L,Brake Assembly Left,Landing Gear,8,34501,19532,836,296,2,Yes,Wyciek płynu hamulcowego,Minor,1,Inspected OK,0.6,133,1427
EVT-01354,2022-09-13,PH-BRO,KLM,B737-800,9.0,EHEH,EGKK,Daily Inspection,27,AD/SB,FC-ELV-L,Elevator Left,Flight Controls,6,26481,15950,1647,446,0,No,,,0,Inspected OK,3.0,99,8561
EVT-01355,2020-11-18,PH-BMX,KLM,B737-800,10.3,EHAM,EGKK,AOG,32,ALI,LG-MLG-L,Main Landing Gear Left,Landing Gear,10,27179,20776,339,859,3,No,,,0,Inspected OK,1.2,186,11834
EVT-01356,2023-12-08,PH-BPX,KLM,B737-800,2.6,EHRD,EGCC,Line Maintenance,72,ALI,EN-FAN-1,Engine #1 Fan Blades,Powerplant,6,8124,4740,182,619,1,No,,,0,Inspected OK,2.4,308,15697
EVT-01357,2025-01-20,LN-NDS,Norwegian,B737-800,6.2,EHRD,EGLL,A-Check,57,STC,WG-LEA-L,Wing Leading Edge Left,Structure,7,17383,13124,627,382,1,No,,,0,Inspected OK,2.4,188,11116
EVT-01358,2021-03-07,OO-JBV,TUI fly,B737-800,4.7,EHEH,EGLL,A-Check,21,CMR,AC-PCK-R,Air Conditioning Pack Right,Air Conditioning,7,12990,7630,2158,1349,1,No,,,0,Inspected OK,2.6,93,7974
EVT-01359,2022-08-11,OO-JBB,TUI fly,B737-800,12.7,EHEH,EGGW,Line Maintenance,32,ALI,LG-NLG,Nose Landing Gear,Landing Gear,9,30677,21752,1976,1148,5,Yes,Korozja wżerowa,Minor,1,Cleaned,3.7,125,6924
EVT-01360,2019-11-02,EI-DGY,Ryanair,B737-800,6.6,EHAM,EGSS,Unscheduled,32,AD/SB,LG-TIR-M,Main Tire,Landing Gear,2,16663,11963,1773,540,2,Yes,Uszkodzenie boku,Minor,1,Repaired,10.4,4092,0
EVT-01361,2023-01-01,EI-DGY,Ryanair,B737-800,10.7,EHEH,EGLL,Unscheduled,28,ALI,FU-TNK-L,Fuel Tank Wing Left,Fuel System,9,26913,20657,3804,167,1,Yes,Korozja mikrobiologiczna,Moderate,2,Replaced,32.7,43749,6130
EVT-01362,2024-09-20,PH-BRO,KLM,B737-800,7.7,EHEH,EGSS,Line Maintenance,72,AD/SB,EN-HPT-1,Engine #1 HP Turbine,Powerplant,5,24957,17514,50,507,1,No,,,0,Inspected OK,1.9,466,12382
EVT-01363,2026-05-13,LN-NAQ,Norwegian,B737-800,13.4,EHAM,EGGW,Daily Inspection,27,MPD,FC-FLP-L,Flap Track Left,Flight Controls,9,35149,18432,3193,133,0,No,,,0,Inspected OK,3.4,382,13880
EVT-01364,2024-02-03,LN-NDS,Norwegian,B737-800,9.6,EHEH,EGGW,Daily Inspection,25,AD/SB,EQ-SLI-1,Escape Slide #1,Equipment,4,18335,20992,1809,1877,4,No,,,0,Inspected OK,2.4,89,12973
EVT-01365,2019-02-13,OO-JBV,TUI fly,B737-800,15.0,EHRD,EGGW,Line Maintenance,24,MPD,EL-WIR-FW,Wiring Harness FWD,Electrical,8,41633,31432,361,595,2,Yes,Przetarcie izolacji,Minor,1,Inspected OK,1.9,378,9604
EVT-01366,2023-02-02,PH-BUK,KLM,B737-800,12.0,EHEH,EGCC,Daily Inspection,25,ALI,EQ-SLI-1,Escape Slide #1,Equipment,4,31471,23104,274,1056,3,No,,,0,Inspected OK,2.3,157,13695
EVT-01367,2021-11-27,EI-DGY,Ryanair,B737-800,12.9,EHAM,EGLL,A-Check,53,CMR,FS-SKN-AF,Fuselage Skin Aft,Structure,8,30991,31298,473,270,0,No,,,0,Inspected OK,0.5,188,40238
EVT-01368,2020-07-23,PH-BDB,KLM,B737-800,4.9,EHRD,EGSS,AOG,28,ALI,FU-PMP-1,Fuel Boost Pump #1,Fuel System,6,14130,8414,113,425,4,Yes,Korozja styków elektrycznych,Minor,1,Inspected OK,3.3,242,3468
EVT-01369,2020-02-25,LN-NAQ,Norwegian,B737-800,13.3,EHEH,EGLL,A-Check,57,AD/SB,WG-SPR-L,Wing Spar Left,Structure,9,34958,31130,432,856,1,Yes,Korozja warstwowa,Moderate,2,Repaired,6.9,4971,23679
EVT-01370,2024-02-28,LN-NAQ,Norwegian,B737-800,11.2,EHRD,EGGW,Line Maintenance,53,ALI,FS-CRG,Cargo Door,Structure,8,27218,22970,362,2692,4,Yes,Korozja wokół zamków,Moderate,2,Repaired,6.3,4171,13664
EVT-01371,2020-08-23,PH-BDT,KLM,B737-800,12.6,EHAM,EGSS,C-Check,24,MPD,EL-WIR-FW,Wiring Harness FWD,Electrical,8,35327,27522,920,531,3,Yes,Przetarcie izolacji,Moderate,2,Repaired,3.7,5665,6909
EVT-01372,2026-01-19,EI-DKD,Ryanair,B737-800,5.8,EHRD,EGCC,Daily Inspection,25,AD/SB,EQ-SLI-1,Escape Slide #1,Equipment,4,17817,9577,435,129,2,Yes,Degradacja gumy,Moderate,2,Replaced,32.8,50527,12319
EVT-01373,2024-03-17,EI-DMY,Ryanair,B737-800,2.6,EHAM,EGSS,AOG,29,STC,HY-RES-A,Hydraulic Reservoir A,Hydraulic,5,6889,5285,692,377,3,Yes,Kondensat w układzie,Moderate,2,Repaired,4.6,6493,7381
EVT-01374,2025-07-23,LN-NLP,Norwegian,B737-800,12.6,EHAM,EGCC,Daily Inspection,57,ALI,WG-SPR-R,Wing Spar Right,Structure,9,42662,20079,50,330,1,No,,,0,Inspected OK,0.8,142,42989
EVT-01375,2025-11-25,EI-DNJ,Ryanair,B737-800,12.9,EHAM,EGGW,Daily Inspection,21,ALI,AC-PCK-L,Air Conditioning Pack Left,Air Conditioning,7,39498,26473,481,423,0,Yes,Korozja wewnętrzna,Minor,1,Inspected OK,2.4,382,6400
EVT-01376,2025-09-29,OO-JVN,TUI fly,B737-800,11.8,EHRD,EGKK,C-Check,24,STC,EL-GEN-1,Generator #1,Electrical,5,32375,17787,100,910,3,Yes,Korozja styków,Minor,1,Repaired,18.4,7431,5462
EVT-01377,2018-07-27,PH-BUK,KLM,B737-800,9.6,EHEH,EGSS,Daily Inspection,27,ALI,FC-AIL-R,Aileron Right,Flight Controls,7,29776,25602,247,1647,1,No,,,0,Inspected OK,2.3,302,6727
EVT-01378,2020-03-08,PH-BDT,KLM,B737-800,10.0,EHEH,EGGW,Daily Inspection,21,AD/SB,AC-PCK-L,Air Conditioning Pack Left,Air Conditioning,7,27439,17615,2298,890,3,Yes,Wyciek wymiennika,Minor,1,Inspected OK,1.2,105,4677
EVT-01379,2022-08-16,EI-DGY,Ryanair,B737-800,7.2,EHAM,EGCC,AOG,53,ALI,FS-SKN-AF,Fuselage Skin Aft,Structure,8,18222,12989,5087,30,2,No,,,0,Inspected OK,3.2,199,41747
EVT-01380,2021-07-19,EI-DDM,Ryanair,B737-800,7.8,EHAM,EGGW,C-Check,27,AD/SB,FC-FLP-R,Flap Track Right,Flight Controls,9,22382,17947,1758,1083,2,Yes,Korozja galwaniczna,Minor,1,Repaired,16.1,7118,10793
EVT-01381,2024-02-10,LN-NLP,Norwegian,B737-800,10.4,EHEH,EGGW,Line Maintenance,28,CMR,FU-PMP-1,Fuel Boost Pump #1,Fuel System,6,28356,17571,1197,339,2,Yes,Zużycie wirnika,Minor,1,Cleaned,2.0,327,3174
EVT-01382,2025-01-14,OO-JBV,TUI fly,B737-800,4.5,EHEH,EGCC,Unscheduled,21,STC,AC-PCK-R,Air Conditioning Pack Right,Air Conditioning,7,12646,8631,629,137,2,Yes,Kondensat,Moderate,2,Replaced,19.0,79285,5703
EVT-01383,2023-04-14,EI-DKD,Ryanair,B737-800,6.7,EHAM,EGCC,AOG,28,STC,FU-PMP-2,Fuel Boost Pump #2,Fuel System,6,21436,11654,482,946,5,No,,,0,Inspected OK,2.8,130,4107
EVT-01384,2019-02-06,PH-BMX,KLM,B737-800,6.2,EHEH,EGKK,AOG,27,ALI,FC-FLP-L,Flap Track Left,Flight Controls,9,16317,11986,231,415,2,No,,,0,Inspected OK,1.1,148,14354
EVT-01385,2025-04-30,EI-DKD,Ryanair,B737-800,14.8,EHAM,EGCC,Unscheduled,32,ALI,LG-NLG,Nose Landing Gear,Landing Gear,9,43363,22186,560,136,0,Yes,Wyciek hydrauliczny,Minor,1,Inspected OK,3.5,280,12791
EVT-01386,2020-10-01,EI-DVJ,Ryanair,B737-800,9.5,EHRD,EGLL,C-Check,28,MPD,FU-TNK-R,Fuel Tank Wing Right,Fuel System,9,26331,15890,932,190,1,Yes,Wyciek paliwa,Minor,1,Inspected OK,3.2,94,10511
EVT-01387,2025-07-31,EI-DDM,Ryanair,B737-800,10.5,EHRD,EGKK,A-Check,21,STC,AC-PCK-R,Air Conditioning Pack Right,Air Conditioning,7,28269,21784,849,401,3,No,,,0,Inspected OK,3.3,222,6548
EVT-01388,2020-11-12,EI-DUN,Ryanair,B737-800,9.4,EHEH,EGLL,Unscheduled,27,ALI,FC-FLP-L,Flap Track Left,Flight Controls,9,28393,20432,428,458,0,No,,,0,Inspected OK,1.1,338,15069
EVT-01389,2021-01-21,EI-DUN,Ryanair,B737-800,11.9,EHRD,EGSS,Unscheduled,24,STC,EL-GEN-1,Generator #1,Electrical,5,35544,27480,123,353,3,Yes,Korozja styków,Minor,1,Repaired,5.4,5629,5462
EVT-01390,2023-10-02,LN-NDS,Norwegian,B737-800,12.4,EHEH,EGSS,Daily Inspection,53,MPD,FS-SKN-AF,Fuselage Skin Aft,Structure,8,33998,22455,50,98,0,Yes,Korozja warstwowa,Minor,1,Inspected OK,1.3,95,33628
EVT-01391,2021-04-30,PH-BKH,KLM,B737-800,11.8,EHEH,EGKK,Unscheduled,38,AD/SB,WW-TNK,Potable Water Tank,Water/Waste,9,29483,23391,2322,1622,2,Yes,Korozja mikrobiologiczna,Moderate,2,Replaced,9.4,30687,4486
EVT-01392,2025-05-23,OO-JBB,TUI fly,B737-800,11.9,EHEH,EGLL,Daily Inspection,28,MPD,FU-PMP-1,Fuel Boost Pump #1,Fuel System,6,36037,22072,886,380,1,Yes,Zużycie wirnika,Minor,1,Repaired,7.2,1521,3283
EVT-01393,2019-08-25,PH-BDT,KLM,B737-800,11.1,EHAM,EGCC,C-Check,32,MPD,LG-MLG-L,Main Landing Gear Left,Landing Gear,10,29976,21864,723,251,2,Yes,Korozja wżerowa,Minor,1,Repaired,11.4,2985,10234
EVT-01394,2021-08-31,EI-DUN,Ryanair,B737-800,11.2,EHRD,EGLL,C-Check,29,STC,HY-LIN-A,Hydraulic Lines System A,Hydraulic,7,25750,26632,50,376,0,No,,,0,Inspected OK,1.2,302,12169
EVT-01395,2020-04-25,EI-DDM,Ryanair,B737-800,6.6,EHEH,EGCC,A-Check,57,ALI,WG-SPR-R,Wing Spar Right,Structure,9,18212,11355,699,95,3,Yes,Korozja warstwowa,Minor,1,Cleaned,4.4,1352,36057
EVT-01396,2019-12-04,LN-NKW,Norwegian,B737-800,10.9,EHAM,EGCC,Line Maintenance,27,STC,FC-ELV-L,Elevator Left,Flight Controls,6,28893,21074,673,30,2,Yes,Korozja wżerowa,Critical,4,Replaced,16.7,53026,1987
EVT-01397,2025-04-01,EI-DKD,Ryanair,B737-800,6.9,EHRD,EGKK,AOG,27,AD/SB,FC-AIL-R,Aileron Right,Flight Controls,7,21689,12935,335,186,2,Yes,Korozja wżerowa,Minor,1,Inspected OK,0.6,173,5698
EVT-01398,2021-05-11,PH-BYZ,KLM,B737-800,10.9,EHEH,EGKK,AOG,53,AD/SB,FS-DOR-PX,Pax Door Frame,Structure,7,31374,22867,992,2397,5,Yes,Pęknięcie ramy,Moderate,2,Replaced,38.0,13523,11636
EVT-01399,2021-12-09,LN-NDS,Norwegian,B737-800,2.5,EHRD,EGLL,Daily Inspection,72,AD/SB,EN-FAN-2,Engine #2 Fan Blades,Powerplant,6,7590,5037,2469,142,2,Yes,Erozja,Major,3,Replaced,18.7,38113,8580
EVT-01400,2019-07-25,EI-DLY,Ryanair,B737-800,13.7,EHRD,EGSS,Line Maintenance,30,CMR,IR-PIT,Pitot Tube Heater,Ice Protection,9,40886,17335,543,212,1,Yes,Korozja styków,Critical,4,Overhauled,35.7,32441,752
EVT-01401,2026-03-25,OO-JBV,TUI fly,B737-800,2.9,EHAM,EGGW,A-Check,32,STC,LG-MLG-R,Main Landing Gear Right,Landing Gear,10,7638,5857,91,830,3,Yes,Korozja naprężeniowa,Minor,1,Repaired,4.3,1647,12454
EVT-01402,2019-01-26,LN-NAQ,Norwegian,B737-800,13.0,EHEH,EGCC,AOG,27,ALI,FC-ELV-L,Elevator Left,Flight Controls,6,29216,26395,577,30,3,Yes,Korozja wżerowa,Major,3,Replaced,25.7,78436,2337
EVT-01403,2019-12-04,EI-DWF,Ryanair,B737-800,8.8,EHEH,EGKK,Daily Inspection,30,STC,IR-WAI-L,Wing Anti-Ice Valve Left,Ice Protection,8,24135,15890,222,171,3,No,,,0,Inspected OK,2.3,245,5250
EVT-01404,2018-07-08,PH-BDB,KLM,B737-800,4.6,EHRD,EGGW,Line Maintenance,32,CMR,LG-NLG,Nose Landing Gear,Landing Gear,9,13803,8678,410,952,1,No,,,0,Inspected OK,0.8,458,19086
EVT-01405,2022-07-24,EI-DNJ,Ryanair,B737-800,8.4,EHRD,EGCC,Unscheduled,27,MPD,FC-FLP-R,Flap Track Right,Flight Controls,9,26399,16198,50,448,2,Yes,Zużycie rolek,Moderate,2,Replaced,35.7,75416,8057
EVT-01406,2021-02-11,PH-BMX,KLM,B737-800,14.3,EHEH,EGLL,A-Check,24,STC,EL-WIR-FW,Wiring Harness FWD,Electrical,8,33814,25718,1417,1339,1,Yes,Korozja styków elektrycznych,Moderate,2,Repaired,18.6,4138,7861
EVT-01407,2025-05-05,EI-DUN,Ryanair,B737-800,14.5,EHEH,EGKK,AOG,57,STC,WG-SPR-L,Wing Spar Left,Structure,9,40161,24119,377,517,1,Yes,Korozja w mokowaniu,Major,3,Overhauled,57.9,48093,13238
EVT-01408,2022-02-21,PH-BUK,KLM,B737-800,7.9,EHEH,EGKK,Line Maintenance,27,AD/SB,FC-RUD,Rudder,Flight Controls,6,22547,14283,1320,181,2,Yes,Korozja warstwowa,Moderate,2,Repaired,11.8,2216,5504
EVT-01409,2018-07-04,EI-DUN,Ryanair,B737-800,2.2,EHAM,EGLL,Daily Inspection,30,MPD,IR-WAI-L,Wing Anti-Ice Valve Left,Ice Protection,8,6622,4883,2057,916,2,No,,,0,Inspected OK,2.5,259,5303
EVT-01410,2021-08-17,PH-BKH,KLM,B737-800,13.9,EHRD,EGGW,A-Check,28,AD/SB,FU-PMP-1,Fuel Boost Pump #1,Fuel System,6,40968,21532,161,575,1,Yes,Zużycie wirnika,Critical,4,Overhauled,20.0,33549,1352
EVT-01411,2021-11-04,LN-NAQ,Norwegian,B737-800,10.1,EHAM,EGCC,Line Maintenance,32,MPD,LG-BRK-L,Brake Assembly Left,Landing Gear,8,32235,17388,376,399,2,Yes,Korozja siłowników,Moderate,2,Replaced,31.7,57210,1551
EVT-01412,2018-12-01,EI-DLY,Ryanair,B737-800,5.6,EHRD,EGCC,AOG,57,MPD,WG-LEA-L,Wing Leading Edge Left,Structure,7,11741,11095,4926,257,3,No,,,0,Inspected OK,3.2,455,7656
EVT-01413,2019-11-05,OO-JBB,TUI fly,B737-800,2.5,EHAM,EGKK,A-Check,25,MPD,EQ-SLI-1,Escape Slide #1,Equipment,4,7424,3955,398,2736,1,No,,,0,Inspected OK,0.8,321,19949
EVT-01414,2025-10-21,EI-DMY,Ryanair,B737-800,8.4,EHRD,EGGW,Daily Inspection,32,ALI,LG-MLG-R,Main Landing Gear Right,Landing Gear,10,20532,14172,50,112,1,Yes,Korozja wżerowa,Minor,1,Inspected OK,1.3,390,12629
EVT-01415,2023-05-06,OO-JBV,TUI fly,B737-800,9.4,EHAM,EGSS,Line Maintenance,29,AD/SB,HY-PMP-A,Hydraulic Pump A,Hydraulic,5,30232,18852,1096,31,2,Yes,Zużycie tłoków,Minor,1,Cleaned,5.9,783,4361
EVT-01416,2024-07-06,PH-BRO,KLM,B737-800,8.1,EHAM,EGLL,Unscheduled,32,MPD,LG-NLG,Nose Landing Gear,Landing Gear,9,23785,18784,595,1080,0,Yes,Korozja wżerowa,Minor,1,Repaired,7.6,4181,15678
EVT-01417,2021-03-05,LN-NDS,Norwegian,B737-800,6.8,EHRD,EGSS,A-Check,28,ALI,FU-PMP-1,Fuel Boost Pump #1,Fuel System,6,19477,12170,400,191,0,No,,,0,Inspected OK,1.9,303,5528
EVT-01418,2019-01-16,OO-JBB,TUI fly,B737-800,6.1,EHAM,EGCC,Daily Inspection,32,AD/SB,LG-TIR-M,Main Tire,Landing Gear,2,18032,12486,50,402,4,No,,,0,Inspected OK,3.7,229,0
EVT-01419,2023-12-15,EI-DWF,Ryanair,B737-800,13.7,EHEH,EGLL,C-Check,53,AD/SB,FS-DOR-PX,Pax Door Frame,Structure,7,41311,24880,50,87,0,Yes,Pęknięcie ramy,Minor,1,Repaired,3.1,3691,27609
EVT-01420,2023-09-02,EI-DNJ,Ryanair,B737-800,10.6,EHEH,EGSS,Daily Inspection,25,ALI,EQ-SLI-1,Escape Slide #1,Equipment,4,33217,21368,909,401,0,Yes,Korozja butli CO2,Minor,1,Cleaned,4.3,1278,14301
EVT-01421,2022-12-24,EI-DDM,Ryanair,B737-800,14.5,EHEH,EGLL,AOG,32,AD/SB,LG-BRK-R,Brake Assembly Right,Landing Gear,8,44079,29486,179,1318,1,Yes,Wyciek płynu hamulcowego,Minor,1,Inspected OK,1.4,259,715
EVT-01422,2024-06-03,PH-BDB,KLM,B737-800,3.9,EHEH,EGLL,Line Maintenance,53,ALI,FS-SKN-FW,Fuselage Skin Forward,Structure,8,11729,6877,1322,1517,2,Yes,Korozja pod powłoką,Minor,1,Cleaned,3.6,1058,37623
EVT-01423,2025-04-16,PH-BDZ,KLM,B737-800,10.2,EHEH,EGGW,Daily Inspection,32,ALI,LG-MLG-R,Main Landing Gear Right,Landing Gear,10,25368,20321,1490,130,3,Yes,Korozja naprężeniowa,Minor,1,Repaired,15.7,4809,9008
EVT-01424,2023-12-02,EI-DMY,Ryanair,B737-800,5.1,EHRD,EGGW,C-Check,57,CMR,WG-SPR-L,Wing Spar Left,Structure,9,12583,9240,942,838,1,Yes,Pęknięcie zmęczeniowe,Minor,1,Inspected OK,2.2,210,44955
EVT-01425,2023-09-09,EI-DVJ,Ryanair,B737-800,3.9,EHAM,EGGW,Daily Inspection,21,AD/SB,AC-PCK-L,Air Conditioning Pack Left,Air Conditioning,7,12298,6313,194,741,3,No,,,0,Inspected OK,2.7,490,8269
EVT-01426,2024-04-09,EI-DGC,Ryanair,B737-800,7.6,EHEH,EGKK,Line Maintenance,53,AD/SB,FS-CRG,Cargo Door,Structure,8,22887,17400,471,37,1,Yes,Korozja zawiasów,Minor,1,Inspected OK,3.0,60,33405
EVT-01427,2021-05-09,LN-NAQ,Norwegian,B737-800,14.2,EHRD,EGGW,Line Maintenance,25,STC,EQ-SLI-1,Escape Slide #1,Equipment,4,39436,27265,577,545,2,Yes,Korozja butli CO2,Minor,1,Repaired,9.1,4876,11196
EVT-01428,2025-10-13,EI-DKD,Ryanair,B737-800,7.2,EHAM,EGKK,C-Check,53,AD/SB,FS-SKN-AF,Fuselage Skin Aft,Structure,8,16214,11156,518,1207,0,No,,,0,Inspected OK,2.9,296,46842
EVT-01429,2023-11-18,LN-NLP,Norwegian,B737-800,11.5,EHRD,EGGW,AOG,30,CMR,IR-WAI-L,Wing Anti-Ice Valve Left,Ice Protection,8,33611,20625,368,208,6,No,,,0,Inspected OK,0.7,278,3657
EVT-01430,2026-03-22,EI-DNJ,Ryanair,B737-800,4.8,EHRD,EGSS,Line Maintenance,53,MPD,FS-CRG,Cargo Door,Structure,8,15352,9361,632,1841,1,Yes,Korozja zawiasów,Moderate,2,Replaced,14.8,51054,28413
EVT-01431,2024-11-27,LN-NAQ,Norwegian,B737-800,9.2,EHRD,EGLL,Unscheduled,32,AD/SB,LG-TIR-M,Main Tire,Landing Gear,2,28414,19695,1350,1152,0,Yes,Uszkodzenie boku,Major,3,Replaced,24.0,19300,0
EVT-01432,2021-10-24,PH-BDB,KLM,B737-800,4.2,EHEH,EGSS,C-Check,57,CMR,WG-SPR-L,Wing Spar Left,Structure,9,10389,5710,395,995,1,No,,,0,Inspected OK,0.7,435,55120
EVT-01433,2023-09-02,PH-BDZ,KLM,B737-800,7.3,EHRD,EGSS,AOG,30,ALI,IR-WAI-L,Wing Anti-Ice Valve Left,Ice Protection,8,20553,14102,362,1674,4,Yes,Zakleszczenie zaworu,Moderate,2,Replaced,32.9,72048,2564
EVT-01434,2025-12-07,PH-BUK,KLM,B737-800,3.3,EHRD,EGLL,Daily Inspection,25,STC,EQ-SLI-1,Escape Slide #1,Equipment,4,8360,6045,72,35,2,Yes,Degradacja gumy,Minor,1,Cleaned,1.0,1485,16429
EVT-01435,2018-09-05,EI-DWF,Ryanair,B737-800,14.5,EHEH,EGGW,Line Maintenance,32,STC,LG-TIR-M,Main Tire,Landing Gear,2,44971,26126,612,83,4,Yes,Zużycie bieżnika,Minor,1,Repaired,4.6,2697,263
EVT-01436,2020-04-08,PH-BZZ,KLM,B737-800,3.3,EHAM,EGKK,Line Maintenance,32,MPD,LG-TIR-N,Nose Tire,Landing Gear,2,9491,6034,848,459,2,No,,,0,Inspected OK,0.7,384,0
EVT-01437,2024-04-05,OO-JVN,TUI fly,B737-800,4.1,EHEH,EGKK,A-Check,21,AD/SB,AC-PCK-L,Air Conditioning Pack Left,Air Conditioning,7,12483,8995,825,167,0,Yes,Korozja wewnętrzna,Moderate,2,Replaced,17.8,12644,6864
EVT-01438,2023-03-03,PH-BYZ,KLM,B737-800,2.5,EHRD,EGGW,Line Maintenance,72,AD/SB,EN-FAN-2,Engine #2 Fan Blades,Powerplant,6,8040,4636,1306,1505,4,No,,,0,Inspected OK,3.3,146,12411
EVT-01439,2023-06-04,EI-DNJ,Ryanair,B737-800,14.8,EHRD,EGLL,Line Maintenance,27,ALI,FC-AIL-R,Aileron Right,Flight Controls,7,37509,25261,578,233,1,Yes,Pęknięcie zmęczeniowe,Moderate,2,Repaired,17.9,2210,3503
EVT-01440,2024-09-15,OO-JVB,TUI fly,B737-800,13.5,EHAM,EGLL,Unscheduled,53,AD/SB,FS-DOR-PX,Pax Door Frame,Structure,7,41959,26572,497,647,4,Yes,Korozja szczelinowa uszczelek,Moderate,2,Replaced,25.6,13305,11860
EVT-01441,2019-09-05,LN-NKW,Norwegian,B737-800,11.2,EHAM,EGCC,AOG,25,CMR,EQ-SLI-1,Escape Slide #1,Equipment,4,28244,19403,404,70,0,No,,,0,Inspected OK,3.0,347,17278
EVT-01442,2024-12-20,EI-DKD,Ryanair,B737-800,9.7,EHRD,EGCC,C-Check,27,ALI,FC-AIL-R,Aileron Right,Flight Controls,7,31821,17594,110,1110,2,No,,,0,Inspected OK,3.9,317,6392
EVT-01443,2024-12-11,PH-BKH,KLM,B737-800,8.4,EHAM,EGKK,Unscheduled,29,STC,HY-RES-A,Hydraulic Reservoir A,Hydraulic,5,21911,17674,188,919,4,No,,,0,Inspected OK,3.6,188,8528
EVT-01444,2019-02-26,PH-BRO,KLM,B737-800,6.4,EHEH,EGLL,C-Check,28,ALI,FU-PMP-2,Fuel Boost Pump #2,Fuel System,6,15404,15082,7596,342,4,Yes,Korozja styków elektrycznych,Moderate,2,Replaced,18.4,50654,226
EVT-01445,2023-12-26,LN-NLP,Norwegian,B737-800,2.2,EHEH,EGCC,Unscheduled,27,CMR,FC-AIL-L,Aileron Left,Flight Controls,7,6046,3663,499,2279,2,Yes,Pęknięcie zmęczeniowe,Minor,1,Cleaned,5.2,1153,6417
EVT-01446,2022-02-26,EI-DGC,Ryanair,B737-800,8.7,EHRD,EGGW,Unscheduled,53,STC,FS-SKN-AF,Fuselage Skin Aft,Structure,8,24733,11405,1821,204,4,No,,,0,Inspected OK,1.0,61,33722
EVT-01447,2025-07-05,OO-JHF,TUI fly,B737-800,5.4,EHEH,EGLL,Unscheduled,32,STC,LG-NLG,Nose Landing Gear,Landing Gear,9,16345,9280,219,783,1,Yes,Zużycie amortyzatora,Minor,1,Repaired,4.9,4327,15616
EVT-01448,2022-03-05,PH-BPX,KLM,B737-800,12.5,EHAM,EGKK,A-Check,24,AD/SB,EL-BAT,Main Battery,Electrical,6,31552,28431,1361,471,0,No,,,0,Inspected OK,2.7,74,2651
EVT-01449,2019-03-16,LN-NKW,Norwegian,B737-800,9.4,EHAM,EGCC,AOG,53,MPD,FS-CRG,Cargo Door,Structure,8,30663,20135,176,1026,3,Yes,Korozja zawiasów,Major,3,Replaced,34.2,5710,12042
EVT-01450,2021-01-11,PH-BDT,KLM,B737-800,14.6,EHEH,EGCC,Unscheduled,32,MPD,LG-BRK-L,Brake Assembly Left,Landing Gear,8,43436,30442,2127,75,2,No,,,0,Inspected OK,2.9,288,2049
EVT-01451,2021-08-19,PH-BYZ,KLM,B737-800,11.2,EHAM,EGLL,Line Maintenance,38,AD/SB,WW-TNK,Potable Water Tank,Water/Waste,9,30579,20017,587,1147,3,Yes,Korozja mikrobiologiczna,Minor,1,Inspected OK,0.6,144,6230
EVT-01452,2025-09-27,EI-DWF,Ryanair,B737-800,3.0,EHEH,EGGW,AOG,28,AD/SB,FU-TNK-L,Fuel Tank Wing Left,Fuel System,9,7533,4261,50,533,1,Yes,Wyciek paliwa,Minor,1,Cleaned,5.7,239,13154
EVT-01453,2025-10-30,PH-BRO,KLM,B737-800,10.8,EHAM,EGGW,C-Check,72,ALI,EN-HPT-1,Engine #1 HP Turbine,Powerplant,5,27997,24003,1072,308,0,No,,,0,Inspected OK,1.9,147,11698
EVT-01454,2025-04-20,EI-DWF,Ryanair,B737-800,14.7,EHEH,EGLL,Unscheduled,27,MPD,FC-AIL-L,Aileron Left,Flight Controls,7,40430,30712,2047,283,2,Yes,Zużycie łożysk,Moderate,2,Repaired,15.8,3245,2775
EVT-01455,2025-02-26,EI-DDM,Ryanair,B737-800,6.2,EHAM,EGGW,Unscheduled,32,ALI,LG-TIR-M,Main Tire,Landing Gear,2,13799,9566,997,1499,4,No,,,0,Inspected OK,1.6,222,0
EVT-01456,2022-03-02,PH-BMX,KLM,B737-800,8.6,EHEH,EGKK,AOG,29,MPD,HY-PMP-A,Hydraulic Pump A,Hydraulic,5,23640,13714,99,30,0,Yes,Spadek ciśnienia,Minor,1,Repaired,8.0,4772,6179
EVT-01457,2023-08-02,PH-BPX,KLM,B737-800,4.1,EHAM,EGSS,Line Maintenance,28,MPD,FU-PMP-2,Fuel Boost Pump #2,Fuel System,6,12052,6636,765,480,1,Yes,Korozja styków elektrycznych,Minor,1,Inspected OK,3.6,490,4389
EVT-01458,2025-05-28,OO-JBV,TUI fly,B737-800,10.8,EHEH,EGCC,Unscheduled,72,STC,EN-FAN-2,Engine #2 Fan Blades,Powerplant,6,29380,22303,823,30,1,Yes,FOD damage,Moderate,2,Repaired,14.6,2620,9028
EVT-01459,2024-11-03,OO-JVN,TUI fly,B737-800,12.5,EHEH,EGKK,C-Check,72,ALI,EN-FAN-2,Engine #2 Fan Blades,Powerplant,6,41067,20007,458,173,1,Yes,FOD damage,Moderate,2,Replaced,34.0,16788,7985
EVT-01460,2023-02-19,PH-BKH,KLM,B737-800,6.6,EHRD,EGGW,Line Maintenance,32,AD/SB,LG-BRK-R,Brake Assembly Right,Landing Gear,8,18096,11611,1698,84,0,Yes,Korozja siłowników,Minor,1,Repaired,11.4,2790,2162
EVT-01461,2023-09-24,EI-DNJ,Ryanair,B737-800,7.0,EHAM,EGCC,Line Maintenance,32,AD/SB,LG-BRK-L,Brake Assembly Left,Landing Gear,8,16372,17122,456,71,1,No,,,0,Inspected OK,0.9,74,2592
EVT-01462,2025-10-21,PH-BKH,KLM,B737-800,7.6,EHAM,EGKK,AOG,57,AD/SB,WG-SPR-R,Wing Spar Right,Structure,9,22241,17339,373,683,2,No,,,0,Inspected OK,1.2,80,46717
EVT-01463,2025-06-15,LN-NLP,Norwegian,B737-800,7.1,EHRD,EGKK,Daily Inspection,28,ALI,FU-TNK-L,Fuel Tank Wing Left,Fuel System,9,20537,14179,683,52,1,Yes,Korozja wżerowa,Minor,1,Repaired,4.2,6061,11146
EVT-01464,2023-06-13,OO-JBV,TUI fly,B737-800,8.3,EHRD,EGGW,C-Check,29,CMR,HY-RES-A,Hydraulic Reservoir A,Hydraulic,5,24251,14869,109,973,5,No,,,0,Inspected OK,3.8,195,7764
EVT-01465,2020-09-12,PH-BZZ,KLM,B737-800,2.9,EHAM,EGSS,Line Maintenance,27,AD/SB,FC-ELV-L,Elevator Left,Flight Controls,6,7734,5414,711,767,1,Yes,Pęknięcie zmęczeniowe,Moderate,2,Repaired,14.3,1937,6809
EVT-01466,2026-04-09,EI-DKD,Ryanair,B737-800,14.4,EHEH,EGLL,AOG,57,AD/SB,WG-LEA-L,Wing Leading Edge Left,Structure,7,39364,26679,275,1141,1,Yes,Korozja wżerowa,Moderate,2,Replaced,23.8,11340,5551
EVT-01467,2019-09-28,OO-JVN,TUI fly,B737-800,11.4,EHAM,EGCC,AOG,24,CMR,EL-WIR-FW,Wiring Harness FWD,Electrical,8,32062,22312,237,497,0,No,,,0,Inspected OK,1.6,65,16894
EVT-01468,2026-05-03,LN-NKW,Norwegian,B737-800,6.8,EHEH,EGGW,Daily Inspection,27,ALI,FC-FLP-L,Flap Track Left,Flight Controls,9,20749,13745,491,1429,1,Yes,Zużycie rolek,Moderate,2,Replaced,10.3,21752,9784
EVT-01469,2024-12-05,PH-BYZ,KLM,B737-800,6.3,EHEH,EGKK,Unscheduled,53,ALI,FS-SKN-AF,Fuselage Skin Aft,Structure,8,17646,11143,301,119,2,Yes,Korozja pod powłoką,Critical,4,Overhauled,94.7,9568,13127
EVT-01470,2025-09-30,EI-DMY,Ryanair,B737-800,12.7,EHAM,EGGW,C-Check,38,ALI,WW-TNK,Potable Water Tank,Water/Waste,9,27252,27855,709,194,3,Yes,Korozja wżerowa,Major,3,Replaced,10.3,29378,1897
EVT-01471,2021-01-15,LN-NKW,Norwegian,B737-800,8.4,EHRD,EGKK,Daily Inspection,53,AD/SB,FS-SKN-FW,Fuselage Skin Forward,Structure,8,21579,14121,200,130,0,Yes,Pęknięcie wokół nita,Minor,1,Repaired,18.9,6241,38768
EVT-01472,2023-06-13,PH-BUK,KLM,B737-800,5.2,EHRD,EGSS,C-Check,53,STC,FS-CRG,Cargo Door,Structure,8,13377,9582,1447,314,2,Yes,Korozja wokół zamków,Minor,1,Inspected OK,3.2,450,33101
EVT-01473,2023-12-26,EI-DDM,Ryanair,B737-800,9.9,EHEH,EGLL,Daily Inspection,53,MPD,FS-SKN-FW,Fuselage Skin Forward,Structure,8,26942,18708,1691,100,2,Yes,Pęknięcie wokół nita,Minor,1,Inspected OK,3.6,61,31045
EVT-01474,2021-02-03,OO-JBV,TUI fly,B737-800,8.6,EHRD,EGCC,C-Check,32,AD/SB,LG-TIR-M,Main Tire,Landing Gear,2,23478,15442,370,113,2,Yes,Uszkodzenie boku,Minor,1,Cleaned,2.4,925,137
EVT-01475,2024-07-16,EI-DKD,Ryanair,B737-800,10.5,EHAM,EGCC,Line Maintenance,29,AD/SB,HY-PMP-A,Hydraulic Pump A,Hydraulic,5,28048,18274,632,162,4,No,,,0,Inspected OK,1.0,414,4575
EVT-01476,2024-02-14,EI-DKD,Ryanair,B737-800,9.2,EHRD,EGCC,C-Check,72,ALI,EN-FAN-2,Engine #2 Fan Blades,Powerplant,6,22608,17257,617,36,3,Yes,FOD damage,Minor,1,Repaired,14.3,3402,10348
EVT-01477,2026-02-27,PH-BPX,KLM,B737-800,9.6,EHEH,EGGW,Daily Inspection,72,AD/SB,EN-HPC-1,Engine #1 HP Compressor,Powerplant,7,24510,25366,383,761,1,Yes,Korozja gorąca,Minor,1,Repaired,14.9,6960,10596
EVT-01478,2023-09-23,EI-DNJ,Ryanair,B737-800,9.2,EHRD,EGSS,A-Check,53,STC,FS-SKN-FW,Fuselage Skin Forward,Structure,8,27840,20359,156,104,5,Yes,Pęknięcie wokół nita,Minor,1,Cleaned,5.9,547,22927
EVT-01479,2023-02-01,EI-DWF,Ryanair,B737-800,9.4,EHAM,EGKK,Line Maintenance,53,MPD,FS-SKN-FW,Fuselage Skin Forward,Structure,8,26936,21781,750,300,3,No,,,0,Inspected OK,3.1,457,36367
EVT-01480,2024-06-13,PH-BZZ,KLM,B737-800,3.3,EHRD,EGCC,A-Check,27,CMR,FC-FLP-L,Flap Track Left,Flight Controls,9,9795,5871,2936,150,1,Yes,Korozja galwaniczna,Minor,1,Repaired,11.9,3535,14318
EVT-01481,2019-05-25,EI-DLY,Ryanair,B737-800,7.2,EHEH,EGKK,AOG,53,MPD,FS-SKN-AF,Fuselage Skin Aft,Structure,8,19897,13074,397,2758,1,Yes,Korozja warstwowa,Moderate,2,Replaced,11.5,38086,28731
EVT-01482,2021-12-07,PH-BDZ,KLM,B737-800,3.5,EHRD,EGKK,C-Check,28,MPD,FU-TNK-L,Fuel Tank Wing Left,Fuel System,9,9692,6670,970,821,2,No,,,0,Inspected OK,1.2,439,14495
EVT-01483,2023-07-18,OO-JVN,TUI fly,B737-800,10.4,EHAM,EGKK,C-Check,21,ALI,AC-PCK-R,Air Conditioning Pack Right,Air Conditioning,7,33865,18461,635,288,3,Yes,Korozja wewnętrzna,Minor,1,Cleaned,4.2,1391,5229
EVT-01484,2022-01-18,EI-DGC,Ryanair,B737-800,11.8,EHRD,EGLL,Unscheduled,53,CMR,FS-SKN-FW,Fuselage Skin Forward,Structure,8,36345,23072,1156,850,5,Yes,Korozja pod powłoką,Moderate,2,Replaced,39.9,37587,11811
EVT-01485,2025-08-04,EI-DMY,Ryanair,B737-800,4.6,EHRD,EGLL,AOG,21,STC,AC-PCK-R,Air Conditioning Pack Right,Air Conditioning,7,12803,8518,109,77,1,Yes,Wyciek wymiennika,Moderate,2,Repaired,6.5,1468,6477
EVT-01486,2021-04-04,LN-NIR,Norwegian,B737-800,4.8,EHEH,EGGW,C-Check,24,AD/SB,EL-BAT,Main Battery,Electrical,6,13749,9004,678,2006,2,Yes,Korozja zacisków,Minor,1,Repaired,7.5,1350,2943
EVT-01487,2022-11-21,OO-JVB,TUI fly,B737-800,4.5,EHRD,EGLL,Unscheduled,36,STC,PN-DUC-L,Bleed Air Duct Left,Pneumatic,6,10459,8951,223,2808,6,No,,,0,Inspected OK,1.9,445,8929
EVT-01488,2021-04-19,PH-BZZ,KLM,B737-800,9.8,EHAM,EGLL,A-Check,72,CMR,EN-FAN-2,Engine #2 Fan Blades,Powerplant,6,29876,18607,396,383,2,Yes,Korozja wżerowa,Moderate,2,Repaired,12.2,924,8339
EVT-01489,2023-12-07,OO-JBB,TUI fly,B737-800,4.7,EHEH,EGCC,Daily Inspection,32,CMR,LG-MLG-L,Main Landing Gear Left,Landing Gear,10,12196,10232,510,961,0,Yes,Pęknięcie strukturalne,Moderate,2,Repaired,6.9,3232,11975
EVT-01490,2019-01-30,PH-BMX,KLM,B737-800,5.0,EHRD,EGKK,AOG,27,MPD,FC-ELV-L,Elevator Left,Flight Controls,6,12327,7898,213,1063,2,No,,,0,Inspected OK,2.3,287,8852
EVT-01491,2019-06-11,PH-BUK,KLM,B737-800,12.8,EHAM,EGGW,Unscheduled,29,CMR,HY-LIN-A,Hydraulic Lines System A,Hydraulic,7,34814,27100,1913,349,3,No,,,0,Inspected OK,2.0,338,8237
EVT-01492,2019-09-27,LN-NAQ,Norwegian,B737-800,9.8,EHRD,EGKK,A-Check,53,ALI,FS-SKN-FW,Fuselage Skin Forward,Structure,8,23184,15287,1796,2004,1,Yes,Korozja warstwowa,Minor,1,Inspected OK,3.2,363,32834
EVT-01493,2019-06-10,OO-JHF,TUI fly,B737-800,2.4,EHRD,EGGW,Line Maintenance,32,ALI,LG-MLG-L,Main Landing Gear Left,Landing Gear,10,7306,4376,2978,489,2,Yes,Korozja naprężeniowa,Major,3,Overhauled,25.4,18613,7835
EVT-01494,2023-06-16,OO-JBB,TUI fly,B737-800,6.8,EHAM,EGCC,Line Maintenance,32,MPD,LG-BRK-R,Brake Assembly Right,Landing Gear,8,17921,13249,736,562,3,Yes,Korozja siłowników,Moderate,2,Replaced,39.6,37971,916
EVT-01495,2019-10-11,EI-DDM,Ryanair,B737-800,5.9,EHEH,EGLL,Line Maintenance,29,AD/SB,HY-LIN-A,Hydraulic Lines System A,Hydraulic,7,15741,11425,847,1144,4,Yes,Rdza wewnętrzna,Minor,1,Inspected OK,3.5,459,8031
EVT-01496,2022-09-26,EI-DUN,Ryanair,B737-800,11.4,EHRD,EGLL,Unscheduled,27,ALI,FC-AIL-L,Aileron Left,Flight Controls,7,32672,16699,121,690,3,Yes,Zużycie łożysk,Moderate,2,Replaced,25.9,8433,3246
EVT-01497,2019-12-01,OO-JVN,TUI fly,B737-800,11.0,EHAM,EGGW,Line Maintenance,72,CMR,EN-HPT-1,Engine #1 HP Turbine,Powerplant,5,31405,22603,4101,462,1,Yes,Korozja gorąca,Moderate,2,Repaired,16.2,6344,6189
EVT-01498,2024-12-04,OO-JHF,TUI fly,B737-800,9.5,EHEH,EGCC,Unscheduled,57,CMR,WG-LEA-L,Wing Leading Edge Left,Structure,7,28441,17684,935,247,1,Yes,Erozja powłok,Critical,4,Overhauled,59.8,25978,3334
EVT-01499,2023-10-13,EI-DMY,Ryanair,B737-800,10.7,EHAM,EGKK,Unscheduled,32,CMR,LG-TIR-M,Main Tire,Landing Gear,2,33622,16681,112,756,4,No,,,0,Inspected OK,3.8,114,0
EVT-01500,2025-04-18,PH-BUK,KLM,B737-800,13.4,EHRD,EGSS,Unscheduled,27,CMR,FC-AIL-L,Aileron Left,Flight Controls,7,37613,24337,50,762,2,No,,,0,Inspected OK,0.9,469,5877
EVT-01501,2025-01-02,OO-JBV,TUI fly,B737-800,11.7,EHRD,EGSS,C-Check,28,STC,FU-TNK-R,Fuel Tank Wing Right,Fuel System,9,38666,21228,556,556,1,Yes,Korozja mikrobiologiczna,Moderate,2,Replaced,20.5,55442,6759
EVT-01502,2024-11-29,PH-BRO,KLM,B737-800,9.0,EHRD,EGCC,Line Maintenance,53,STC,FS-CRG,Cargo Door,Structure,8,29538,16587,330,318,0,Yes,Korozja wokół zamków,Minor,1,Inspected OK,1.3,73,34200
EVT-01503,2022-05-12,PH-BYZ,KLM,B737-800,10.7,EHEH,EGSS,Line Maintenance,29,STC,HY-PMP-A,Hydraulic Pump A,Hydraulic,5,28437,24904,1236,1542,1,No,,,0,Inspected OK,1.7,221,5887
EVT-01504,2026-03-18,LN-NIR,Norwegian,B737-800,5.3,EHEH,EGKK,A-Check,72,STC,EN-FAN-1,Engine #1 Fan Blades,Powerplant,6,16071,10433,793,935,1,Yes,FOD damage,Moderate,2,Replaced,25.0,18241,10403
EVT-01505,2019-10-20,PH-BYZ,KLM,B737-800,9.8,EHAM,EGGW,A-Check,24,CMR,EL-BAT,Main Battery,Electrical,6,23310,20849,1254,990,1,Yes,Spadek pojemności,Major,3,Replaced,8.6,29027,1425
EVT-01506,2023-03-25,OO-JBV,TUI fly,B737-800,2.5,EHEH,EGKK,Unscheduled,32,AD/SB,LG-MLG-R,Main Landing Gear Right,Landing Gear,10,7077,5080,1490,179,1,Yes,Korozja naprężeniowa,Minor,1,Inspected OK,3.7,276,15308
EVT-01507,2022-11-06,EI-DGY,Ryanair,B737-800,6.2,EHRD,EGSS,Line Maintenance,53,ALI,FS-SKN-AF,Fuselage Skin Aft,Structure,8,15558,14554,797,292,2,No,,,0,Inspected OK,1.8,236,42840
EVT-01508,2023-08-17,EI-DGY,Ryanair,B737-800,6.6,EHRD,EGKK,Unscheduled,57,AD/SB,WG-SPR-R,Wing Spar Right,Structure,9,17568,13725,50,167,1,Yes,Korozja warstwowa,Minor,1,Inspected OK,2.0,378,43124
EVT-01509,2020-06-23,LN-NDS,Norwegian,B737-800,3.4,EHAM,EGGW,Daily Inspection,27,AD/SB,FC-AIL-L,Aileron Left,Flight Controls,7,10064,5223,1722,1449,4,Yes,Korozja wżerowa,Moderate,2,Replaced,37.7,53514,4101
EVT-01510,2023-11-01,EI-DKD,Ryanair,B737-800,14.4,EHAM,EGKK,Unscheduled,21,MPD,AC-PCK-L,Air Conditioning Pack Left,Air Conditioning,7,43496,27140,344,469,1,Yes,Wyciek wymiennika,Minor,1,Cleaned,4.7,1152,5635
EVT-01511,2025-06-10,OO-JBB,TUI fly,B737-800,14.4,EHEH,EGSS,Daily Inspection,27,STC,FC-FLP-L,Flap Track Left,Flight Controls,9,36947,31838,591,267,0,Yes,Zużycie rolek,Moderate,2,Repaired,4.4,6239,7508
EVT-01512,2023-03-05,PH-BZZ,KLM,B737-800,5.9,EHEH,EGGW,A-Check,57,CMR,WG-SPR-L,Wing Spar Left,Structure,9,16821,11754,50,525,2,Yes,Pęknięcie zmęczeniowe,Moderate,2,Repaired,7.4,6974,31375
EVT-01513,2022-06-27,EI-DNJ,Ryanair,B737-800,5.3,EHRD,EGSS,AOG,53,STC,FS-SKN-FW,Fuselage Skin Forward,Structure,8,14713,10042,395,637,1,Yes,Korozja warstwowa,Moderate,2,Repaired,15.9,3775,31987
EVT-01514,2019-06-29,EI-DWF,Ryanair,B737-800,2.5,EHAM,EGLL,C-Check,24,MPD,EL-GEN-1,Generator #1,Electrical,5,6532,4235,180,100,3,Yes,Zużycie szczotek,Minor,1,Inspected OK,2.6,286,6922
EVT-01515,2025-07-29,EI-DKD,Ryanair,B737-800,6.4,EHEH,EGGW,C-Check,72,ALI,EN-HPC-1,Engine #1 HP Compressor,Powerplant,7,19991,12235,184,30,2,Yes,Zużycie łopatek,Minor,1,Repaired,13.5,2042,10814
EVT-01516,2024-04-23,EI-DVJ,Ryanair,B737-800,10.9,EHEH,EGKK,Line Maintenance,57,STC,WG-LEA-L,Wing Leading Edge Left,Structure,7,26972,19293,491,2188,0,Yes,Erozja powłok,Major,3,Replaced,38.4,48645,4882
EVT-01517,2020-10-30,EI-DUN,Ryanair,B737-800,14.0,EHEH,EGSS,Line Maintenance,30,AD/SB,IR-WAI-L,Wing Anti-Ice Valve Left,Ice Protection,8,37841,31409,483,1268,2,Yes,Zakleszczenie zaworu,Minor,1,Cleaned,2.6,1012,3487
EVT-01518,2020-03-07,EI-DWF,Ryanair,B737-800,4.1,EHAM,EGLL,C-Check,72,CMR,EN-FAN-2,Engine #2 Fan Blades,Powerplant,6,11469,8779,663,308,4,Yes,FOD damage,Minor,1,Inspected OK,1.4,160,10979
EVT-01519,2024-06-20,LN-NAQ,Norwegian,B737-800,7.0,EHEH,EGKK,Line Maintenance,24,MPD,EL-GEN-1,Generator #1,Electrical,5,19981,16492,919,188,3,No,,,0,Inspected OK,1.4,185,6972
EVT-01520,2020-12-17,EI-DWF,Ryanair,B737-800,6.4,EHRD,EGKK,Unscheduled,29,CMR,HY-LIN-A,Hydraulic Lines System A,Hydraulic,7,19110,14195,974,688,2,No,,,0,Inspected OK,1.0,361,11688
EVT-01521,2019-07-18,EI-DLY,Ryanair,B737-800,3.8,EHRD,EGCC,Unscheduled,32,CMR,LG-MLG-R,Main Landing Gear Right,Landing Gear,10,10940,7449,1897,315,1,Yes,Pęknięcie strukturalne,Moderate,2,Replaced,15.9,55539,11941
EVT-01522,2022-06-21,EI-DNJ,Ryanair,B737-800,13.7,EHAM,EGCC,Line Maintenance,27,ALI,FC-AIL-R,Aileron Right,Flight Controls,7,41609,27827,203,42,1,Yes,Zużycie łożysk,Minor,1,Repaired,15.4,2510,4798
EVT-01523,2025-02-16,OO-JVN,TUI fly,B737-800,3.1,EHEH,EGCC,Line Maintenance,72,CMR,EN-FAN-1,Engine #1 Fan Blades,Powerplant,6,9437,4415,268,284,2,No,,,0,Inspected OK,2.4,217,15034
EVT-01524,2022-09-05,EI-DUN,Ryanair,B737-800,3.8,EHRD,EGSS,Daily Inspection,24,ALI,EL-BAT,Main Battery,Electrical,6,8573,5344,834,2033,3,Yes,Spadek pojemności,Moderate,2,Repaired,5.8,3644,2027
EVT-01525,2019-08-14,OO-JBB,TUI fly,B737-800,14.6,EHAM,EGKK,C-Check,28,STC,FU-PMP-2,Fuel Boost Pump #2,Fuel System,6,38102,26684,453,247,0,Yes,Korozja styków elektrycznych,Minor,1,Cleaned,2.5,1099,3727
EVT-01526,2021-07-21,PH-BDZ,KLM,B737-800,7.1,EHEH,EGCC,AOG,32,ALI,LG-NLG,Nose Landing Gear,Landing Gear,9,19150,11267,218,276,2,Yes,Wyciek hydrauliczny,Moderate,2,Repaired,5.0,7134,11192
EVT-01527,2025-06-22,LN-NKW,Norwegian,B737-800,12.5,EHAM,EGGW,Line Maintenance,27,CMR,FC-AIL-L,Aileron Left,Flight Controls,7,42666,20704,539,1236,4,Yes,Korozja wżerowa,Major,3,Overhauled,86.9,30898,1496
EVT-01528,2022-08-12,PH-BPX,KLM,B737-800,7.0,EHEH,EGKK,AOG,28,AD/SB,FU-TNK-L,Fuel Tank Wing Left,Fuel System,9,18397,16922,462,684,0,Yes,Wyciek paliwa,Major,3,Replaced,38.8,61261,7859
EVT-01529,2023-09-11,EI-DGY,Ryanair,B737-800,14.9,EHEH,EGCC,C-Check,27,STC,FC-FLP-L,Flap Track Left,Flight Controls,9,35231,32171,140,315,3,Yes,Korozja szczelinowa,Minor,1,Repaired,12.3,5490,7256
EVT-01530,2024-11-14,EI-DLY,Ryanair,B737-800,7.6,EHRD,EGLL,C-Check,57,STC,WG-LEA-L,Wing Leading Edge Left,Structure,7,20594,14917,50,405,0,No,,,0,Inspected OK,1.1,222,11908
EVT-01531,2025-10-27,PH-BPX,KLM,B737-800,12.9,EHRD,EGKK,C-Check,57,ALI,WG-SPR-R,Wing Spar Right,Structure,9,35527,25855,816,457,2,Yes,Korozja warstwowa,Minor,1,Inspected OK,2.3,456,30076
EVT-01532,2025-09-05,OO-JBB,TUI fly,B737-800,12.1,EHAM,EGKK,Unscheduled,24,MPD,EL-WIR-FW,Wiring Harness FWD,Electrical,8,36904,23148,749,3396,1,Yes,Korozja styków elektrycznych,Minor,1,Inspected OK,1.1,453,12415
EVT-01533,2026-01-05,LN-NAQ,Norwegian,B737-800,5.7,EHEH,EGCC,Daily Inspection,53,CMR,FS-CRG,Cargo Door,Structure,8,15165,11240,3203,787,1,Yes,Korozja wokół zamków,Minor,1,Inspected OK,2.4,349,35201
EVT-01534,2026-04-16,EI-DDM,Ryanair,B737-800,11.8,EHEH,EGSS,Unscheduled,24,ALI,EL-BAT,Main Battery,Electrical,6,33209,21082,1510,106,1,No,,,0,Inspected OK,1.8,220,2848
EVT-01535,2024-11-28,PH-BDB,KLM,B737-800,9.5,EHEH,EGSS,AOG,36,MPD,PN-DUC-L,Bleed Air Duct Left,Pneumatic,6,28177,20671,459,633,0,Yes,Korozja gorąca,Moderate,2,Replaced,28.5,63060,7265
EVT-01536,2018-08-16,EI-DUN,Ryanair,B737-800,14.1,EHEH,EGSS,C-Check,28,STC,FU-PMP-2,Fuel Boost Pump #2,Fuel System,6,34671,32283,921,1984,1,No,,,0,Inspected OK,2.6,499,3722
EVT-01537,2025-07-11,LN-NIR,Norwegian,B737-800,4.5,EHAM,EGCC,AOG,53,CMR,FS-SKN-FW,Fuselage Skin Forward,Structure,8,12749,6945,339,447,1,No,,,0,Inspected OK,1.1,195,47572
EVT-01538,2026-01-09,EI-DKD,Ryanair,B737-800,7.5,EHEH,EGKK,Unscheduled,29,STC,HY-RES-A,Hydraulic Reservoir A,Hydraulic,5,22841,16632,440,1401,3,No,,,0,Inspected OK,2.5,172,9479
EVT-01539,2021-08-18,LN-NKW,Norwegian,B737-800,6.7,EHRD,EGKK,Line Maintenance,32,ALI,LG-TIR-M,Main Tire,Landing Gear,2,19392,10969,537,60,3,No,,,0,Inspected OK,2.8,180,444
EVT-01540,2018-08-27,OO-JVN,TUI fly,B737-800,11.4,EHEH,EGKK,C-Check,24,ALI,EL-WIR-FW,Wiring Harness FWD,Electrical,8,30228,21592,551,2252,2,No,,,0,Inspected OK,1.6,63,14673
EVT-01541,2020-07-02,OO-JHF,TUI fly,B737-800,13.5,EHRD,EGKK,Line Maintenance,25,CMR,EQ-SLI-1,Escape Slide #1,Equipment,4,37560,24736,2264,1230,2,No,,,0,Inspected OK,3.5,339,12953
EVT-01542,2021-07-25,EI-DLY,Ryanair,B737-800,9.0,EHEH,EGGW,A-Check,29,MPD,HY-RES-A,Hydraulic Reservoir A,Hydraulic,5,26362,15796,790,1386,3,Yes,Wyciek,Minor,1,Repaired,20.0,6191,7209
EVT-01543,2021-12-18,EI-DLY,Ryanair,B737-800,7.9,EHEH,EGCC,AOG,32,ALI,LG-TIR-M,Main Tire,Landing Gear,2,19121,18734,770,250,0,No,,,0,Inspected OK,2.7,87,171
EVT-01544,2023-11-17,LN-NDS,Norwegian,B737-800,2.7,EHRD,EGGW,Daily Inspection,57,MPD,WG-LEA-L,Wing Leading Edge Left,Structure,7,7426,4902,223,211,3,Yes,Korozja wżerowa,Moderate,2,Replaced,18.1,63654,7667
EVT-01545,2022-07-14,OO-JHF,TUI fly,B737-800,6.7,EHAM,EGLL,A-Check,32,STC,LG-NLG,Nose Landing Gear,Landing Gear,9,19781,11752,872,689,2,No,,,0,Inspected OK,3.1,84,17257
EVT-01546,2018-05-26,OO-JBV,TUI fly,B737-800,5.5,EHEH,EGGW,C-Check,32,MPD,LG-MLG-L,Main Landing Gear Left,Landing Gear,10,13548,9855,1081,238,4,No,,,0,Inspected OK,1.3,183,13778
EVT-01547,2024-04-07,LN-NLP,Norwegian,B737-800,3.4,EHEH,EGCC,Daily Inspection,30,CMR,IR-WAI-L,Wing Anti-Ice Valve Left,Ice Protection,8,7631,5963,374,581,3,No,,,0,Inspected OK,0.7,164,6105
EVT-01548,2021-03-11,PH-BZZ,KLM,B737-800,10.0,EHAM,EGKK,A-Check,28,ALI,FU-PMP-1,Fuel Boost Pump #1,Fuel System,6,31115,21386,1990,416,3,Yes,Korozja styków elektrycznych,Major,3,Replaced,37.0,64244,1475
EVT-01549,2025-07-05,EI-DKD,Ryanair,B737-800,4.9,EHRD,EGKK,AOG,30,ALI,IR-PIT,Pitot Tube Heater,Ice Protection,9,13584,9473,594,1108,0,No,,,0,Inspected OK,3.3,325,4690
EVT-01550,2026-02-19,PH-BDB,KLM,B737-800,9.4,EHAM,EGGW,C-Check,27,AD/SB,FC-AIL-R,Aileron Right,Flight Controls,7,27778,17576,916,602,3,Yes,Pęknięcie zmęczeniowe,Major,3,Replaced,10.0,74159,2087
EVT-01551,2024-04-12,PH-BZZ,KLM,B737-800,13.6,EHRD,EGLL,A-Check,72,AD/SB,EN-HPC-1,Engine #1 HP Compressor,Powerplant,7,38549,21380,1301,145,1,No,,,0,Inspected OK,3.5,452,10908
EVT-01552,2023-10-23,EI-DMY,Ryanair,B737-800,13.2,EHRD,EGKK,C-Check,29,MPD,HY-LIN-A,Hydraulic Lines System A,Hydraulic,7,43039,29403,637,291,3,No,,,0,Inspected OK,1.9,245,8886
EVT-01553,2020-04-25,EI-DGY,Ryanair,B737-800,7.8,EHAM,EGSS,Daily Inspection,27,AD/SB,FC-FLP-R,Flap Track Right,Flight Controls,9,21833,13264,545,532,4,Yes,Zużycie rolek,Major,3,Overhauled,31.8,14023,3468
EVT-01554,2025-11-03,EI-DUN,Ryanair,B737-800,13.4,EHRD,EGGW,AOG,24,AD/SB,EL-GEN-1,Generator #1,Electrical,5,42556,25771,963,1056,6,Yes,Zużycie szczotek,Minor,1,Inspected OK,2.9,359,3788
EVT-01555,2018-09-03,OO-JBB,TUI fly,B737-800,3.0,EHEH,EGGW,C-Check,53,CMR,FS-CRG,Cargo Door,Structure,8,8183,6275,703,30,1,No,,,0,Inspected OK,1.2,287,45463
EVT-01556,2020-07-28,PH-BKH,KLM,B737-800,6.6,EHRD,EGSS,Line Maintenance,28,MPD,FU-TNK-L,Fuel Tank Wing Left,Fuel System,9,18662,12029,572,49,1,Yes,Wyciek paliwa,Minor,1,Cleaned,1.5,869,11677
EVT-01557,2024-07-24,OO-JBB,TUI fly,B737-800,11.1,EHRD,EGGW,A-Check,30,CMR,IR-WAI-L,Wing Anti-Ice Valve Left,Ice Protection,8,29752,21304,681,1093,1,Yes,Zakleszczenie zaworu,Minor,1,Repaired,3.6,6958,4395
EVT-01558,2020-11-01,OO-JBB,TUI fly,B737-800,13.8,EHRD,EGCC,Line Maintenance,72,AD/SB,EN-FAN-1,Engine #1 Fan Blades,Powerplant,6,42435,28108,802,681,3,Yes,FOD damage,Minor,1,Repaired,18.2,923,8092
EVT-01559,2022-11-10,EI-DNJ,Ryanair,B737-800,9.6,EHRD,EGCC,A-Check,32,AD/SB,LG-BRK-R,Brake Assembly Right,Landing Gear,8,27332,18404,979,3060,1,Yes,Wyciek płynu hamulcowego,Major,3,Overhauled,55.7,21107,0
EVT-01560,2024-09-05,PH-BKH,KLM,B737-800,3.2,EHRD,EGGW,C-Check,27,STC,FC-FLP-R,Flap Track Right,Flight Controls,9,9752,5692,380,601,2,Yes,Korozja szczelinowa,Minor,1,Inspected OK,2.8,351,12634
EVT-01561,2024-11-19,EI-DMY,Ryanair,B737-800,13.3,EHAM,EGKK,A-Check,32,ALI,LG-BRK-L,Brake Assembly Left,Landing Gear,8,37518,29176,776,57,1,Yes,Korozja siłowników,Minor,1,Inspected OK,3.3,384,1764
EVT-01562,2022-07-31,OO-JVN,TUI fly,B737-800,12.2,EHEH,EGKK,Daily Inspection,27,ALI,FC-ELV-L,Elevator Left,Flight Controls,6,27992,26263,445,2160,2,No,,,0,Inspected OK,2.6,285,7741
EVT-01563,2020-03-12,EI-DNJ,Ryanair,B737-800,5.1,EHAM,EGSS,Unscheduled,72,MPD,EN-HPT-1,Engine #1 HP Turbine,Powerplant,5,15815,11303,57,269,3,No,,,0,Inspected OK,2.9,484,11162
EVT-01564,2022-09-11,PH-BRO,KLM,B737-800,12.6,EHEH,EGKK,C-Check,27,ALI,FC-FLP-L,Flap Track Left,Flight Controls,9,32539,22174,1823,30,3,Yes,Korozja szczelinowa,Moderate,2,Replaced,9.3,41615,5355
EVT-01565,2021-12-24,LN-NIR,Norwegian,B737-800,2.1,EHRD,EGSS,A-Check,32,ALI,LG-TIR-N,Nose Tire,Landing Gear,2,4643,3687,2529,1037,1,No,,,0,Inspected OK,2.0,466,0
EVT-01566,2023-04-23,PH-BZZ,KLM,B737-800,3.8,EHEH,EGCC,AOG,24,STC,EL-BAT,Main Battery,Electrical,6,11709,6724,52,952,2,Yes,Spadek pojemności,Major,3,Replaced,9.3,17505,2090
EVT-01567,2025-05-15,EI-DDM,Ryanair,B737-800,4.3,EHAM,EGLL,Line Maintenance,72,AD/SB,EN-HPC-1,Engine #1 HP Compressor,Powerplant,7,9970,7851,239,1250,2,Yes,Korozja gorąca,Minor,1,Inspected OK,1.2,104,11645
EVT-01568,2025-05-24,OO-JBB,TUI fly,B737-800,8.9,EHEH,EGGW,Unscheduled,27,ALI,FC-AIL-L,Aileron Left,Flight Controls,7,18905,16409,2541,52,4,Yes,Pęknięcie zmęczeniowe,Moderate,2,Replaced,14.5,71720,2538
EVT-01569,2023-12-30,LN-NLP,Norwegian,B737-800,11.3,EHRD,EGSS,Line Maintenance,53,AD/SB,FS-DOR-PX,Pax Door Frame,Structure,7,32329,23664,1162,808,4,No,,,0,Inspected OK,1.5,410,25928
EVT-01570,2020-03-05,PH-BZZ,KLM,B737-800,12.5,EHRD,EGGW,Line Maintenance,24,STC,EL-BAT,Main Battery,Electrical,6,41291,24914,144,628,2,Yes,Korozja zacisków,Major,3,Replaced,29.0,64331,1390
EVT-01571,2020-03-11,PH-BMX,KLM,B737-800,8.3,EHAM,EGGW,Unscheduled,53,AD/SB,FS-CRG,Cargo Door,Structure,8,24275,15494,1521,209,0,No,,,0,Inspected OK,3.6,485,41557
EVT-01572,2023-01-06,EI-DKD,Ryanair,B737-800,11.9,EHAM,EGKK,Line Maintenance,72,STC,EN-FAN-2,Engine #2 Fan Blades,Powerplant,6,29829,22456,635,58,1,Yes,FOD damage,Minor,1,Cleaned,3.7,1025,10641
EVT-01573,2025-09-09,OO-JHF,TUI fly,B737-800,11.3,EHAM,EGKK,C-Check,24,MPD,EL-GEN-1,Generator #1,Electrical,5,29109,22651,1341,680,5,Yes,Zużycie szczotek,Minor,1,Repaired,18.8,6538,3887
EVT-01574,2018-12-23,PH-BUK,KLM,B737-800,6.6,EHEH,EGGW,A-Check,29,ALI,HY-PMP-A,Hydraulic Pump A,Hydraulic,5,19132,11035,275,2081,1,No,,,0,Inspected OK,3.0,380,6859
EVT-01575,2026-04-19,EI-DUN,Ryanair,B737-800,8.7,EHAM,EGCC,AOG,29,AD/SB,HY-PMP-A,Hydraulic Pump A,Hydraulic,5,21757,14230,506,30,4,Yes,Spadek ciśnienia,Minor,1,Repaired,10.6,3239,4262
EVT-01576,2019-03-31,EI-DGC,Ryanair,B737-800,11.7,EHEH,EGSS,Daily Inspection,27,MPD,FC-AIL-L,Aileron Left,Flight Controls,7,25615,22063,1430,66,2,Yes,Korozja wżerowa,Minor,1,Cleaned,3.5,832,4626
EVT-01577,2021-09-06,LN-NKW,Norwegian,B737-800,12.4,EHAM,EGSS,AOG,72,MPD,EN-FAN-2,Engine #2 Fan Blades,Powerplant,6,37328,20730,70,511,3,Yes,Korozja wżerowa,Minor,1,Repaired,6.5,1023,8378
EVT-01578,2023-07-20,EI-DLY,Ryanair,B737-800,11.9,EHAM,EGGW,Daily Inspection,72,CMR,EN-FAN-2,Engine #2 Fan Blades,Powerplant,6,33859,20054,506,1621,1,Yes,Korozja wżerowa,Moderate,2,Repaired,6.8,5650,7664
EVT-01579,2025-09-24,LN-NLP,Norwegian,B737-800,3.8,EHAM,EGSS,Line Maintenance,25,STC,EQ-SLI-1,Escape Slide #1,Equipment,4,10937,8471,631,1899,3,No,,,0,Inspected OK,2.5,156,16666
EVT-01580,2023-04-11,PH-BMX,KLM,B737-800,2.6,EHAM,EGGW,C-Check,57,CMR,WG-SPR-R,Wing Spar Right,Structure,9,8063,4711,1075,1487,2,Yes,Korozja warstwowa,Minor,1,Inspected OK,3.7,305,44270
EVT-01581,2024-01-23,OO-JBB,TUI fly,B737-800,14.9,EHRD,EGGW,A-Check,21,AD/SB,AC-PCK-R,Air Conditioning Pack Right,Air Conditioning,7,44665,30646,237,451,1,Yes,Wyciek wymiennika,Minor,1,Cleaned,2.5,1306,5556
EVT-01582,2025-07-19,EI-DUN,Ryanair,B737-800,8.4,EHEH,EGCC,Line Maintenance,72,STC,EN-HPC-1,Engine #1 HP Compressor,Powerplant,7,23659,16047,210,243,0,Yes,Zużycie łopatek,Major,3,Replaced,34.6,68720,7641
EVT-01583,2023-07-28,OO-JBB,TUI fly,B737-800,13.6,EHRD,EGCC,AOG,30,AD/SB,IR-WAI-L,Wing Anti-Ice Valve Left,Ice Protection,8,32248,30213,63,839,6,No,,,0,Inspected OK,1.9,87,3367
EVT-01584,2024-09-17,LN-NDS,Norwegian,B737-800,5.6,EHRD,EGGW,Daily Inspection,30,STC,IR-PIT,Pitot Tube Heater,Ice Protection,9,16906,11167,257,150,1,Yes,Korozja styków,Minor,1,Cleaned,5.0,778,3484
EVT-01585,2021-06-26,OO-JBB,TUI fly,B737-800,14.6,EHAM,EGSS,Daily Inspection,24,STC,EL-BAT,Main Battery,Electrical,6,35971,28596,313,316,3,No,,,0,Inspected OK,2.9,410,2613
EVT-01586,2020-11-11,EI-DWF,Ryanair,B737-800,4.9,EHAM,EGGW,C-Check,32,MPD,LG-MLG-L,Main Landing Gear Left,Landing Gear,10,14598,10492,2546,544,4,No,,,0,Inspected OK,1.8,116,13589
EVT-01587,2024-04-29,EI-DLY,Ryanair,B737-800,7.4,EHAM,EGKK,AOG,21,CMR,AC-PCK-L,Air Conditioning Pack Left,Air Conditioning,7,13876,14802,4691,566,3,Yes,Kondensat,Minor,1,Cleaned,3.7,987,3941
EVT-01588,2019-08-10,EI-DUN,Ryanair,B737-800,2.7,EHAM,EGCC,Daily Inspection,27,MPD,FC-FLP-L,Flap Track Left,Flight Controls,9,8401,5663,1828,2123,4,Yes,Zużycie rolek,Minor,1,Repaired,7.1,830,10155
EVT-01589,2024-09-22,LN-NLP,Norwegian,B737-800,13.4,EHRD,EGKK,Daily Inspection,29,AD/SB,HY-LIN-A,Hydraulic Lines System A,Hydraulic,7,35260,31019,299,860,4,Yes,Wyciek na złączach,Moderate,2,Replaced,21.1,79383,3935
EVT-01590,2023-09-23,LN-NKW,Norwegian,B737-800,4.1,EHAM,EGLL,C-Check,38,ALI,WW-TNK,Potable Water Tank,Water/Waste,9,10669,8404,347,366,1,Yes,Korozja wżerowa,Major,3,Replaced,11.3,44978,6149
EVT-01591,2021-04-22,OO-JVB,TUI fly,B737-800,14.1,EHEH,EGKK,A-Check,72,MPD,EN-FAN-1,Engine #1 Fan Blades,Powerplant,6,39922,26279,668,772,2,No,,,0,Inspected OK,2.1,383,11130
EVT-01592,2022-01-17,LN-NAQ,Norwegian,B737-800,3.7,EHRD,EGCC,Unscheduled,72,ALI,EN-HPT-1,Engine #1 HP Turbine,Powerplant,5,13582,7506,124,583,0,No,,,0,Inspected OK,2.9,221,14228
EVT-01593,2026-02-19,EI-DKD,Ryanair,B737-800,13.6,EHAM,EGSS,A-Check,27,AD/SB,FC-FLP-R,Flap Track Right,Flight Controls,9,31673,30029,50,462,3,Yes,Korozja szczelinowa,Critical,4,Replaced,24.8,11829,0
EVT-01594,2026-04-26,OO-JBB,TUI fly,B737-800,14.9,EHAM,EGSS,Daily Inspection,32,AD/SB,LG-BRK-R,Brake Assembly Right,Landing Gear,8,43119,35077,1043,859,2,Yes,Wyciek płynu hamulcowego,Minor,1,Inspected OK,1.9,399,1334
EVT-01595,2025-05-22,EI-DWF,Ryanair,B737-800,13.1,EHEH,EGKK,Unscheduled,27,STC,FC-FLP-L,Flap Track Left,Flight Controls,9,29100,26087,204,422,1,Yes,Korozja galwaniczna,Moderate,2,Replaced,38.9,18548,7284
EVT-01596,2024-02-15,PH-BDB,KLM,B737-800,6.4,EHEH,EGCC,Daily Inspection,27,CMR,FC-RUD,Rudder,Flight Controls,6,18938,9814,326,500,1,Yes,Erozja krawędzi natarcia,Major,3,Replaced,39.0,65741,5856
EVT-01597,2024-07-13,EI-DGC,Ryanair,B737-800,14.8,EHAM,EGKK,A-Check,57,MPD,WG-LEA-L,Wing Leading Edge Left,Structure,7,45075,31042,394,835,2,Yes,Korozja wżerowa,Minor,1,Repaired,8.4,3854,6485
EVT-01598,2026-03-13,PH-BMX,KLM,B737-800,3.5,EHAM,EGCC,Daily Inspection,27,STC,FC-ELV-L,Elevator Left,Flight Controls,6,7921,7667,592,270,1,Yes,Pęknięcie zmęczeniowe,Minor,1,Inspected OK,2.3,385,8330
EVT-01599,2023-01-27,PH-BPX,KLM,B737-800,8.3,EHRD,EGLL,Daily Inspection,30,AD/SB,IR-PIT,Pitot Tube Heater,Ice Protection,9,22509,14941,381,268,2,Yes,Awaria grzałki,Major,3,Replaced,15.4,58902,2085
EVT-01600,2023-11-20,LN-NLP,Norwegian,B737-800,2.9,EHRD,EGGW,Unscheduled,57,STC,WG-SPR-R,Wing Spar Right,Structure,9,8151,3993,1327,167,5,Yes,Pęknięcie zmęczeniowe,Minor,1,Repaired,15.8,3919,34624
EVT-01601,2022-06-16,LN-NDS,Norwegian,B737-800,6.2,EHRD,EGCC,AOG,72,AD/SB,EN-FAN-2,Engine #2 Fan Blades,Powerplant,6,16043,11898,75,1061,0,No,,,0,Inspected OK,0.5,177,15076
EVT-01602,2023-03-10,OO-JVN,TUI fly,B737-800,7.4,EHAM,EGSS,AOG,27,CMR,FC-AIL-L,Aileron Left,Flight Controls,7,19575,17309,1201,423,3,Yes,Pęknięcie zmęczeniowe,Minor,1,Cleaned,5.5,662,5132
EVT-01603,2025-06-19,PH-BYZ,KLM,B737-800,4.3,EHEH,EGCC,Daily Inspection,29,MPD,HY-RES-A,Hydraulic Reservoir A,Hydraulic,5,11583,8261,561,978,2,Yes,Wyciek,Moderate,2,Replaced,27.5,17749,7878
EVT-01604,2021-08-26,PH-BPX,KLM,B737-800,12.7,EHEH,EGSS,Daily Inspection,32,ALI,LG-MLG-L,Main Landing Gear Left,Landing Gear,10,32077,21543,50,790,3,Yes,Korozja naprężeniowa,Minor,1,Inspected OK,2.8,247,7603
EVT-01605,2018-06-01,LN-NIR,Norwegian,B737-800,10.0,EHRD,EGSS,AOG,57,STC,WG-SPR-R,Wing Spar Right,Structure,9,30899,22558,97,911,2,Yes,Pęknięcie zmęczeniowe,Moderate,2,Repaired,7.8,2440,24975
EVT-01606,2020-09-27,PH-BMX,KLM,B737-800,5.7,EHRD,EGGW,Line Maintenance,21,ALI,AC-PCK-L,Air Conditioning Pack Left,Air Conditioning,7,13413,11573,666,153,3,Yes,Kondensat,Moderate,2,Repaired,15.4,7948,5230
EVT-01607,2022-03-13,EI-DDM,Ryanair,B737-800,12.9,EHAM,EGKK,Unscheduled,30,ALI,IR-WAI-L,Wing Anti-Ice Valve Left,Ice Protection,8,31566,26538,182,235,0,Yes,Korozja wewnętrzna,Minor,1,Inspected OK,3.4,211,4139
EVT-01608,2022-01-16,PH-BKH,KLM,B737-800,2.1,EHRD,EGLL,Line Maintenance,28,MPD,FU-PMP-2,Fuel Boost Pump #2,Fuel System,6,6446,4267,221,766,2,Yes,Zużycie wirnika,Critical,4,Replaced,19.2,62892,2368
EVT-01609,2020-04-27,LN-NAQ,Norwegian,B737-800,12.6,EHEH,EGCC,AOG,27,MPD,FC-FLP-L,Flap Track Left,Flight Controls,9,33566,31222,1208,160,6,Yes,Zużycie rolek,Minor,1,Inspected OK,3.9,366,5680
EVT-01610,2026-01-07,LN-NLP,Norwegian,B737-800,8.9,EHRD,EGSS,Unscheduled,24,STC,EL-GEN-1,Generator #1,Electrical,5,26048,18587,891,207,1,Yes,Zużycie szczotek,Major,3,Overhauled,57.7,18240,4162
EVT-01611,2021-06-30,LN-NKW,Norwegian,B737-800,4.6,EHAM,EGCC,Unscheduled,32,AD/SB,LG-TIR-N,Nose Tire,Landing Gear,2,11495,8223,209,47,3,No,,,0,Inspected OK,1.1,182,473
EVT-01612,2021-10-15,OO-JBB,TUI fly,B737-800,3.7,EHRD,EGKK,Unscheduled,72,STC,EN-HPT-1,Engine #1 HP Turbine,Powerplant,5,10588,6972,50,95,0,No,,,0,Inspected OK,4.0,175,14196
EVT-01613,2023-07-05,PH-BKH,KLM,B737-800,13.8,EHRD,EGSS,Unscheduled,28,ALI,FU-PMP-2,Fuel Boost Pump #2,Fuel System,6,36897,26530,68,394,2,Yes,Zużycie wirnika,Minor,1,Repaired,14.8,7254,3263
EVT-01614,2019-10-11,EI-DNJ,Ryanair,B737-800,14.8,EHAM,EGKK,A-Check,25,STC,EQ-SLI-1,Escape Slide #1,Equipment,4,44730,26579,90,90,2,No,,,0,Inspected OK,3.9,120,13674
EVT-01615,2019-09-14,PH-BDT,KLM,B737-800,7.9,EHEH,EGSS,Daily Inspection,32,MPD,LG-TIR-N,Nose Tire,Landing Gear,2,19932,15195,306,449,2,Yes,Uszkodzenie boku,Moderate,2,Replaced,15.4,51356,0
EVT-01616,2024-06-26,LN-NKW,Norwegian,B737-800,4.3,EHEH,EGCC,Unscheduled,53,MPD,FS-DOR-PX,Pax Door Frame,Structure,7,11616,8104,752,328,0,No,,,0,Inspected OK,3.9,215,42596
EVT-01617,2023-06-29,PH-BYZ,KLM,B737-800,4.1,EHRD,EGLL,Daily Inspection,38,CMR,WW-TNK,Potable Water Tank,Water/Waste,9,10634,8915,515,295,1,Yes,Korozja mikrobiologiczna,Minor,1,Inspected OK,2.9,115,10328
EVT-01618,2021-09-01,OO-JVB,TUI fly,B737-800,8.7,EHAM,EGKK,C-Check,72,ALI,EN-FAN-1,Engine #1 Fan Blades,Powerplant,6,23592,18501,963,96,2,No,,,0,Inspected OK,2.3,432,13343
EVT-01619,2019-11-26,PH-BRO,KLM,B737-800,9.6,EHEH,EGKK,Unscheduled,25,CMR,EQ-SLI-1,Escape Slide #1,Equipment,4,18894,23208,742,391,2,No,,,0,Inspected OK,2.3,362,15842
EVT-01620,2022-10-26,PH-BDB,KLM,B737-800,6.2,EHAM,EGSS,Daily Inspection,21,MPD,AC-PCK-R,Air Conditioning Pack Right,Air Conditioning,7,19138,12226,120,307,0,Yes,Wyciek wymiennika,Minor,1,Cleaned,3.7,1037,8089
EVT-01621,2024-08-21,EI-DUN,Ryanair,B737-800,7.4,EHRD,EGGW,A-Check,53,AD/SB,FS-CRG,Cargo Door,Structure,8,22375,14191,520,494,3,No,,,0,Inspected OK,3.7,447,34835
EVT-01622,2021-01-22,OO-JHF,TUI fly,B737-800,9.3,EHEH,EGCC,A-Check,32,ALI,LG-MLG-L,Main Landing Gear Left,Landing Gear,10,27221,22856,401,378,3,Yes,Korozja naprężeniowa,Minor,1,Inspected OK,3.5,476,9592
EVT-01623,2024-04-11,PH-BDB,KLM,B737-800,5.2,EHAM,EGCC,Unscheduled,27,AD/SB,FC-RUD,Rudder,Flight Controls,6,15028,6972,1208,495,4,Yes,Erozja krawędzi natarcia,Minor,1,Cleaned,3.1,250,6557
EVT-01624,2025-01-04,PH-BYZ,KLM,B737-800,5.6,EHAM,EGSS,Daily Inspection,28,MPD,FU-PMP-2,Fuel Boost Pump #2,Fuel System,6,17590,12718,2033,173,1,No,,,0,Inspected OK,2.9,482,3962
EVT-01625,2026-03-13,EI-DVJ,Ryanair,B737-800,5.9,EHAM,EGKK,AOG,24,ALI,EL-GEN-1,Generator #1,Electrical,5,18786,13483,645,55,8,Yes,Korozja styków,Minor,1,Inspected OK,3.3,62,5108
EVT-01626,2022-06-21,EI-DVJ,Ryanair,B737-800,3.5,EHRD,EGCC,A-Check,36,AD/SB,PN-DUC-L,Bleed Air Duct Left,Pneumatic,6,8776,6657,368,66,2,No,,,0,Inspected OK,2.8,301,11007
EVT-01627,2019-07-03,EI-DDM,Ryanair,B737-800,12.4,EHEH,EGLL,Unscheduled,30,ALI,IR-WAI-L,Wing Anti-Ice Valve Left,Ice Protection,8,39862,19392,253,950,1,Yes,Korozja wewnętrzna,Minor,1,Inspected OK,1.1,102,4169
EVT-01628,2024-03-28,PH-BZZ,KLM,B737-800,5.9,EHAM,EGCC,Line Maintenance,30,MPD,IR-WAI-L,Wing Anti-Ice Valve Left,Ice Protection,8,18217,11894,317,644,0,Yes,Korozja wewnętrzna,Minor,1,Repaired,11.6,934,5552
EVT-01629,2026-05-08,PH-BPX,KLM,B737-800,2.7,EHAM,EGGW,Daily Inspection,53,CMR,FS-SKN-AF,Fuselage Skin Aft,Structure,8,6992,5009,515,328,1,Yes,Pęknięcie wokół nita,Minor,1,Repaired,9.3,5949,43100
EVT-01630,2025-10-21,EI-DMY,Ryanair,B737-800,4.1,EHAM,EGLL,Daily Inspection,21,AD/SB,AC-PCK-L,Air Conditioning Pack Left,Air Conditioning,7,10621,6654,663,1805,0,No,,,0,Inspected OK,0.6,323,9248
EVT-01631,2019-03-03,EI-DDM,Ryanair,B737-800,11.1,EHEH,EGKK,C-Check,32,ALI,LG-TIR-N,Nose Tire,Landing Gear,2,21383,17081,828,486,4,Yes,Zużycie bieżnika,Minor,1,Inspected OK,2.1,57,0
EVT-01632,2023-10-10,EI-DGY,Ryanair,B737-800,10.9,EHEH,EGKK,Line Maintenance,28,ALI,FU-PMP-1,Fuel Boost Pump #1,Fuel System,6,37427,20584,1383,196,2,No,,,0,Inspected OK,3.9,434,3433
EVT-01633,2020-02-10,LN-NDS,Norwegian,B737-800,4.7,EHAM,EGSS,Daily Inspection,28,STC,FU-PMP-1,Fuel Boost Pump #1,Fuel System,6,13453,8461,341,3161,1,No,,,0,Inspected OK,1.2,369,5615
EVT-01634,2023-10-03,OO-JHF,TUI fly,B737-800,7.4,EHEH,EGGW,Daily Inspection,32,ALI,LG-NLG,Nose Landing Gear,Landing Gear,9,21263,8595,2898,2786,1,Yes,Zużycie amortyzatora,Minor,1,Cleaned,3.5,840,13345
EVT-01635,2020-06-27,PH-BDT,KLM,B737-800,7.3,EHEH,EGSS,A-Check,24,AD/SB,EL-GEN-1,Generator #1,Electrical,5,26431,14908,50,745,1,Yes,Korozja styków,Moderate,2,Repaired,14.6,1414,6191
EVT-01636,2023-03-19,PH-BDT,KLM,B737-800,5.0,EHAM,EGKK,Daily Inspection,32,MPD,LG-NLG,Nose Landing Gear,Landing Gear,9,16744,7713,565,890,1,Yes,Korozja wżerowa,Moderate,2,Replaced,26.9,77683,13042
EVT-01637,2026-05-15,PH-BDT,KLM,B737-800,4.7,EHAM,EGGW,C-Check,30,AD/SB,IR-WAI-L,Wing Anti-Ice Valve Left,Ice Protection,8,13411,8725,970,892,1,Yes,Zakleszczenie zaworu,Minor,1,Repaired,4.1,5124,4840
EVT-01638,2023-06-05,PH-BMX,KLM,B737-800,14.7,EHEH,EGKK,Unscheduled,32,AD/SB,LG-MLG-R,Main Landing Gear Right,Landing Gear,10,44409,28891,821,1246,1,Yes,Pęknięcie strukturalne,Moderate,2,Replaced,20.2,63092,5982
EVT-01639,2025-02-14,EI-DGC,Ryanair,B737-800,4.4,EHRD,EGGW,A-Check,28,STC,FU-TNK-L,Fuel Tank Wing Left,Fuel System,9,12851,8282,1064,30,1,Yes,Wyciek paliwa,Minor,1,Repaired,17.7,4661,12452
EVT-01640,2023-01-29,OO-JBB,TUI fly,B737-800,4.1,EHAM,EGGW,AOG,27,STC,FC-AIL-L,Aileron Left,Flight Controls,7,10674,6829,335,237,2,No,,,0,Inspected OK,1.6,134,7219
EVT-01641,2025-11-01,EI-DLY,Ryanair,B737-800,13.5,EHRD,EGSS,A-Check,28,ALI,FU-TNK-L,Fuel Tank Wing Left,Fuel System,9,39818,28005,2137,108,1,Yes,Korozja wżerowa,Minor,1,Cleaned,4.0,352,8262
EVT-01642,2023-03-24,EI-DGC,Ryanair,B737-800,10.4,EHRD,EGKK,Line Maintenance,72,AD/SB,EN-HPC-1,Engine #1 HP Compressor,Powerplant,7,36548,25274,453,682,2,Yes,Zużycie łopatek,Major,3,Overhauled,52.9,8969,5044
EVT-01643,2023-03-25,LN-NDS,Norwegian,B737-800,12.2,EHEH,EGKK,A-Check,72,STC,EN-FAN-2,Engine #2 Fan Blades,Powerplant,6,37538,24554,350,30,2,Yes,FOD damage,Minor,1,Inspected OK,1.5,308,10079
EVT-01644,2021-12-27,PH-BPX,KLM,B737-800,11.0,EHAM,EGSS,A-Check,53,AD/SB,FS-CRG,Cargo Door,Structure,8,28330,18243,320,774,1,Yes,Korozja wokół zamków,Moderate,2,Repaired,5.8,5413,22291
EVT-01645,2024-06-28,EI-DKD,Ryanair,B737-800,5.2,EHEH,EGSS,AOG,29,ALI,HY-PMP-A,Hydraulic Pump A,Hydraulic,5,13745,11292,723,112,1,No,,,0,Inspected OK,3.4,368,6606
EVT-01646,2018-07-25,OO-JVN,TUI fly,B737-800,14.7,EHEH,EGGW,AOG,32,STC,LG-TIR-N,Nose Tire,Landing Gear,2,47345,25954,163,2143,2,Yes,Zużycie bieżnika,Minor,1,Inspected OK,1.7,384,0
EVT-01647,2022-07-11,EI-DGY,Ryanair,B737-800,4.4,EHEH,EGGW,Daily Inspection,27,STC,FC-AIL-L,Aileron Left,Flight Controls,7,12484,7499,448,30,1,No,,,0,Inspected OK,1.3,174,7874
EVT-01648,2021-07-06,PH-BZZ,KLM,B737-800,7.2,EHEH,EGSS,AOG,30,STC,IR-PIT,Pitot Tube Heater,Ice Protection,9,18335,13539,398,772,1,No,,,0,Inspected OK,2.1,324,4521
EVT-01649,2026-01-05,PH-BPX,KLM,B737-800,10.1,EHRD,EGLL,Daily Inspection,32,STC,LG-MLG-L,Main Landing Gear Left,Landing Gear,10,31563,17367,2845,1723,1,No,,,0,Inspected OK,1.2,368,13468
EVT-01650,2025-08-29,EI-DNJ,Ryanair,B737-800,6.3,EHAM,EGSS,C-Check,72,AD/SB,EN-HPT-1,Engine #1 HP Turbine,Powerplant,5,18736,10411,1691,106,0,Yes,Pęknięcie zmęczeniowe,Minor,1,Cleaned,2.3,949,10335
EVT-01651,2025-01-18,LN-NLP,Norwegian,B737-800,8.1,EHRD,EGKK,C-Check,57,AD/SB,WG-LEA-L,Wing Leading Edge Left,Structure,7,22486,13253,789,1133,2,Yes,Erozja powłok,Minor,1,Inspected OK,0.9,371,8031
EVT-01652,2022-09-07,PH-BUK,KLM,B737-800,2.5,EHEH,EGSS,Line Maintenance,28,AD/SB,FU-TNK-L,Fuel Tank Wing Left,Fuel System,9,8374,4382,354,635,1,Yes,Wyciek paliwa,Minor,1,Repaired,3.2,4195,13411
EVT-01653,2019-04-26,EI-DNJ,Ryanair,B737-800,10.0,EHAM,EGGW,Unscheduled,27,STC,FC-FLP-R,Flap Track Right,Flight Controls,9,23526,18000,50,336,3,Yes,Zużycie rolek,Moderate,2,Repaired,19.8,2618,6431
EVT-01654,2023-07-10,PH-BUK,KLM,B737-800,11.8,EHRD,EGCC,A-Check,21,MPD,AC-PCK-L,Air Conditioning Pack Left,Air Conditioning,7,33856,16044,351,1108,4,Yes,Korozja wewnętrzna,Major,3,Replaced,39.9,46364,1735
EVT-01655,2021-02-01,LN-NDS,Norwegian,B737-800,14.0,EHRD,EGSS,Unscheduled,24,AD/SB,EL-BAT,Main Battery,Electrical,6,35999,32333,634,1714,1,Yes,Korozja zacisków,Moderate,2,Replaced,10.0,11122,1939
EVT-01656,2021-03-07,PH-BRO,KLM,B737-800,14.7,EHAM,EGKK,Unscheduled,27,MPD,FC-AIL-R,Aileron Right,Flight Controls,7,39070,28421,417,30,4,Yes,Zużycie łożysk,Minor,1,Cleaned,2.2,467,2921
EVT-01657,2023-03-27,OO-JVB,TUI fly,B737-800,4.7,EHAM,EGSS,C-Check,32,MPD,LG-TIR-N,Nose Tire,Landing Gear,2,9381,8585,275,988,2,Yes,Uszkodzenie boku,Minor,1,Repaired,11.9,6421,0
EVT-01658,2025-04-17,OO-JHF,TUI fly,B737-800,4.7,EHEH,EGLL,C-Check,32,CMR,LG-MLG-R,Main Landing Gear Right,Landing Gear,10,13668,8144,948,1701,1,Yes,Korozja wżerowa,Major,3,Replaced,29.8,12867,7977
EVT-01659,2023-02-18,EI-DNJ,Ryanair,B737-800,6.9,EHAM,EGKK,C-Check,57,MPD,WG-SPR-L,Wing Spar Left,Structure,9,19420,14980,389,35,2,Yes,Korozja w mokowaniu,Major,3,Replaced,20.6,37113,21290
EVT-01660,2023-09-24,OO-JVB,TUI fly,B737-800,7.7,EHEH,EGSS,Unscheduled,32,ALI,LG-BRK-L,Brake Assembly Left,Landing Gear,8,21456,12456,147,30,2,Yes,Zużycie tarcz,Minor,1,Inspected OK,1.2,216,2490
EVT-01661,2019-04-25,PH-BYZ,KLM,B737-800,13.5,EHEH,EGGW,Daily Inspection,30,STC,IR-PIT,Pitot Tube Heater,Ice Protection,9,35326,28408,1710,33,3,Yes,Korozja styków,Critical,4,Replaced,9.6,34663,0
EVT-01662,2024-07-04,LN-NDS,Norwegian,B737-800,14.0,EHAM,EGKK,Line Maintenance,28,STC,FU-PMP-2,Fuel Boost Pump #2,Fuel System,6,41195,28114,582,509,0,No,,,0,Inspected OK,3.4,404,4471
EVT-01663,2022-01-02,EI-DWF,Ryanair,B737-800,14.1,EHAM,EGKK,A-Check,57,AD/SB,WG-SPR-L,Wing Spar Left,Structure,9,37573,34144,2669,1267,3,No,,,0,Inspected OK,1.9,308,32719
EVT-01664,2023-08-07,PH-BDT,KLM,B737-800,8.2,EHEH,EGKK,A-Check,21,ALI,AC-PCK-L,Air Conditioning Pack Left,Air Conditioning,7,20822,12286,1144,454,0,No,,,0,Inspected OK,1.8,448,8301
EVT-01665,2020-12-06,PH-BMX,KLM,B737-800,5.0,EHAM,EGSS,AOG,32,MPD,LG-TIR-N,Nose Tire,Landing Gear,2,12820,10918,2226,47,2,Yes,Zużycie bieżnika,Moderate,2,Repaired,12.2,6536,0
EVT-01666,2022-04-12,EI-DNJ,Ryanair,B737-800,3.2,EHAM,EGGW,Line Maintenance,53,AD/SB,FS-SKN-AF,Fuselage Skin Aft,Structure,8,8079,5821,449,96,0,Yes,Pęknięcie wokół nita,Minor,1,Cleaned,4.2,190,45636
EVT-01667,2020-04-24,EI-DVJ,Ryanair,B737-800,10.3,EHEH,EGSS,A-Check,32,STC,LG-NLG,Nose Landing Gear,Landing Gear,9,29720,23957,177,465,1,Yes,Wyciek hydrauliczny,Minor,1,Repaired,5.5,6011,13477
EVT-01668,2019-07-31,EI-DGY,Ryanair,B737-800,5.6,EHAM,EGLL,A-Check,72,MPD,EN-HPC-1,Engine #1 HP Compressor,Powerplant,7,18046,11469,522,362,2,No,,,0,Inspected OK,1.5,441,13089
EVT-01669,2024-06-20,PH-BYZ,KLM,B737-800,3.1,EHAM,EGKK,Line Maintenance,27,MPD,FC-AIL-R,Aileron Right,Flight Controls,7,8711,5609,1041,583,5,Yes,Zużycie łożysk,Major,3,Replaced,36.0,25416,2972
EVT-01670,2025-07-14,LN-NLP,Norwegian,B737-800,6.8,EHEH,EGSS,A-Check,72,AD/SB,EN-FAN-2,Engine #2 Fan Blades,Powerplant,6,18562,13856,691,118,4,No,,,0,Inspected OK,3.6,286,12162
EVT-01671,2019-12-22,EI-DDM,Ryanair,B737-800,10.7,EHEH,EGCC,Daily Inspection,53,STC,FS-DOR-PX,Pax Door Frame,Structure,7,28922,22308,51,387,3,No,,,0,Inspected OK,3.2,429,29190
EVT-01672,2024-11-09,LN-NKW,Norwegian,B737-800,12.6,EHRD,EGSS,A-Check,32,AD/SB,LG-BRK-R,Brake Assembly Right,Landing Gear,8,39025,24155,786,723,3,Yes,Wyciek płynu hamulcowego,Moderate,2,Replaced,30.4,60276,1156
EVT-01673,2024-06-08,PH-BUK,KLM,B737-800,10.1,EHRD,EGGW,A-Check,32,MPD,LG-TIR-N,Nose Tire,Landing Gear,2,30040,24241,1707,357,0,Yes,Uszkodzenie boku,Minor,1,Inspected OK,3.5,112,84
EVT-01674,2020-08-09,EI-DNJ,Ryanair,B737-800,10.6,EHRD,EGCC,Unscheduled,36,STC,PN-DUC-L,Bleed Air Duct Left,Pneumatic,6,32568,21024,1386,740,0,No,,,0,Inspected OK,2.8,450,9325
EVT-01675,2022-06-18,OO-JBB,TUI fly,B737-800,8.7,EHAM,EGGW,C-Check,27,STC,FC-FLP-R,Flap Track Right,Flight Controls,9,19552,13080,467,51,5,Yes,Zużycie rolek,Minor,1,Cleaned,5.5,1263,7911
EVT-01676,2022-08-08,PH-BYZ,KLM,B737-800,6.8,EHRD,EGLL,AOG,24,MPD,EL-BAT,Main Battery,Electrical,6,21760,13492,383,34,2,Yes,Korozja zacisków,Major,3,Overhauled,74.5,46294,2051
EVT-01677,2025-11-14,PH-BDZ,KLM,B737-800,7.3,EHEH,EGSS,C-Check,25,AD/SB,EQ-SLI-1,Escape Slide #1,Equipment,4,20014,16203,392,164,1,Yes,Korozja butli CO2,Moderate,2,Repaired,5.2,3340,12768
EVT-01678,2020-01-26,EI-DLY,Ryanair,B737-800,12.4,EHRD,EGCC,AOG,27,MPD,FC-FLP-L,Flap Track Left,Flight Controls,9,36319,28786,50,1807,1,No,,,0,Inspected OK,0.8,311,12222
EVT-01679,2021-01-26,OO-JBB,TUI fly,B737-800,2.1,EHRD,EGKK,AOG,21,CMR,AC-PCK-R,Air Conditioning Pack Right,Air Conditioning,7,6809,3230,94,225,1,No,,,0,Inspected OK,0.7,283,9769
EVT-01680,2022-09-16,EI-DKD,Ryanair,B737-800,4.5,EHAM,EGSS,Unscheduled,24,MPD,EL-GEN-1,Generator #1,Electrical,5,12617,8133,441,1480,6,No,,,0,Inspected OK,1.1,358,6600
EVT-01681,2021-04-25,PH-BKH,KLM,B737-800,4.0,EHRD,EGKK,AOG,57,ALI,WG-SPR-R,Wing Spar Right,Structure,9,11185,7778,1028,410,2,Yes,Korozja w mokowaniu,Minor,1,Inspected OK,3.6,447,43469
EVT-01682,2022-10-12,PH-BPX,KLM,B737-800,4.1,EHRD,EGSS,Line Maintenance,29,AD/SB,HY-LIN-A,Hydraulic Lines System A,Hydraulic,7,10602,8126,334,222,2,Yes,Wyciek na złączach,Moderate,2,Repaired,9.4,5994,8640
EVT-01683,2020-08-17,EI-DLY,Ryanair,B737-800,5.3,EHEH,EGGW,C-Check,32,STC,LG-MLG-L,Main Landing Gear Left,Landing Gear,10,16585,8127,863,793,2,Yes,Korozja naprężeniowa,Major,3,Replaced,30.8,5984,6537
EVT-01684,2020-10-03,EI-DGY,Ryanair,B737-800,13.4,EHRD,EGSS,Unscheduled,53,AD/SB,FS-CRG,Cargo Door,Structure,8,30181,29001,889,789,5,Yes,Korozja zawiasów,Moderate,2,Replaced,14.5,26960,8924
EVT-01685,2025-06-17,EI-DVJ,Ryanair,B737-800,13.8,EHRD,EGCC,Daily Inspection,29,ALI,HY-PMP-A,Hydraulic Pump A,Hydraulic,5,40616,26970,157,51,3,Yes,Zużycie tłoków,Minor,1,Repaired,17.9,1574,3683
EVT-01686,2020-06-09,EI-DGY,Ryanair,B737-800,13.9,EHAM,EGSS,Unscheduled,30,ALI,IR-WAI-L,Wing Anti-Ice Valve Left,Ice Protection,8,43907,24278,54,845,2,Yes,Zakleszczenie zaworu,Moderate,2,Replaced,29.5,21905,2402
EVT-01687,2026-03-12,PH-BYZ,KLM,B737-800,14.8,EHAM,EGCC,A-Check,24,STC,EL-WIR-FW,Wiring Harness FWD,Electrical,8,43366,22541,657,878,4,Yes,Korozja styków elektrycznych,Minor,1,Inspected OK,2.5,374,7412
EVT-01688,2019-04-24,LN-NKW,Norwegian,B737-800,5.8,EHAM,EGSS,Daily Inspection,25,ALI,EQ-SLI-1,Escape Slide #1,Equipment,4,15773,13124,265,121,0,Yes,Degradacja gumy,Minor,1,Repaired,12.7,5757,16953
EVT-01689,2020-07-14,PH-BYZ,KLM,B737-800,7.1,EHEH,EGSS,Line Maintenance,53,ALI,FS-SKN-FW,Fuselage Skin Forward,Structure,8,22064,10704,50,62,4,Yes,Korozja pod powłoką,Major,3,Replaced,31.5,63048,13597
EVT-01690,2025-10-09,PH-BRO,KLM,B737-800,12.2,EHEH,EGKK,Line Maintenance,72,AD/SB,EN-HPC-1,Engine #1 HP Compressor,Powerplant,7,29413,21119,171,534,2,Yes,Korozja gorąca,Minor,1,Cleaned,4.6,519,9018
EVT-01691,2024-03-31,OO-JBV,TUI fly,B737-800,6.2,EHAM,EGSS,AOG,32,CMR,LG-NLG,Nose Landing Gear,Landing Gear,9,16891,11410,302,538,1,Yes,Zużycie amortyzatora,Major,3,Overhauled,72.8,12137,9171
EVT-01692,2025-05-20,LN-NDS,Norwegian,B737-800,8.0,EHAM,EGKK,C-Check,53,MPD,FS-SKN-FW,Fuselage Skin Forward,Structure,8,21081,13179,190,113,0,Yes,Korozja warstwowa,Moderate,2,Repaired,14.4,4136,31959
EVT-01693,2024-12-23,EI-DLY,Ryanair,B737-800,6.3,EHEH,EGLL,C-Check,27,CMR,FC-AIL-R,Aileron Right,Flight Controls,7,16807,10696,1161,218,1,Yes,Zużycie łożysk,Minor,1,Inspected OK,2.8,281,6196
EVT-01694,2025-03-20,PH-BUK,KLM,B737-800,11.1,EHEH,EGGW,A-Check,53,ALI,FS-SKN-AF,Fuselage Skin Aft,Structure,8,31892,21773,135,321,4,Yes,Korozja warstwowa,Major,3,Replaced,19.1,8218,8427
EVT-01695,2023-08-25,PH-BRO,KLM,B737-800,9.9,EHAM,EGLL,AOG,28,ALI,FU-TNK-L,Fuel Tank Wing Left,Fuel System,9,26552,18253,516,1165,1,Yes,Korozja mikrobiologiczna,Minor,1,Inspected OK,2.1,425,9981
EVT-01696,2025-04-18,EI-DGY,Ryanair,B737-800,5.8,EHEH,EGKK,Line Maintenance,29,AD/SB,HY-PMP-A,Hydraulic Pump A,Hydraulic,5,14818,10326,2528,95,2,Yes,Spadek ciśnienia,Minor,1,Cleaned,1.9,1318,4318
EVT-01697,2025-12-01,OO-JBB,TUI fly,B737-800,14.2,EHRD,EGCC,Daily Inspection,32,STC,LG-BRK-R,Brake Assembly Right,Landing Gear,8,47523,23618,561,779,2,Yes,Wyciek płynu hamulcowego,Minor,1,Cleaned,2.1,1408,1123
EVT-01698,2023-09-10,LN-NDS,Norwegian,B737-800,5.3,EHRD,EGLL,Daily Inspection,57,MPD,WG-LEA-L,Wing Leading Edge Left,Structure,7,16651,9438,943,907,1,Yes,Korozja wżerowa,Minor,1,Inspected OK,1.6,319,9457
EVT-01699,2026-03-02,LN-NAQ,Norwegian,B737-800,14.2,EHAM,EGLL,Unscheduled,53,AD/SB,FS-SKN-AF,Fuselage Skin Aft,Structure,8,44358,29435,556,271,3,Yes,Pęknięcie wokół nita,Minor,1,Inspected OK,2.4,325,22526
EVT-01700,2022-01-11,LN-NIR,Norwegian,B737-800,14.3,EHAM,EGSS,C-Check,72,STC,EN-FAN-1,Engine #1 Fan Blades,Powerplant,6,34601,32058,1167,422,4,No,,,0,Inspected OK,1.4,450,9192
EVT-01701,2020-01-17,PH-BDB,KLM,B737-800,9.9,EHAM,EGGW,C-Check,57,CMR,WG-SPR-L,Wing Spar Left,Structure,9,28231,17353,124,420,1,No,,,0,Inspected OK,1.6,126,46761
EVT-01702,2023-09-09,OO-JVN,TUI fly,B737-800,4.8,EHAM,EGCC,Daily Inspection,27,STC,FC-FLP-L,Flap Track Left,Flight Controls,9,13033,8923,325,1099,4,No,,,0,Inspected OK,4.0,423,12502
EVT-01703,2019-02-04,EI-DGC,Ryanair,B737-800,9.2,EHRD,EGSS,Unscheduled,27,AD/SB,FC-ELV-L,Elevator Left,Flight Controls,6,30584,19683,837,36,2,Yes,Korozja wżerowa,Minor,1,Repaired,11.9,894,6674
EVT-01704,2023-11-07,LN-NIR,Norwegian,B737-800,12.8,EHEH,EGLL,AOG,38,CMR,WW-TNK,Potable Water Tank,Water/Waste,9,33444,27198,144,1883,1,Yes,Korozja mikrobiologiczna,Minor,1,Repaired,5.0,5143,7662
EVT-01705,2024-09-12,EI-DKD,Ryanair,B737-800,5.1,EHEH,EGSS,C-Check,32,CMR,LG-TIR-M,Main Tire,Landing Gear,2,12000,8078,1403,30,4,No,,,0,Inspected OK,2.7,270,172
EVT-01706,2025-11-24,OO-JBV,TUI fly,B737-800,10.4,EHRD,EGGW,Unscheduled,27,MPD,FC-RUD,Rudder,Flight Controls,6,32178,19557,1422,740,2,Yes,Korozja warstwowa,Minor,1,Inspected OK,2.6,358,6358
EVT-01707,2022-05-20,OO-JVB,TUI fly,B737-800,6.8,EHAM,EGLL,Unscheduled,36,CMR,PN-DUC-L,Bleed Air Duct Left,Pneumatic,6,18004,10640,730,281,1,Yes,Korozja gorąca,Major,3,Replaced,22.5,63348,5863
EVT-01708,2025-04-28,OO-JVB,TUI fly,B737-800,4.2,EHEH,EGSS,AOG,28,CMR,FU-PMP-2,Fuel Boost Pump #2,Fuel System,6,9726,6773,2997,166,1,No,,,0,Inspected OK,1.7,248,3502
EVT-01709,2021-08-18,PH-BYZ,KLM,B737-800,6.9,EHRD,EGSS,Unscheduled,38,ALI,WW-TNK,Potable Water Tank,Water/Waste,9,18863,10769,136,491,1,No,,,0,Inspected OK,1.3,347,11379
EVT-01710,2025-10-06,LN-NAQ,Norwegian,B737-800,10.8,EHRD,EGLL,AOG,36,STC,PN-DUC-L,Bleed Air Duct Left,Pneumatic,6,31051,20346,109,983,1,No,,,0,Inspected OK,1.8,414,8868
EVT-01711,2019-01-10,OO-JHF,TUI fly,B737-800,6.8,EHEH,EGLL,Daily Inspection,32,MPD,LG-BRK-L,Brake Assembly Left,Landing Gear,8,17112,13200,373,166,3,Yes,Wyciek płynu hamulcowego,Minor,1,Repaired,12.6,2685,1846
EVT-01712,2023-06-03,PH-BPX,KLM,B737-800,10.0,EHAM,EGKK,C-Check,24,MPD,EL-BAT,Main Battery,Electrical,6,30587,22325,404,2806,4,No,,,0,Inspected OK,1.6,398,3138
EVT-01713,2024-04-24,EI-DGC,Ryanair,B737-800,12.1,EHRD,EGGW,AOG,32,ALI,LG-TIR-N,Nose Tire,Landing Gear,2,37563,22618,128,425,4,No,,,0,Inspected OK,3.1,232,0
EVT-01714,2019-03-24,OO-JHF,TUI fly,B737-800,11.1,EHRD,EGKK,Line Maintenance,27,MPD,FC-ELV-L,Elevator Left,Flight Controls,6,35997,24693,635,465,0,No,,,0,Inspected OK,1.9,295,8609
EVT-01715,2021-12-24,EI-DVJ,Ryanair,B737-800,10.3,EHAM,EGSS,AOG,72,AD/SB,EN-HPC-1,Engine #1 HP Compressor,Powerplant,7,31704,19343,1896,1035,2,Yes,Korozja gorąca,Minor,1,Inspected OK,0.7,199,8672
EVT-01716,2024-01-14,PH-BPX,KLM,B737-800,9.8,EHEH,EGSS,A-Check,53,STC,FS-SKN-FW,Fuselage Skin Forward,Structure,8,23936,20080,300,1396,1,Yes,Korozja pod powłoką,Major,3,Replaced,24.6,55438,18702
EVT-01717,2025-01-09,LN-NLP,Norwegian,B737-800,13.5,EHRD,EGCC,A-Check,27,ALI,FC-AIL-L,Aileron Left,Flight Controls,7,29765,23894,997,429,2,Yes,Korozja wżerowa,Major,3,Replaced,38.8,42388,2210
EVT-01718,2018-10-02,PH-BDZ,KLM,B737-800,11.9,EHAM,EGSS,Line Maintenance,32,ALI,LG-BRK-L,Brake Assembly Left,Landing Gear,8,35892,17968,907,373,2,Yes,Zużycie tarcz,Minor,1,Repaired,18.0,6934,1722
EVT-01719,2018-12-20,EI-DGC,Ryanair,B737-800,10.2,EHAM,EGLL,AOG,57,CMR,WG-SPR-L,Wing Spar Left,Structure,9,18613,24765,359,3087,0,No,,,0,Inspected OK,3.8,401,48147
EVT-01720,2022-10-05,PH-BUK,KLM,B737-800,12.8,EHAM,EGSS,Daily Inspection,72,ALI,EN-FAN-1,Engine #1 Fan Blades,Powerplant,6,39084,21639,374,89,5,No,,,0,Inspected OK,1.7,111,9158
EVT-01721,2023-03-15,LN-NDS,Norwegian,B737-800,13.0,EHEH,EGCC,AOG,53,STC,FS-SKN-AF,Fuselage Skin Aft,Structure,8,33457,26323,968,707,1,Yes,Korozja warstwowa,Moderate,2,Repaired,14.9,1618,22201
EVT-01722,2019-08-23,LN-NAQ,Norwegian,B737-800,2.4,EHRD,EGKK,A-Check,25,MPD,EQ-SLI-1,Escape Slide #1,Equipment,4,5880,4871,164,761,2,No,,,0,Inspected OK,1.1,156,19006
EVT-01723,2025-12-04,LN-NIR,Norwegian,B737-800,7.1,EHAM,EGLL,A-Check,24,CMR,EL-BAT,Main Battery,Electrical,6,22442,12514,1071,1557,0,No,,,0,Inspected OK,2.4,96,3273
EVT-01724,2019-10-17,LN-NAQ,Norwegian,B737-800,3.1,EHAM,EGLL,A-Check,24,CMR,EL-BAT,Main Battery,Electrical,6,7534,4818,801,1077,2,Yes,Korozja zacisków,Major,3,Overhauled,93.8,16724,2244
EVT-01725,2025-11-12,LN-NDS,Norwegian,B737-800,10.4,EHRD,EGGW,C-Check,24,ALI,EL-WIR-FW,Wiring Harness FWD,Electrical,8,24382,24054,1190,558,3,Yes,Korozja styków elektrycznych,Major,3,Replaced,22.1,41495,5119
EVT-01726,2024-05-18,LN-NDS,Norwegian,B737-800,10.3,EHAM,EGCC,C-Check,32,STC,LG-TIR-M,Main Tire,Landing Gear,2,33121,19022,2969,777,4,No,,,0,Inspected OK,2.4,332,0
EVT-01727,2023-11-24,OO-JBV,TUI fly,B737-800,7.7,EHRD,EGKK,Unscheduled,29,CMR,HY-RES-A,Hydraulic Reservoir A,Hydraulic,5,24557,14485,1431,1140,3,Yes,Kondensat w układzie,Minor,1,Inspected OK,2.3,113,6979
EVT-01728,2026-02-15,PH-BZZ,KLM,B737-800,9.8,EHEH,EGGW,Line Maintenance,57,MPD,WG-LEA-L,Wing Leading Edge Left,Structure,7,27253,15984,241,1881,7,Yes,Erozja powłok,Moderate,2,Replaced,38.2,35107,4276
EVT-01729,2026-02-04,LN-NLP,Norwegian,B737-800,14.1,EHEH,EGSS,Daily Inspection,32,MPD,LG-BRK-R,Brake Assembly Right,Landing Gear,8,35025,27069,621,566,6,Yes,Korozja siłowników,Minor,1,Inspected OK,3.9,476,827
EVT-01730,2020-01-03,PH-BKH,KLM,B737-800,7.9,EHEH,EGKK,C-Check,32,STC,LG-TIR-M,Main Tire,Landing Gear,2,18552,17018,155,767,1,Yes,Zużycie bieżnika,Critical,4,Replaced,11.6,13133,0
EVT-01731,2023-04-25,OO-JVB,TUI fly,B737-800,9.1,EHEH,EGLL,A-Check,57,ALI,WG-SPR-R,Wing Spar Right,Structure,9,23584,18279,504,264,4,Yes,Korozja warstwowa,Minor,1,Cleaned,2.7,463,28729
EVT-01732,2026-02-23,LN-NLP,Norwegian,B737-800,3.5,EHAM,EGSS,Unscheduled,32,STC,LG-BRK-R,Brake Assembly Right,Landing Gear,8,9495,5986,1501,238,1,No,,,0,Inspected OK,1.8,204,3004
EVT-01733,2025-05-12,LN-NLP,Norwegian,B737-800,9.1,EHRD,EGLL,C-Check,32,AD/SB,LG-NLG,Nose Landing Gear,Landing Gear,9,29010,16935,962,2053,1,No,,,0,Inspected OK,0.6,163,16167
EVT-01734,2026-01-27,PH-BDB,KLM,B737-800,10.7,EHEH,EGCC,A-Check,72,AD/SB,EN-FAN-2,Engine #2 Fan Blades,Powerplant,6,35758,19988,560,1128,5,Yes,FOD damage,Moderate,2,Repaired,7.7,7398,4991
EVT-01735,2020-08-29,PH-BYZ,KLM,B737-800,2.6,EHRD,EGCC,Daily Inspection,57,MPD,WG-SPR-R,Wing Spar Right,Structure,9,7337,3351,319,652,1,No,,,0,Inspected OK,3.2,72,57353
EVT-01736,2022-03-15,OO-JHF,TUI fly,B737-800,10.9,EHRD,EGGW,AOG,28,MPD,FU-PMP-1,Fuel Boost Pump #1,Fuel System,6,29087,15824,114,886,1,No,,,0,Inspected OK,1.5,314,4811
EVT-01737,2025-07-07,EI-DNJ,Ryanair,B737-800,12.3,EHAM,EGLL,Line Maintenance,32,ALI,LG-BRK-L,Brake Assembly Left,Landing Gear,8,32930,18667,322,1293,3,Yes,Zużycie tarcz,Major,3,Replaced,33.1,61182,407
EVT-01738,2024-01-01,PH-BDB,KLM,B737-800,10.2,EHRD,EGGW,Unscheduled,21,ALI,AC-PCK-L,Air Conditioning Pack Left,Air Conditioning,7,31991,14832,1095,139,4,Yes,Korozja wewnętrzna,Minor,1,Inspected OK,0.8,384,4782
EVT-01739,2024-08-02,EI-DGY,Ryanair,B737-800,7.5,EHEH,EGKK,A-Check,72,ALI,EN-FAN-2,Engine #2 Fan Blades,Powerplant,6,21708,15761,124,1639,6,No,,,0,Inspected OK,3.6,443,10265
EVT-01740,2020-02-13,EI-DVJ,Ryanair,B737-800,14.9,EHEH,EGLL,Line Maintenance,32,ALI,LG-TIR-N,Nose Tire,Landing Gear,2,44964,28349,1421,334,1,Yes,Uszkodzenie boku,Minor,1,Repaired,16.9,7897,97
EVT-01741,2019-01-09,LN-NIR,Norwegian,B737-800,7.6,EHAM,EGGW,Line Maintenance,21,AD/SB,AC-PCK-L,Air Conditioning Pack Left,Air Conditioning,7,22297,16664,2569,174,0,Yes,Wyciek wymiennika,Minor,1,Inspected OK,1.4,106,6266
EVT-01742,2024-11-02,PH-BZZ,KLM,B737-800,12.5,EHAM,EGCC,A-Check,57,CMR,WG-SPR-R,Wing Spar Right,Structure,9,34940,22738,2461,195,4,No,,,0,Inspected OK,3.4,444,32398
EVT-01743,2019-08-10,PH-BMX,KLM,B737-800,10.6,EHEH,EGKK,A-Check,21,CMR,AC-PCK-L,Air Conditioning Pack Left,Air Conditioning,7,32253,20924,613,194,3,Yes,Wyciek wymiennika,Moderate,2,Replaced,16.0,75615,4040
EVT-01744,2022-08-10,OO-JVN,TUI fly,B737-800,6.4,EHAM,EGCC,Line Maintenance,53,ALI,FS-CRG,Cargo Door,Structure,8,17670,15293,1629,897,4,No,,,0,Inspected OK,1.0,253,32805
EVT-01745,2019-05-18,PH-BYZ,KLM,B737-800,8.8,EHAM,EGLL,AOG,32,AD/SB,LG-BRK-L,Brake Assembly Left,Landing Gear,8,28074,15554,140,2240,1,No,,,0,Inspected OK,0.7,117,767
EVT-01746,2024-04-28,EI-DUN,Ryanair,B737-800,14.6,EHAM,EGGW,AOG,53,ALI,FS-SKN-FW,Fuselage Skin Forward,Structure,8,33778,25001,214,944,0,Yes,Korozja pod powłoką,Moderate,2,Replaced,22.0,6729,23419
EVT-01747,2025-12-10,LN-NIR,Norwegian,B737-800,9.1,EHRD,EGLL,AOG,21,AD/SB,AC-PCK-L,Air Conditioning Pack Left,Air Conditioning,7,29070,14986,75,1315,1,Yes,Wyciek wymiennika,Minor,1,Cleaned,2.7,1271,7289
EVT-01748,2020-10-01,EI-DDM,Ryanair,B737-800,9.8,EHRD,EGSS,Daily Inspection,21,ALI,AC-PCK-L,Air Conditioning Pack Left,Air Conditioning,7,23812,16388,1060,1692,0,Yes,Kondensat,Critical,4,Replaced,17.8,39749,3196
EVT-01749,2020-01-21,PH-BDT,KLM,B737-800,2.9,EHEH,EGGW,A-Check,24,CMR,EL-BAT,Main Battery,Electrical,6,10852,5401,286,660,2,Yes,Korozja zacisków,Minor,1,Inspected OK,2.2,464,2942
EVT-01750,2021-03-16,PH-BDZ,KLM,B737-800,5.1,EHEH,EGKK,A-Check,27,ALI,FC-FLP-R,Flap Track Right,Flight Controls,9,13742,9267,462,1031,2,Yes,Zużycie rolek,Minor,1,Cleaned,3.3,889,11833
EVT-01751,2024-09-11,PH-BZZ,KLM,B737-800,12.1,EHAM,EGGW,Line Maintenance,72,ALI,EN-FAN-2,Engine #2 Fan Blades,Powerplant,6,33569,28863,350,1005,3,No,,,0,Inspected OK,1.4,209,10405
EVT-01752,2023-07-11,OO-JHF,TUI fly,B737-800,9.0,EHEH,EGGW,AOG,21,CMR,AC-PCK-L,Air Conditioning Pack Left,Air Conditioning,7,25504,17007,50,575,3,No,,,0,Inspected OK,1.3,392,7597
EVT-01753,2024-06-28,EI-DWF,Ryanair,B737-800,8.7,EHEH,EGCC,Unscheduled,32,ALI,LG-BRK-L,Brake Assembly Left,Landing Gear,8,25673,17128,50,355,1,Yes,Wyciek płynu hamulcowego,Minor,1,Inspected OK,2.0,493,2010
EVT-01754,2023-09-21,OO-JVB,TUI fly,B737-800,4.4,EHRD,EGLL,Unscheduled,27,STC,FC-AIL-L,Aileron Left,Flight Controls,7,12152,8468,695,416,1,Yes,Korozja wżerowa,Minor,1,Inspected OK,3.6,361,6479
EVT-01755,2025-07-17,EI-DVJ,Ryanair,B737-800,10.1,EHAM,EGKK,Daily Inspection,57,ALI,WG-SPR-L,Wing Spar Left,Structure,9,29607,18526,448,1009,3,Yes,Korozja w mokowaniu,Minor,1,Inspected OK,1.9,126,30011
EVT-01756,2024-01-22,EI-DMY,Ryanair,B737-800,13.1,EHEH,EGGW,C-Check,32,AD/SB,LG-TIR-N,Nose Tire,Landing Gear,2,38785,20201,556,170,4,Yes,Zużycie bieżnika,Major,3,Replaced,30.8,25800,635
EVT-01757,2024-08-19,EI-DMY,Ryanair,B737-800,4.4,EHRD,EGKK,C-Check,53,ALI,FS-DOR-PX,Pax Door Frame,Structure,7,12138,8489,374,649,2,Yes,Korozja szczelinowa uszczelek,Moderate,2,Replaced,20.5,6133,25598
EVT-01758,2022-12-09,OO-JVN,TUI fly,B737-800,7.3,EHEH,EGGW,C-Check,30,STC,IR-WAI-L,Wing Anti-Ice Valve Left,Ice Protection,8,20103,13987,1516,37,1,Yes,Korozja wewnętrzna,Minor,1,Repaired,9.6,6580,4417
EVT-01759,2021-09-06,PH-BUK,KLM,B737-800,4.2,EHAM,EGKK,Daily Inspection,57,ALI,WG-SPR-L,Wing Spar Left,Structure,9,10168,7470,53,49,4,No,,,0,Inspected OK,3.0,220,45047
EVT-01760,2022-12-19,OO-JBV,TUI fly,B737-800,3.3,EHEH,EGLL,AOG,36,CMR,PN-DUC-L,Bleed Air Duct Left,Pneumatic,6,8659,5912,103,66,4,No,,,0,Inspected OK,1.2,328,9327
EVT-01761,2024-05-17,PH-BDT,KLM,B737-800,14.4,EHEH,EGCC,A-Check,53,ALI,FS-CRG,Cargo Door,Structure,8,40726,30025,2093,243,1,Yes,Korozja wokół zamków,Critical,4,Overhauled,94.0,9068,5482
EVT-01762,2022-06-02,PH-BUK,KLM,B737-800,10.8,EHAM,EGLL,C-Check,53,STC,FS-SKN-FW,Fuselage Skin Forward,Structure,8,35890,17830,158,428,1,No,,,0,Inspected OK,1.2,233,40397
EVT-01763,2025-10-02,OO-JVN,TUI fly,B737-800,13.4,EHEH,EGLL,A-Check,25,CMR,EQ-SLI-1,Escape Slide #1,Equipment,4,30709,22623,128,30,5,No,,,0,Inspected OK,3.6,251,11566
EVT-01764,2019-01-10,OO-JBV,TUI fly,B737-800,2.6,EHAM,EGLL,Daily Inspection,36,AD/SB,PN-DUC-L,Bleed Air Duct Left,Pneumatic,6,7587,4316,145,354,2,Yes,Wyciek,Moderate,2,Replaced,28.6,75289,7829
EVT-01765,2025-11-15,EI-DKD,Ryanair,B737-800,6.2,EHAM,EGKK,Daily Inspection,57,ALI,WG-SPR-R,Wing Spar Right,Structure,9,17399,13609,1163,145,3,Yes,Pęknięcie zmęczeniowe,Major,3,Replaced,32.0,7754,18585
EVT-01766,2026-01-08,OO-JHF,TUI fly,B737-800,11.5,EHAM,EGKK,Line Maintenance,28,CMR,FU-TNK-L,Fuel Tank Wing Left,Fuel System,9,32915,20738,201,516,2,No,,,0,Inspected OK,0.9,345,11430
EVT-01767,2022-06-01,PH-BYZ,KLM,B737-800,14.5,EHRD,EGLL,A-Check,53,STC,FS-SKN-FW,Fuselage Skin Forward,Structure,8,33217,31326,492,202,1,Yes,Korozja pod powłoką,Moderate,2,Repaired,11.5,3562,20797
EVT-01768,2019-01-25,LN-NIR,Norwegian,B737-800,10.0,EHAM,EGSS,AOG,32,CMR,LG-TIR-N,Nose Tire,Landing Gear,2,28414,13426,356,374,1,No,,,0,Inspected OK,2.4,429,120
EVT-01769,2022-03-29,OO-JBB,TUI fly,B737-800,11.5,EHAM,EGKK,AOG,21,ALI,AC-PCK-R,Air Conditioning Pack Right,Air Conditioning,7,33388,25246,2118,353,2,Yes,Korozja wewnętrzna,Minor,1,Repaired,13.6,2995,4706
EVT-01770,2019-05-23,EI-DUN,Ryanair,B737-800,4.1,EHRD,EGLL,Daily Inspection,21,ALI,AC-PCK-R,Air Conditioning Pack Right,Air Conditioning,7,13323,6294,50,1459,5,Yes,Korozja wewnętrzna,Moderate,2,Replaced,14.1,26710,4640
EVT-01771,2024-12-11,OO-JHF,TUI fly,B737-800,11.8,EHAM,EGGW,Unscheduled,24,STC,EL-BAT,Main Battery,Electrical,6,33195,24820,1005,70,2,Yes,Korozja zacisków,Minor,1,Cleaned,1.6,426,2027
EVT-01772,2024-04-22,PH-BKH,KLM,B737-800,13.6,EHRD,EGCC,Unscheduled,24,ALI,EL-BAT,Main Battery,Electrical,6,35518,23602,645,78,2,Yes,Korozja zacisków,Moderate,2,Replaced,20.3,10157,2097
EVT-01773,2021-09-23,EI-DNJ,Ryanair,B737-800,3.7,EHAM,EGLL,Unscheduled,29,CMR,HY-PMP-A,Hydraulic Pump A,Hydraulic,5,11106,7795,1858,161,1,No,,,0,Inspected OK,0.7,371,6171
EVT-01774,2021-04-10,PH-BMX,KLM,B737-800,14.1,EHRD,EGKK,AOG,53,AD/SB,FS-SKN-AF,Fuselage Skin Aft,Structure,8,29822,31266,253,1401,5,Yes,Korozja pod powłoką,Minor,1,Repaired,14.5,5931,16435
EVT-01775,2021-04-09,PH-BZZ,KLM,B737-800,10.4,EHAM,EGCC,Daily Inspection,27,MPD,FC-FLP-L,Flap Track Left,Flight Controls,9,29205,20596,253,690,2,No,,,0,Inspected OK,0.6,201,12123
EVT-01776,2022-09-20,LN-NAQ,Norwegian,B737-800,6.4,EHEH,EGKK,Unscheduled,28,MPD,FU-TNK-L,Fuel Tank Wing Left,Fuel System,9,18229,14572,2449,2539,2,Yes,Korozja mikrobiologiczna,Moderate,2,Replaced,31.9,53205,7660
EVT-01777,2021-10-19,PH-BPX,KLM,B737-800,13.1,EHEH,EGGW,C-Check,29,CMR,HY-PMP-A,Hydraulic Pump A,Hydraulic,5,36870,19448,110,1231,2,Yes,Spadek ciśnienia,Minor,1,Inspected OK,2.3,272,4299
EVT-01778,2025-03-29,OO-JBB,TUI fly,B737-800,13.7,EHAM,EGLL,C-Check,28,STC,FU-TNK-R,Fuel Tank Wing Right,Fuel System,9,36259,27915,359,123,3,Yes,Wyciek paliwa,Major,3,Replaced,24.8,15420,1858
EVT-01779,2021-06-27,LN-NDS,Norwegian,B737-800,4.2,EHAM,EGKK,Unscheduled,24,ALI,EL-BAT,Main Battery,Electrical,6,14536,8643,4185,3323,1,Yes,Spadek pojemności,Major,3,Replaced,33.6,35539,769
EVT-01780,2022-05-29,LN-NIR,Norwegian,B737-800,4.5,EHEH,EGCC,AOG,32,MPD,LG-MLG-L,Main Landing Gear Left,Landing Gear,10,13283,8100,127,265,1,Yes,Korozja naprężeniowa,Moderate,2,Repaired,5.6,1700,11005
EVT-01781,2023-07-19,LN-NDS,Norwegian,B737-800,2.1,EHAM,EGKK,Unscheduled,27,ALI,FC-ELV-L,Elevator Left,Flight Controls,6,5702,3853,1972,1282,0,Yes,Korozja wżerowa,Minor,1,Repaired,16.1,4360,8391
EVT-01782,2026-01-05,EI-DLY,Ryanair,B737-800,8.9,EHRD,EGSS,Unscheduled,72,MPD,EN-HPC-1,Engine #1 HP Compressor,Powerplant,7,28211,15699,477,1525,1,No,,,0,Inspected OK,1.9,237,12670
EVT-01783,2026-02-18,OO-JBB,TUI fly,B737-800,4.3,EHRD,EGSS,Unscheduled,72,STC,EN-HPC-1,Engine #1 HP Compressor,Powerplant,7,12159,8636,807,749,2,Yes,Zużycie łopatek,Minor,1,Inspected OK,3.1,498,11484
EVT-01784,2022-12-29,OO-JHF,TUI fly,B737-800,4.0,EHAM,EGCC,C-Check,72,ALI,EN-HPT-1,Engine #1 HP Turbine,Powerplant,5,11927,8092,2419,98,2,No,,,0,Inspected OK,3.4,393,11049
EVT-01785,2019-11-23,EI-DWF,Ryanair,B737-800,12.1,EHEH,EGKK,Unscheduled,27,MPD,FC-FLP-R,Flap Track Right,Flight Controls,9,37073,20270,641,225,2,Yes,Zużycie rolek,Minor,1,Inspected OK,1.3,201,9323
EVT-01786,2025-05-18,EI-DVJ,Ryanair,B737-800,13.3,EHAM,EGGW,Unscheduled,57,AD/SB,WG-SPR-R,Wing Spar Right,Structure,9,42370,26294,50,2547,5,Yes,Korozja warstwowa,Moderate,2,Repaired,6.8,7606,9320
EVT-01787,2019-04-13,PH-BMX,KLM,B737-800,11.3,EHRD,EGKK,C-Check,32,AD/SB,LG-TIR-M,Main Tire,Landing Gear,2,31737,20608,62,202,0,Yes,Zużycie bieżnika,Critical,4,Overhauled,92.2,36910,94
EVT-01788,2022-01-26,OO-JHF,TUI fly,B737-800,4.8,EHRD,EGSS,A-Check,30,STC,IR-WAI-L,Wing Anti-Ice Valve Left,Ice Protection,8,14965,9132,814,515,5,Yes,Zakleszczenie zaworu,Critical,4,Overhauled,72.0,16385,832
EVT-01789,2024-11-06,EI-DLY,Ryanair,B737-800,3.9,EHRD,EGCC,Unscheduled,28,AD/SB,FU-PMP-1,Fuel Boost Pump #1,Fuel System,6,12969,8212,4712,30,0,No,,,0,Inspected OK,3.4,429,2447
EVT-01790,2022-10-08,PH-BRO,KLM,B737-800,6.2,EHRD,EGGW,A-Check,30,CMR,IR-WAI-L,Wing Anti-Ice Valve Left,Ice Protection,8,16010,12525,311,55,0,No,,,0,Inspected OK,3.5,378,6419
EVT-01791,2025-12-07,PH-BUK,KLM,B737-800,13.5,EHEH,EGCC,Daily Inspection,72,STC,EN-HPC-1,Engine #1 HP Compressor,Powerplant,7,33628,29956,382,1903,0,Yes,Zużycie łopatek,Minor,1,Cleaned,1.2,1139,9906
EVT-01792,2022-03-18,EI-DWF,Ryanair,B737-800,11.3,EHAM,EGKK,AOG,30,AD/SB,IR-WAI-L,Wing Anti-Ice Valve Left,Ice Protection,8,35183,24902,983,459,2,Yes,Korozja wewnętrzna,Moderate,2,Replaced,31.5,49185,2445
EVT-01793,2021-02-08,PH-BKH,KLM,B737-800,2.7,EHRD,EGLL,C-Check,72,CMR,EN-FAN-2,Engine #2 Fan Blades,Powerplant,6,8436,5220,1714,353,2,Yes,Korozja wżerowa,Minor,1,Inspected OK,0.9,324,13107
EVT-01794,2026-05-07,EI-DNJ,Ryanair,B737-800,14.4,EHEH,EGKK,C-Check,53,AD/SB,FS-SKN-FW,Fuselage Skin Forward,Structure,8,41358,29786,345,278,4,No,,,0,Inspected OK,1.5,116,26993
EVT-01795,2024-07-10,EI-DVJ,Ryanair,B737-800,14.6,EHAM,EGSS,C-Check,27,AD/SB,FC-AIL-R,Aileron Right,Flight Controls,7,41176,20914,335,504,0,Yes,Pęknięcie zmęczeniowe,Minor,1,Inspected OK,2.4,240,4750
EVT-01796,2020-12-12,LN-NDS,Norwegian,B737-800,11.9,EHRD,EGKK,Unscheduled,27,STC,FC-RUD,Rudder,Flight Controls,6,33926,24162,163,686,3,Yes,Erozja krawędzi natarcia,Moderate,2,Replaced,23.8,39276,4420
EVT-01797,2025-12-10,LN-NIR,Norwegian,B737-800,5.1,EHAM,EGLL,Daily Inspection,24,STC,EL-BAT,Main Battery,Electrical,6,14245,9439,368,664,1,Yes,Spadek pojemności,Moderate,2,Repaired,10.7,6378,2663
EVT-01798,2024-10-25,LN-NDS,Norwegian,B737-800,3.1,EHRD,EGKK,C-Check,28,ALI,FU-PMP-1,Fuel Boost Pump #1,Fuel System,6,6898,5550,990,1296,2,Yes,Korozja styków elektrycznych,Minor,1,Cleaned,2.1,429,4113
EVT-01799,2024-06-02,PH-BUK,KLM,B737-800,3.9,EHEH,EGLL,A-Check,27,STC,FC-FLP-R,Flap Track Right,Flight Controls,9,11791,7292,590,127,1,Yes,Korozja galwaniczna,Major,3,Overhauled,51.4,31718,8514
EVT-01800,2022-12-10,EI-DGY,Ryanair,B737-800,10.5,EHAM,EGLL,AOG,32,AD/SB,LG-TIR-M,Main Tire,Landing Gear,2,35844,19455,50,173,0,No,,,0,Inspected OK,1.7,397,99
EVT-01801,2018-07-14,EI-DLY,Ryanair,B737-800,14.9,EHEH,EGLL,C-Check,27,CMR,FC-AIL-L,Aileron Left,Flight Controls,7,45184,33939,1531,198,3,Yes,Zużycie łożysk,Moderate,2,Repaired,8.4,1337,2242
EVT-01802,2022-09-09,OO-JBV,TUI fly,B737-800,11.5,EHEH,EGGW,Line Maintenance,27,CMR,FC-ELV-L,Elevator Left,Flight Controls,6,29133,23920,331,79,3,Yes,Korozja wżerowa,Minor,1,Inspected OK,3.9,130,5499
EVT-01803,2024-08-16,LN-NLP,Norwegian,B737-800,9.9,EHRD,EGLL,C-Check,32,AD/SB,LG-NLG,Nose Landing Gear,Landing Gear,9,22929,18981,2154,2394,2,Yes,Korozja wżerowa,Minor,1,Repaired,18.5,3815,11408
EVT-01804,2020-06-13,EI-DVJ,Ryanair,B737-800,11.4,EHAM,EGKK,AOG,27,AD/SB,FC-RUD,Rudder,Flight Controls,6,30952,18817,456,598,2,Yes,Erozja krawędzi natarcia,Moderate,2,Replaced,33.7,71700,5183
EVT-01805,2022-01-28,PH-BKH,KLM,B737-800,4.5,EHRD,EGCC,AOG,27,MPD,FC-RUD,Rudder,Flight Controls,6,10309,8953,5810,534,3,Yes,Korozja warstwowa,Moderate,2,Repaired,18.2,5734,4039
EVT-01806,2023-11-25,LN-NDS,Norwegian,B737-800,3.3,EHRD,EGLL,AOG,32,STC,LG-BRK-L,Brake Assembly Left,Landing Gear,8,8121,4789,1071,811,3,Yes,Wyciek płynu hamulcowego,Moderate,2,Repaired,16.4,2343,1039
EVT-01807,2025-10-25,PH-BPX,KLM,B737-800,5.7,EHRD,EGGW,A-Check,32,MPD,LG-NLG,Nose Landing Gear,Landing Gear,9,17402,10329,50,430,2,Yes,Wyciek hydrauliczny,Minor,1,Repaired,6.3,7991,14537
EVT-01808,2024-12-11,EI-DKD,Ryanair,B737-800,9.4,EHAM,EGKK,Line Maintenance,28,MPD,FU-TNK-L,Fuel Tank Wing Left,Fuel System,9,26790,18916,435,1300,2,Yes,Wyciek paliwa,Moderate,2,Repaired,18.0,4001,6957
EVT-01809,2020-08-09,PH-BRO,KLM,B737-800,7.5,EHRD,EGKK,C-Check,32,MPD,LG-BRK-L,Brake Assembly Left,Landing Gear,8,20982,15688,947,43,2,Yes,Korozja siłowników,Moderate,2,Replaced,36.5,32619,1463
EVT-01810,2020-12-22,EI-DGC,Ryanair,B737-800,11.7,EHRD,EGLL,Daily Inspection,28,ALI,FU-PMP-2,Fuel Boost Pump #2,Fuel System,6,29201,21033,715,394,4,Yes,Zużycie wirnika,Critical,4,Overhauled,65.0,11134,517
EVT-01811,2021-06-15,OO-JVB,TUI fly,B737-800,9.2,EHRD,EGLL,Line Maintenance,32,CMR,LG-BRK-R,Brake Assembly Right,Landing Gear,8,22460,15956,1015,404,2,Yes,Zużycie tarcz,Moderate,2,Repaired,18.4,4918,1419
EVT-01812,2020-03-08,EI-DWF,Ryanair,B737-800,5.0,EHRD,EGCC,Daily Inspection,30,AD/SB,IR-PIT,Pitot Tube Heater,Ice Protection,9,14780,10520,135,107,0,Yes,Awaria grzałki,Moderate,2,Repaired,8.4,4209,3677
EVT-01813,2019-03-13,EI-DUN,Ryanair,B737-800,4.9,EHRD,EGLL,C-Check,25,MPD,EQ-SLI-1,Escape Slide #1,Equipment,4,15095,10651,183,36,4,No,,,0,Inspected OK,2.6,73,16146
EVT-01814,2021-12-06,OO-JVN,TUI fly,B737-800,6.7,EHRD,EGSS,Unscheduled,32,CMR,LG-MLG-R,Main Landing Gear Right,Landing Gear,10,16850,15004,151,558,4,No,,,0,Inspected OK,1.5,414,12348
EVT-01815,2019-06-19,EI-DGC,Ryanair,B737-800,6.0,EHRD,EGCC,Line Maintenance,53,AD/SB,FS-CRG,Cargo Door,Structure,8,15739,10080,162,672,3,Yes,Korozja wokół zamków,Moderate,2,Replaced,21.0,49161,22610
EVT-01816,2024-04-17,PH-BPX,KLM,B737-800,12.9,EHAM,EGLL,AOG,28,MPD,FU-PMP-1,Fuel Boost Pump #1,Fuel System,6,39541,23483,416,154,2,Yes,Korozja styków elektrycznych,Minor,1,Cleaned,3.4,1065,3169
EVT-01817,2026-01-14,LN-NLP,Norwegian,B737-800,2.5,EHAM,EGGW,Line Maintenance,32,STC,LG-MLG-R,Main Landing Gear Right,Landing Gear,10,7224,5491,126,211,2,Yes,Pęknięcie strukturalne,Moderate,2,Repaired,10.6,7013,11619
EVT-01818,2024-08-30,PH-BMX,KLM,B737-800,7.5,EHRD,EGLL,C-Check,27,ALI,FC-FLP-R,Flap Track Right,Flight Controls,9,21826,14087,2887,47,0,Yes,Korozja szczelinowa,Moderate,2,Replaced,20.2,50082,11124
EVT-01819,2026-03-21,LN-NLP,Norwegian,B737-800,14.7,EHAM,EGGW,Line Maintenance,27,MPD,FC-AIL-R,Aileron Right,Flight Controls,7,39330,36290,106,112,5,Yes,Pęknięcie zmęczeniowe,Minor,1,Inspected OK,2.4,58,3265
EVT-01820,2024-08-11,OO-JBV,TUI fly,B737-800,11.3,EHEH,EGCC,Line Maintenance,28,STC,FU-PMP-1,Fuel Boost Pump #1,Fuel System,6,29459,23431,2053,60,2,Yes,Zużycie wirnika,Major,3,Replaced,34.7,33548,1211
EVT-01821,2018-10-02,EI-DNJ,Ryanair,B737-800,3.5,EHRD,EGSS,AOG,32,STC,LG-TIR-M,Main Tire,Landing Gear,2,9691,6195,1013,136,2,Yes,Zużycie bieżnika,Moderate,2,Repaired,10.9,3224,456
EVT-01822,2022-07-14,OO-JVN,TUI fly,B737-800,7.6,EHAM,EGCC,C-Check,72,AD/SB,EN-FAN-2,Engine #2 Fan Blades,Powerplant,6,23306,14893,445,298,1,Yes,Erozja,Minor,1,Inspected OK,2.4,197,12214
EVT-01823,2025-12-19,LN-NKW,Norwegian,B737-800,12.7,EHRD,EGCC,Line Maintenance,36,CMR,PN-DUC-L,Bleed Air Duct Left,Pneumatic,6,35205,20817,50,308,0,No,,,0,Inspected OK,2.2,246,9351
EVT-01824,2019-11-25,PH-BYZ,KLM,B737-800,6.6,EHRD,EGLL,A-Check,72,MPD,EN-FAN-1,Engine #1 Fan Blades,Powerplant,6,19095,14056,108,32,3,Yes,Erozja,Major,3,Replaced,23.9,37776,6299
EVT-01825,2025-06-07,LN-NLP,Norwegian,B737-800,7.5,EHAM,EGLL,A-Check,29,CMR,HY-RES-A,Hydraulic Reservoir A,Hydraulic,5,20983,9595,601,706,2,Yes,Kondensat w układzie,Moderate,2,Repaired,10.7,7205,6981
EVT-01826,2023-02-23,EI-DDM,Ryanair,B737-800,8.1,EHAM,EGLL,Unscheduled,30,STC,IR-PIT,Pitot Tube Heater,Ice Protection,9,17284,16637,987,2124,2,No,,,0,Inspected OK,0.7,310,3672
EVT-01827,2021-05-27,PH-BKH,KLM,B737-800,12.0,EHAM,EGLL,Daily Inspection,30,AD/SB,IR-PIT,Pitot Tube Heater,Ice Protection,9,33432,23620,190,442,4,Yes,Awaria grzałki,Moderate,2,Replaced,19.9,34591,1127
EVT-01828,2021-05-28,PH-BZZ,KLM,B737-800,9.9,EHRD,EGSS,AOG,27,CMR,FC-RUD,Rudder,Flight Controls,6,24145,19387,363,1271,1,Yes,Erozja krawędzi natarcia,Moderate,2,Replaced,39.6,58251,6003
EVT-01829,2020-06-16,PH-BDB,KLM,B737-800,2.8,EHRD,EGSS,AOG,25,STC,EQ-SLI-1,Escape Slide #1,Equipment,4,5821,5630,584,235,1,Yes,Korozja butli CO2,Moderate,2,Replaced,8.6,46452,14198
EVT-01830,2025-10-08,PH-BDB,KLM,B737-800,14.4,EHRD,EGGW,AOG,32,STC,LG-MLG-L,Main Landing Gear Left,Landing Gear,10,43682,21258,60,1342,1,Yes,Korozja wżerowa,Minor,1,Cleaned,3.6,796,9317
EVT-01831,2020-05-28,PH-BYZ,KLM,B737-800,4.3,EHEH,EGSS,AOG,28,STC,FU-PMP-1,Fuel Boost Pump #1,Fuel System,6,12232,7509,1321,829,2,Yes,Zużycie wirnika,Minor,1,Inspected OK,1.4,397,4301
EVT-01832,2026-05-18,EI-DKD,Ryanair,B737-800,14.9,EHAM,EGGW,Unscheduled,30,AD/SB,IR-PIT,Pitot Tube Heater,Ice Protection,9,40116,27891,749,405,3,Yes,Korozja styków,Minor,1,Repaired,12.2,3078,1903
EVT-01833,2024-11-17,PH-BKH,KLM,B737-800,2.7,EHRD,EGLL,C-Check,27,MPD,FC-AIL-R,Aileron Right,Flight Controls,7,8485,4773,551,303,4,Yes,Zużycie łożysk,Major,3,Replaced,29.7,66997,3361
EVT-01834,2020-01-13,PH-BKH,KLM,B737-800,5.4,EHEH,EGLL,C-Check,25,STC,EQ-SLI-1,Escape Slide #1,Equipment,4,14797,10703,2843,230,1,No,,,0,Inspected OK,1.9,121,16274
EVT-01835,2023-10-02,PH-BPX,KLM,B737-800,9.7,EHEH,EGGW,C-Check,38,MPD,WW-TNK,Potable Water Tank,Water/Waste,9,31418,19316,1567,724,0,No,,,0,Inspected OK,0.7,288,10195
EVT-01836,2022-11-01,OO-JVB,TUI fly,B737-800,11.5,EHEH,EGSS,A-Check,27,MPD,FC-FLP-R,Flap Track Right,Flight Controls,9,30186,24322,50,1109,4,Yes,Korozja galwaniczna,Moderate,2,Replaced,39.8,63011,4386
EVT-01837,2026-04-28,EI-DWF,Ryanair,B737-800,6.0,EHEH,EGSS,Unscheduled,21,AD/SB,AC-PCK-L,Air Conditioning Pack Left,Air Conditioning,7,15304,13433,631,636,2,Yes,Wyciek wymiennika,Minor,1,Repaired,7.4,2042,6640
EVT-01838,2022-05-02,PH-BZZ,KLM,B737-800,6.9,EHEH,EGKK,A-Check,30,MPD,IR-WAI-L,Wing Anti-Ice Valve Left,Ice Protection,8,15286,12497,544,39,3,No,,,0,Inspected OK,2.6,288,4772
EVT-01839,2023-07-25,EI-DLY,Ryanair,B737-800,7.4,EHAM,EGGW,AOG,28,MPD,FU-PMP-2,Fuel Boost Pump #2,Fuel System,6,23219,14509,134,30,1,Yes,Zużycie wirnika,Major,3,Replaced,16.7,52147,2870
EVT-01840,2025-07-29,EI-DNJ,Ryanair,B737-800,3.2,EHAM,EGKK,AOG,29,CMR,HY-LIN-A,Hydraulic Lines System A,Hydraulic,7,8467,5884,195,67,0,No,,,0,Inspected OK,0.7,89,14700
EVT-01841,2021-09-11,EI-DVJ,Ryanair,B737-800,4.1,EHEH,EGGW,Unscheduled,30,MPD,IR-PIT,Pitot Tube Heater,Ice Protection,9,9227,7077,980,1225,2,Yes,Korozja styków,Minor,1,Repaired,4.5,6865,3199
EVT-01842,2025-02-06,LN-NDS,Norwegian,B737-800,6.6,EHRD,EGLL,AOG,29,CMR,HY-RES-A,Hydraulic Reservoir A,Hydraulic,5,21234,10661,1641,1394,1,No,,,0,Inspected OK,2.5,380,9920
EVT-01843,2021-01-08,LN-NIR,Norwegian,B737-800,2.6,EHEH,EGKK,C-Check,32,CMR,LG-MLG-R,Main Landing Gear Right,Landing Gear,10,7389,4513,2443,182,4,No,,,0,Inspected OK,1.4,372,14927
EVT-01844,2025-01-09,LN-NKW,Norwegian,B737-800,11.0,EHAM,EGGW,AOG,29,CMR,HY-PMP-A,Hydraulic Pump A,Hydraulic,5,32951,19504,146,57,4,Yes,Spadek ciśnienia,Moderate,2,Replaced,16.9,17229,3245
EVT-01845,2021-02-16,EI-DWF,Ryanair,B737-800,2.6,EHRD,EGCC,AOG,32,CMR,LG-TIR-N,Nose Tire,Landing Gear,2,5061,4032,590,1832,2,No,,,0,Inspected OK,2.3,284,0
EVT-01846,2022-05-23,EI-DDM,Ryanair,B737-800,11.4,EHRD,EGLL,Daily Inspection,57,CMR,WG-SPR-L,Wing Spar Left,Structure,9,35299,23381,1866,107,0,No,,,0,Inspected OK,3.1,172,48318
EVT-01847,2024-03-23,EI-DGY,Ryanair,B737-800,2.8,EHAM,EGCC,AOG,24,AD/SB,EL-BAT,Main Battery,Electrical,6,9085,5976,310,1012,4,Yes,Korozja zacisków,Minor,1,Cleaned,3.2,1345,2858
EVT-01848,2020-07-28,LN-NIR,Norwegian,B737-800,9.1,EHEH,EGSS,C-Check,25,ALI,EQ-SLI-1,Escape Slide #1,Equipment,4,24951,19982,317,248,3,Yes,Degradacja gumy,Minor,1,Repaired,19.1,4936,12525
EVT-01849,2022-08-11,LN-NIR,Norwegian,B737-800,14.8,EHRD,EGSS,AOG,27,MPD,FC-RUD,Rudder,Flight Controls,6,40153,28797,542,1387,1,Yes,Korozja warstwowa,Critical,4,Overhauled,33.8,38659,1822
EVT-01850,2026-04-22,PH-BZZ,KLM,B737-800,12.8,EHEH,EGKK,Daily Inspection,72,ALI,EN-FAN-1,Engine #1 Fan Blades,Powerplant,6,28859,22654,870,394,2,Yes,Erozja,Minor,1,Cleaned,4.5,422,9133
EVT-01851,2026-05-19,OO-JVB,TUI fly,B737-800,13.4,EHAM,EGKK,C-Check,25,CMR,EQ-SLI-1,Escape Slide #1,Equipment,4,35725,25186,116,231,4,No,,,0,Inspected OK,1.6,196,12205
EVT-01852,2023-11-11,EI-DDM,Ryanair,B737-800,4.4,EHAM,EGGW,Daily Inspection,57,MPD,WG-LEA-L,Wing Leading Edge Left,Structure,7,10804,8754,389,96,0,Yes,Korozja wżerowa,Minor,1,Inspected OK,1.3,98,11262
EVT-01853,2025-01-19,LN-NLP,Norwegian,B737-800,11.8,EHRD,EGCC,Unscheduled,32,MPD,LG-BRK-R,Brake Assembly Right,Landing Gear,8,31926,23103,1030,292,0,Yes,Korozja siłowników,Minor,1,Cleaned,2.2,1352,1947
EVT-01854,2022-12-28,PH-BKH,KLM,B737-800,5.6,EHRD,EGGW,A-Check,32,CMR,LG-TIR-M,Main Tire,Landing Gear,2,17834,11803,273,38,2,No,,,0,Inspected OK,2.3,459,478
EVT-01855,2022-11-27,OO-JBV,TUI fly,B737-800,12.0,EHEH,EGSS,Unscheduled,72,MPD,EN-HPT-1,Engine #1 HP Turbine,Powerplant,5,27130,28041,1090,2025,1,Yes,Korozja gorąca,Moderate,2,Repaired,10.4,4927,6984
EVT-01856,2025-01-14,EI-DKD,Ryanair,B737-800,9.2,EHEH,EGLL,C-Check,57,STC,WG-SPR-R,Wing Spar Right,Structure,9,27485,19379,2019,333,2,Yes,Korozja warstwowa,Minor,1,Repaired,13.1,3823,35650
EVT-01857,2024-07-15,EI-DGC,Ryanair,B737-800,10.1,EHEH,EGGW,AOG,38,ALI,WW-TNK,Potable Water Tank,Water/Waste,9,27960,16165,939,963,1,No,,,0,Inspected OK,1.9,363,10218
EVT-01858,2023-08-13,EI-DDM,Ryanair,B737-800,14.7,EHRD,EGSS,Daily Inspection,38,MPD,WW-TNK,Potable Water Tank,Water/Waste,9,39352,21969,1272,52,1,Yes,Korozja wżerowa,Minor,1,Inspected OK,0.7,276,6470
EVT-01859,2020-03-27,PH-BUK,KLM,B737-800,5.4,EHEH,EGKK,Unscheduled,53,ALI,FS-SKN-FW,Fuselage Skin Forward,Structure,8,18163,10254,1092,780,3,Yes,Pęknięcie wokół nita,Minor,1,Cleaned,2.0,1368,33339
EVT-01860,2020-09-01,PH-BDB,KLM,B737-800,10.9,EHEH,EGLL,Daily Inspection,32,MPD,LG-TIR-N,Nose Tire,Landing Gear,2,30933,20346,271,590,0,Yes,Uszkodzenie boku,Minor,1,Repaired,18.0,6765,0
EVT-01861,2025-10-25,LN-NKW,Norwegian,B737-800,7.5,EHEH,EGGW,C-Check,27,CMR,FC-FLP-L,Flap Track Left,Flight Controls,9,19724,18136,2161,1065,3,Yes,Korozja szczelinowa,Major,3,Replaced,10.5,31801,4609
EVT-01862,2019-12-24,EI-DVJ,Ryanair,B737-800,14.7,EHRD,EGCC,AOG,53,MPD,FS-SKN-FW,Fuselage Skin Forward,Structure,8,32299,28688,2638,486,1,Yes,Korozja pod powłoką,Moderate,2,Replaced,30.2,10299,20442
EVT-01863,2021-03-26,PH-BDZ,KLM,B737-800,2.6,EHRD,EGSS,AOG,57,STC,WG-SPR-L,Wing Spar Left,Structure,9,8026,4144,297,30,2,Yes,Korozja w mokowaniu,Moderate,2,Repaired,6.0,6374,36556
EVT-01864,2018-11-30,EI-DNJ,Ryanair,B737-800,14.0,EHEH,EGCC,Unscheduled,32,ALI,LG-TIR-N,Nose Tire,Landing Gear,2,38300,30164,152,407,4,No,,,0,Inspected OK,2.2,447,0
EVT-01865,2025-12-02,EI-DNJ,Ryanair,B737-800,8.5,EHRD,EGCC,Line Maintenance,38,STC,WW-TNK,Potable Water Tank,Water/Waste,9,25437,13414,240,126,2,Yes,Korozja wżerowa,Minor,1,Cleaned,5.7,1044,8243
EVT-01866,2024-02-22,PH-BPX,KLM,B737-800,9.0,EHRD,EGKK,C-Check,24,ALI,EL-GEN-1,Generator #1,Electrical,5,21058,15786,254,363,4,Yes,Korozja styków,Moderate,2,Replaced,9.5,16219,4241
EVT-01867,2022-09-15,OO-JBB,TUI fly,B737-800,3.7,EHRD,EGCC,Line Maintenance,36,CMR,PN-DUC-L,Bleed Air Duct Left,Pneumatic,6,9285,6749,1636,30,1,No,,,0,Inspected OK,3.7,487,10358
EVT-01868,2024-12-03,EI-DVJ,Ryanair,B737-800,12.0,EHEH,EGCC,AOG,32,ALI,LG-NLG,Nose Landing Gear,Landing Gear,9,35441,18029,172,151,1,Yes,Zużycie amortyzatora,Minor,1,Repaired,3.9,5178,12778
EVT-01869,2020-09-11,PH-BKH,KLM,B737-800,2.1,EHRD,EGKK,C-Check,53,MPD,FS-DOR-PX,Pax Door Frame,Structure,7,6750,4613,372,983,1,No,,,0,Inspected OK,2.2,115,41815
EVT-01870,2025-12-19,LN-NDS,Norwegian,B737-800,4.4,EHRD,EGGW,Line Maintenance,32,CMR,LG-TIR-N,Nose Tire,Landing Gear,2,11516,7915,1222,667,1,No,,,0,Inspected OK,1.3,71,0
EVT-01871,2019-10-29,EI-DVJ,Ryanair,B737-800,11.9,EHAM,EGCC,Unscheduled,29,MPD,HY-LIN-A,Hydraulic Lines System A,Hydraulic,7,30722,18979,1432,273,4,Yes,Wyciek na złączach,Minor,1,Cleaned,5.1,1012,6224
EVT-01872,2021-09-21,EI-DWF,Ryanair,B737-800,8.5,EHEH,EGSS,Unscheduled,27,CMR,FC-FLP-R,Flap Track Right,Flight Controls,9,26304,13056,58,460,5,No,,,0,Inspected OK,0.6,103,10135
EVT-01873,2021-02-25,OO-JVB,TUI fly,B737-800,13.8,EHRD,EGGW,Unscheduled,27,CMR,FC-ELV-L,Elevator Left,Flight Controls,6,34311,22781,1259,1665,2,Yes,Korozja wżerowa,Minor,1,Inspected OK,3.3,224,4909
EVT-01874,2026-01-06,LN-NLP,Norwegian,B737-800,13.4,EHAM,EGCC,Line Maintenance,21,AD/SB,AC-PCK-R,Air Conditioning Pack Right,Air Conditioning,7,38131,24143,1390,243,2,Yes,Kondensat,Major,3,Replaced,38.3,48020,2575
EVT-01875,2020-03-23,EI-DVJ,Ryanair,B737-800,4.1,EHAM,EGKK,Unscheduled,57,MPD,WG-LEA-L,Wing Leading Edge Left,Structure,7,13010,7819,1606,443,1,No,,,0,Inspected OK,1.7,258,11221
EVT-01876,2021-06-28,PH-BDB,KLM,B737-800,8.9,EHRD,EGSS,Unscheduled,32,CMR,LG-BRK-R,Brake Assembly Right,Landing Gear,8,22455,14825,1383,540,3,Yes,Korozja siłowników,Minor,1,Repaired,8.7,6871,1107
EVT-01877,2023-08-15,EI-DLY,Ryanair,B737-800,9.2,EHEH,EGKK,Daily Inspection,21,STC,AC-PCK-L,Air Conditioning Pack Left,Air Conditioning,7,26468,19189,205,148,3,No,,,0,Inspected OK,3.3,283,7224
EVT-01878,2024-06-22,PH-BUK,KLM,B737-800,3.7,EHEH,EGKK,AOG,24,STC,EL-BAT,Main Battery,Electrical,6,11026,6788,136,740,2,No,,,0,Inspected OK,3.5,181,4101
EVT-01879,2019-12-25,PH-BDZ,KLM,B737-800,11.8,EHAM,EGLL,Unscheduled,28,CMR,FU-PMP-2,Fuel Boost Pump #2,Fuel System,6,31878,22745,752,757,1,No,,,0,Inspected OK,1.6,163,4479
EVT-01880,2024-11-16,PH-BKH,KLM,B737-800,6.8,EHRD,EGKK,C-Check,28,MPD,FU-PMP-2,Fuel Boost Pump #2,Fuel System,6,19329,14115,110,2516,2,No,,,0,Inspected OK,3.6,159,5143
EVT-01881,2019-05-11,OO-JBB,TUI fly,B737-800,4.0,EHEH,EGGW,Unscheduled,32,ALI,LG-MLG-R,Main Landing Gear Right,Landing Gear,10,10415,7229,1138,543,1,Yes,Korozja wżerowa,Minor,1,Inspected OK,1.8,410,14642
EVT-01882,2021-01-08,OO-JBV,TUI fly,B737-800,13.7,EHEH,EGKK,Line Maintenance,27,AD/SB,FC-FLP-R,Flap Track Right,Flight Controls,9,41215,30265,50,480,3,Yes,Korozja szczelinowa,Minor,1,Repaired,4.1,7088,7257
EVT-01883,2023-09-13,EI-DNJ,Ryanair,B737-800,12.8,EHRD,EGCC,Unscheduled,27,MPD,FC-AIL-R,Aileron Right,Flight Controls,7,28268,28085,95,1759,2,Yes,Zużycie łożysk,Minor,1,Cleaned,5.6,1299,4857
EVT-01884,2022-06-10,PH-BMX,KLM,B737-800,13.0,EHRD,EGCC,Unscheduled,21,AD/SB,AC-PCK-L,Air Conditioning Pack Left,Air Conditioning,7,30479,28876,440,174,2,Yes,Korozja wewnętrzna,Critical,4,Overhauled,99.2,13624,1234
EVT-01885,2020-03-14,LN-NDS,Norwegian,B737-800,14.9,EHRD,EGSS,AOG,27,AD/SB,FC-RUD,Rudder,Flight Controls,6,41102,28322,376,70,3,No,,,0,Inspected OK,3.5,188,7022
EVT-01886,2023-03-09,PH-BDZ,KLM,B737-800,6.3,EHEH,EGLL,AOG,29,MPD,HY-RES-A,Hydraulic Reservoir A,Hydraulic,5,20381,12380,285,209,2,Yes,Kondensat w układzie,Minor,1,Inspected OK,3.7,308,9133
EVT-01887,2023-11-28,LN-NLP,Norwegian,B737-800,8.6,EHAM,EGCC,Daily Inspection,57,STC,WG-SPR-R,Wing Spar Right,Structure,9,25806,15434,50,343,0,Yes,Korozja warstwowa,Major,3,Replaced,27.9,60256,25885
EVT-01888,2024-11-13,LN-NLP,Norwegian,B737-800,7.6,EHAM,EGSS,Daily Inspection,53,MPD,FS-CRG,Cargo Door,Structure,8,20628,15345,988,328,4,No,,,0,Inspected OK,1.3,375,31684
EVT-01889,2024-04-02,EI-DGC,Ryanair,B737-800,4.8,EHEH,EGLL,A-Check,72,STC,EN-HPT-1,Engine #1 HP Turbine,Powerplant,5,13484,12092,782,140,4,No,,,0,Inspected OK,2.4,466,10580
EVT-01890,2022-09-27,PH-BRO,KLM,B737-800,3.6,EHEH,EGSS,AOG,28,CMR,FU-PMP-1,Fuel Boost Pump #1,Fuel System,6,11445,7941,50,43,0,Yes,Korozja styków elektrycznych,Major,3,Overhauled,93.1,25152,4247
EVT-01891,2021-01-27,PH-BDB,KLM,B737-800,12.1,EHEH,EGSS,A-Check,30,STC,IR-PIT,Pitot Tube Heater,Ice Protection,9,38252,22658,751,564,2,No,,,0,Inspected OK,2.8,148,3066
EVT-01892,2022-12-05,OO-JHF,TUI fly,B737-800,11.1,EHAM,EGCC,Line Maintenance,53,AD/SB,FS-SKN-FW,Fuselage Skin Forward,Structure,8,27814,19357,127,426,6,No,,,0,Inspected OK,1.0,294,27939
EVT-01893,2019-03-31,EI-DUN,Ryanair,B737-800,2.5,EHRD,EGKK,C-Check,28,ALI,FU-PMP-2,Fuel Boost Pump #2,Fuel System,6,6210,3445,593,82,1,Yes,Korozja styków elektrycznych,Moderate,2,Repaired,11.2,1776,4085
EVT-01894,2023-07-20,PH-BPX,KLM,B737-800,4.1,EHAM,EGSS,Line Maintenance,28,MPD,FU-TNK-R,Fuel Tank Wing Right,Fuel System,9,11105,6869,178,32,3,Yes,Wyciek paliwa,Moderate,2,Repaired,6.4,3276,8426
EVT-01895,2022-03-10,PH-BZZ,KLM,B737-800,9.4,EHEH,EGSS,A-Check,57,ALI,WG-SPR-R,Wing Spar Right,Structure,9,26171,20570,1451,229,3,No,,,0,Inspected OK,3.0,482,40674
EVT-01896,2018-09-17,OO-JHF,TUI fly,B737-800,3.9,EHAM,EGLL,A-Check,21,MPD,AC-PCK-R,Air Conditioning Pack Right,Air Conditioning,7,10117,7066,738,205,2,Yes,Wyciek wymiennika,Minor,1,Cleaned,3.4,696,7213
EVT-01897,2022-06-16,EI-DGY,Ryanair,B737-800,7.6,EHEH,EGGW,A-Check,24,MPD,EL-WIR-FW,Wiring Harness FWD,Electrical,8,23378,16992,163,138,1,Yes,Korozja styków elektrycznych,Moderate,2,Replaced,21.1,28443,11964
EVT-01898,2019-06-10,PH-BDZ,KLM,B737-800,5.8,EHAM,EGSS,Daily Inspection,21,STC,AC-PCK-R,Air Conditioning Pack Right,Air Conditioning,7,19074,8317,1176,85,2,Yes,Wyciek wymiennika,Minor,1,Inspected OK,3.9,493,6577
EVT-01899,2026-01-02,PH-BMX,KLM,B737-800,9.7,EHRD,EGCC,Line Maintenance,28,ALI,FU-PMP-1,Fuel Boost Pump #1,Fuel System,6,27140,20213,225,523,1,No,,,0,Inspected OK,0.7,200,5173
EVT-01900,2022-05-20,OO-JBV,TUI fly,B737-800,6.0,EHEH,EGCC,Unscheduled,32,MPD,LG-NLG,Nose Landing Gear,Landing Gear,9,15267,10568,2675,30,3,No,,,0,Inspected OK,3.7,463,16842
EVT-01901,2020-06-02,LN-NAQ,Norwegian,B737-800,11.5,EHRD,EGGW,C-Check,27,MPD,FC-RUD,Rudder,Flight Controls,6,29427,29765,50,495,2,No,,,0,Inspected OK,1.0,112,8066
EVT-01902,2019-12-28,EI-DWF,Ryanair,B737-800,14.4,EHEH,EGLL,Line Maintenance,53,CMR,FS-CRG,Cargo Door,Structure,8,41625,27557,1263,565,2,Yes,Korozja wokół zamków,Major,3,Replaced,19.6,28570,9210
EVT-01903,2018-10-04,PH-BDZ,KLM,B737-800,3.2,EHRD,EGLL,Unscheduled,57,MPD,WG-SPR-L,Wing Spar Left,Structure,9,8188,6482,50,544,5,Yes,Korozja w mokowaniu,Minor,1,Repaired,8.7,2410,33488
EVT-01904,2022-01-11,EI-DGY,Ryanair,B737-800,12.5,EHRD,EGSS,Line Maintenance,28,MPD,FU-TNK-R,Fuel Tank Wing Right,Fuel System,9,37300,26873,338,281,4,Yes,Korozja mikrobiologiczna,Minor,1,Inspected OK,2.9,88,6428
EVT-01905,2023-10-31,PH-BDZ,KLM,B737-800,6.8,EHAM,EGCC,AOG,24,AD/SB,EL-WIR-FW,Wiring Harness FWD,Electrical,8,18304,10859,546,2024,5,Yes,Korozja styków elektrycznych,Minor,1,Inspected OK,2.8,213,10260
EVT-01906,2019-12-30,OO-JBV,TUI fly,B737-800,9.4,EHAM,EGSS,C-Check,57,ALI,WG-SPR-L,Wing Spar Left,Structure,9,25567,20015,798,304,0,Yes,Korozja warstwowa,Minor,1,Repaired,8.0,7844,42384
EVT-01907,2023-11-16,OO-JBB,TUI fly,B737-800,8.8,EHEH,EGGW,AOG,72,MPD,EN-FAN-1,Engine #1 Fan Blades,Powerplant,6,21589,11065,552,1293,3,Yes,Erozja,Minor,1,Inspected OK,3.5,320,9433
EVT-01908,2023-12-18,PH-BPX,KLM,B737-800,12.4,EHEH,EGGW,Line Maintenance,53,MPD,FS-CRG,Cargo Door,Structure,8,38316,22640,2840,259,1,Yes,Korozja wokół zamków,Minor,1,Cleaned,2.7,591,27539
EVT-01909,2025-08-22,EI-DUN,Ryanair,B737-800,2.3,EHRD,EGGW,Unscheduled,36,ALI,PN-DUC-L,Bleed Air Duct Left,Pneumatic,6,6748,4136,52,212,0,Yes,Wyciek,Major,3,Overhauled,71.6,23724,7866
EVT-01910,2018-11-03,LN-NAQ,Norwegian,B737-800,13.3,EHAM,EGSS,Daily Inspection,30,AD/SB,IR-WAI-L,Wing Anti-Ice Valve Left,Ice Protection,8,43235,27512,1333,89,1,Yes,Korozja wewnętrzna,Critical,4,Replaced,13.4,60074,673
EVT-01911,2020-06-22,PH-BZZ,KLM,B737-800,6.4,EHRD,EGLL,Unscheduled,27,AD/SB,FC-FLP-L,Flap Track Left,Flight Controls,9,15078,12477,296,2040,4,Yes,Korozja szczelinowa,Minor,1,Repaired,13.1,2867,8663
EVT-01912,2018-08-10,OO-JHF,TUI fly,B737-800,9.8,EHAM,EGSS,Unscheduled,24,ALI,EL-GEN-1,Generator #1,Electrical,5,25281,18200,365,80,1,No,,,0,Inspected OK,1.5,230,7558
EVT-01913,2022-02-13,OO-JVB,TUI fly,B737-800,9.9,EHAM,EGKK,AOG,32,CMR,LG-BRK-L,Brake Assembly Left,Landing Gear,8,35823,15435,257,444,2,Yes,Zużycie tarcz,Minor,1,Cleaned,5.7,1283,1194
EVT-01914,2020-11-08,EI-DGC,Ryanair,B737-800,3.0,EHRD,EGCC,Daily Inspection,53,AD/SB,FS-SKN-AF,Fuselage Skin Aft,Structure,8,8885,4610,870,2372,3,Yes,Pęknięcie wokół nita,Major,3,Overhauled,92.5,39788,20556
EVT-01915,2020-02-17,PH-BRO,KLM,B737-800,10.9,EHAM,EGLL,AOG,32,AD/SB,LG-MLG-L,Main Landing Gear Left,Landing Gear,10,35437,13918,1846,481,1,Yes,Korozja naprężeniowa,Minor,1,Inspected OK,3.1,99,10892
EVT-01916,2024-11-14,PH-BUK,KLM,B737-800,12.8,EHEH,EGGW,C-Check,32,STC,LG-NLG,Nose Landing Gear,Landing Gear,9,35983,28413,504,1107,2,Yes,Korozja wżerowa,Major,3,Replaced,9.2,70431,4203
EVT-01917,2025-07-14,OO-JBB,TUI fly,B737-800,8.0,EHAM,EGSS,C-Check,57,ALI,WG-LEA-L,Wing Leading Edge Left,Structure,7,20464,16717,3346,418,3,Yes,Erozja powłok,Minor,1,Repaired,10.7,1064,6482
EVT-01918,2025-10-29,PH-BZZ,KLM,B737-800,11.4,EHEH,EGSS,C-Check,38,AD/SB,WW-TNK,Potable Water Tank,Water/Waste,9,24931,19299,1616,548,5,Yes,Korozja mikrobiologiczna,Minor,1,Repaired,9.9,4189,4273
EVT-01919,2024-07-13,PH-BZZ,KLM,B737-800,5.1,EHRD,EGLL,Line Maintenance,28,MPD,FU-PMP-2,Fuel Boost Pump #2,Fuel System,6,14496,10881,276,814,1,Yes,Korozja styków elektrycznych,Minor,1,Inspected OK,3.4,314,4761
EVT-01920,2019-07-30,EI-DWF,Ryanair,B737-800,10.3,EHAM,EGLL,A-Check,27,ALI,FC-ELV-L,Elevator Left,Flight Controls,6,29318,17666,507,836,1,No,,,0,Inspected OK,3.8,419,8164
EVT-01921,2021-09-28,PH-BUK,KLM,B737-800,4.3,EHRD,EGKK,Line Maintenance,53,MPD,FS-CRG,Cargo Door,Structure,8,10829,8553,125,65,1,Yes,Korozja zawiasów,Critical,4,Replaced,30.8,75286,16591
EVT-01922,2021-02-22,OO-JHF,TUI fly,B737-800,5.0,EHRD,EGLL,AOG,27,AD/SB,FC-RUD,Rudder,Flight Controls,6,10814,10147,934,85,2,No,,,0,Inspected OK,3.5,73,9102
EVT-01923,2023-01-29,PH-BDT,KLM,B737-800,8.0,EHEH,EGCC,Unscheduled,32,MPD,LG-TIR-M,Main Tire,Landing Gear,2,23681,17801,302,765,4,No,,,0,Inspected OK,0.5,176,0
EVT-01924,2020-11-29,PH-BKH,KLM,B737-800,13.8,EHEH,EGLL,AOG,27,ALI,FC-AIL-L,Aileron Left,Flight Controls,7,38904,21706,1907,625,3,No,,,0,Inspected OK,0.5,214,4472
EVT-01925,2020-06-08,LN-NDS,Norwegian,B737-800,6.3,EHRD,EGSS,AOG,29,ALI,HY-LIN-A,Hydraulic Lines System A,Hydraulic,7,18432,10712,521,215,1,Yes,Rdza wewnętrzna,Moderate,2,Replaced,27.8,27695,8675
EVT-01926,2021-02-04,OO-JBB,TUI fly,B737-800,3.7,EHEH,EGLL,AOG,28,ALI,FU-TNK-L,Fuel Tank Wing Left,Fuel System,9,11601,7120,3714,725,1,Yes,Korozja wżerowa,Moderate,2,Replaced,18.7,30801,9323
EVT-01927,2023-04-03,PH-BRO,KLM,B737-800,12.5,EHAM,EGKK,Unscheduled,32,MPD,LG-BRK-L,Brake Assembly Left,Landing Gear,8,36791,28365,50,1259,5,No,,,0,Inspected OK,1.4,324,613
EVT-01928,2024-11-29,PH-BZZ,KLM,B737-800,2.6,EHAM,EGGW,Daily Inspection,27,AD/SB,FC-RUD,Rudder,Flight Controls,6,7420,4807,579,376,3,Yes,Erozja krawędzi natarcia,Minor,1,Cleaned,3.1,1443,8170
EVT-01929,2019-01-13,PH-BRO,KLM,B737-800,8.8,EHAM,EGCC,C-Check,53,CMR,FS-CRG,Cargo Door,Structure,8,24724,19112,862,497,0,No,,,0,Inspected OK,1.6,469,40906
EVT-01930,2019-07-29,EI-DVJ,Ryanair,B737-800,13.2,EHRD,EGLL,Unscheduled,24,CMR,EL-WIR-FW,Wiring Harness FWD,Electrical,8,37101,26250,230,226,4,No,,,0,Inspected OK,3.7,138,11280
EVT-01931,2024-04-17,OO-JHF,TUI fly,B737-800,9.1,EHRD,EGCC,AOG,72,ALI,EN-FAN-2,Engine #2 Fan Blades,Powerplant,6,24824,19408,1430,668,2,No,,,0,Inspected OK,0.9,149,12790
EVT-01932,2025-05-19,OO-JHF,TUI fly,B737-800,14.6,EHRD,EGGW,C-Check,32,ALI,LG-TIR-M,Main Tire,Landing Gear,2,38343,32436,127,476,5,Yes,Zużycie bieżnika,Minor,1,Inspected OK,0.9,369,0
EVT-01933,2024-06-14,PH-BPX,KLM,B737-800,2.7,EHRD,EGLL,Line Maintenance,27,STC,FC-ELV-L,Elevator Left,Flight Controls,6,7557,4881,762,702,2,No,,,0,Inspected OK,1.3,195,9229
EVT-01934,2018-11-28,EI-DGY,Ryanair,B737-800,6.6,EHAM,EGLL,AOG,72,MPD,EN-FAN-2,Engine #2 Fan Blades,Powerplant,6,19133,11754,50,200,4,Yes,FOD damage,Minor,1,Inspected OK,0.9,211,9970
EVT-01935,2025-10-29,EI-DUN,Ryanair,B737-800,6.2,EHEH,EGSS,A-Check,21,AD/SB,AC-PCK-L,Air Conditioning Pack Left,Air Conditioning,7,19425,12549,1117,1019,2,Yes,Kondensat,Moderate,2,Repaired,19.6,7915,5099
EVT-01936,2024-05-23,PH-BRO,KLM,B737-800,8.0,EHAM,EGKK,Daily Inspection,32,STC,LG-MLG-L,Main Landing Gear Left,Landing Gear,10,20141,16264,587,2116,3,Yes,Korozja wżerowa,Minor,1,Inspected OK,3.5,117,9542
EVT-01937,2026-05-12,PH-BDT,KLM,B737-800,2.7,EHAM,EGLL,Line Maintenance,72,ALI,EN-FAN-2,Engine #2 Fan Blades,Powerplant,6,7569,5586,2087,246,3,No,,,0,Inspected OK,1.5,217,14566
EVT-01938,2021-03-22,PH-BUK,KLM,B737-800,12.6,EHEH,EGLL,Unscheduled,53,AD/SB,FS-CRG,Cargo Door,Structure,8,34472,20816,2023,982,1,No,,,0,Inspected OK,3.7,85,33497
EVT-01939,2019-12-18,PH-BDB,KLM,B737-800,3.8,EHAM,EGLL,C-Check,27,CMR,FC-AIL-L,Aileron Left,Flight Controls,7,10853,8437,884,407,1,Yes,Pęknięcie zmęczeniowe,Moderate,2,Replaced,34.4,28524,5174
EVT-01940,2022-12-09,PH-BZZ,KLM,B737-800,3.4,EHEH,EGSS,Daily Inspection,27,CMR,FC-ELV-L,Elevator Left,Flight Controls,6,9366,4556,1184,393,1,Yes,Korozja wżerowa,Major,3,Replaced,14.1,46365,5136
EVT-01941,2023-05-29,LN-NIR,Norwegian,B737-800,2.4,EHEH,EGKK,C-Check,25,CMR,EQ-SLI-1,Escape Slide #1,Equipment,4,5858,5563,1396,44,1,Yes,Korozja butli CO2,Minor,1,Repaired,5.1,7595,16818
EVT-01942,2018-09-17,EI-DDM,Ryanair,B737-800,14.1,EHEH,EGLL,A-Check,36,MPD,PN-DUC-L,Bleed Air Duct Left,Pneumatic,6,43756,31281,594,151,4,Yes,Wyciek,Moderate,2,Repaired,14.7,3024,3276
EVT-01943,2025-06-13,EI-DMY,Ryanair,B737-800,10.1,EHEH,EGLL,C-Check,57,ALI,WG-SPR-R,Wing Spar Right,Structure,9,26970,20518,50,187,1,No,,,0,Inspected OK,1.3,368,46931
EVT-01944,2023-10-15,PH-BKH,KLM,B737-800,6.5,EHAM,EGGW,A-Check,32,ALI,LG-MLG-R,Main Landing Gear Right,Landing Gear,10,16794,12743,7376,1221,4,No,,,0,Inspected OK,2.4,148,12167
EVT-01945,2021-02-04,LN-NIR,Norwegian,B737-800,5.7,EHAM,EGCC,AOG,38,ALI,WW-TNK,Potable Water Tank,Water/Waste,9,13527,14326,685,480,4,Yes,Korozja wżerowa,Moderate,2,Repaired,9.5,5109,4955
EVT-01946,2025-01-04,PH-BMX,KLM,B737-800,6.5,EHRD,EGSS,Daily Inspection,32,AD/SB,LG-TIR-N,Nose Tire,Landing Gear,2,17735,15355,346,227,1,No,,,0,Inspected OK,1.4,68,363
EVT-01947,2024-07-22,EI-DKD,Ryanair,B737-800,2.9,EHEH,EGLL,Line Maintenance,27,ALI,FC-RUD,Rudder,Flight Controls,6,8071,5442,50,168,1,Yes,Erozja krawędzi natarcia,Moderate,2,Repaired,16.5,2999,8115
EVT-01948,2020-07-13,EI-DNJ,Ryanair,B737-800,3.0,EHEH,EGKK,Line Maintenance,72,ALI,EN-FAN-1,Engine #1 Fan Blades,Powerplant,6,8284,5533,60,3075,4,Yes,FOD damage,Minor,1,Cleaned,2.0,757,9233
EVT-01949,2019-09-28,LN-NAQ,Norwegian,B737-800,3.6,EHAM,EGKK,AOG,29,STC,HY-RES-A,Hydraulic Reservoir A,Hydraulic,5,12490,6522,928,36,2,No,,,0,Inspected OK,2.3,122,10778
EVT-01950,2024-06-28,EI-DVJ,Ryanair,B737-800,14.5,EHRD,EGGW,Line Maintenance,29,AD/SB,HY-LIN-A,Hydraulic Lines System A,Hydraulic,7,36848,30684,50,617,0,Yes,Rdza wewnętrzna,Minor,1,Repaired,3.1,1884,8959
EVT-01951,2024-08-16,EI-DMY,Ryanair,B737-800,4.8,EHRD,EGCC,Daily Inspection,53,AD/SB,FS-SKN-AF,Fuselage Skin Aft,Structure,8,15356,8712,264,589,1,Yes,Korozja pod powłoką,Minor,1,Cleaned,5.2,1285,40310
EVT-01952,2019-06-26,EI-DGY,Ryanair,B737-800,3.4,EHEH,EGSS,Unscheduled,57,AD/SB,WG-SPR-R,Wing Spar Right,Structure,9,9590,7402,190,804,1,Yes,Korozja warstwowa,Moderate,2,Repaired,10.5,5463,38355
EVT-01953,2026-01-13,PH-BKH,KLM,B737-800,6.3,EHEH,EGLL,Unscheduled,28,CMR,FU-TNK-R,Fuel Tank Wing Right,Fuel System,9,15972,12835,2865,573,1,Yes,Korozja mikrobiologiczna,Moderate,2,Repaired,13.3,5745,8567
EVT-01954,2024-10-30,EI-DNJ,Ryanair,B737-800,2.1,EHEH,EGSS,Line Maintenance,27,ALI,FC-RUD,Rudder,Flight Controls,6,5193,4703,2930,189,4,No,,,0,Inspected OK,2.4,303,7438
EVT-01955,2025-01-13,EI-DMY,Ryanair,B737-800,4.0,EHAM,EGGW,Line Maintenance,28,CMR,FU-PMP-2,Fuel Boost Pump #2,Fuel System,6,11394,7318,117,584,2,No,,,0,Inspected OK,3.8,308,5356
EVT-01956,2025-12-05,PH-BPX,KLM,B737-800,14.1,EHRD,EGSS,AOG,28,ALI,FU-TNK-R,Fuel Tank Wing Right,Fuel System,9,43874,26690,3613,775,0,Yes,Wyciek paliwa,Minor,1,Repaired,15.0,3767,8441
EVT-01957,2024-04-25,EI-DGC,Ryanair,B737-800,9.4,EHRD,EGKK,Line Maintenance,72,MPD,EN-FAN-2,Engine #2 Fan Blades,Powerplant,6,23941,16755,1465,39,1,Yes,Erozja,Moderate,2,Replaced,8.4,27573,9506
EVT-01958,2024-11-17,PH-BDB,KLM,B737-800,10.7,EHAM,EGKK,Line Maintenance,28,STC,FU-TNK-R,Fuel Tank Wing Right,Fuel System,9,25961,19827,357,384,2,No,,,0,Inspected OK,3.6,390,11709
EVT-01959,2018-07-23,LN-NIR,Norwegian,B737-800,3.0,EHAM,EGLL,Line Maintenance,53,MPD,FS-DOR-PX,Pax Door Frame,Structure,7,8001,5878,50,540,2,Yes,Pęknięcie ramy,Major,3,Replaced,31.1,17939,21361
EVT-01960,2022-12-23,OO-JHF,TUI fly,B737-800,4.1,EHRD,EGKK,A-Check,27,ALI,FC-FLP-R,Flap Track Right,Flight Controls,9,10805,7712,699,734,2,Yes,Korozja galwaniczna,Minor,1,Cleaned,4.4,1477,12396
EVT-01961,2024-02-29,OO-JVN,TUI fly,B737-800,13.8,EHEH,EGLL,Unscheduled,32,STC,LG-BRK-R,Brake Assembly Right,Landing Gear,8,42991,23359,1523,680,2,Yes,Zużycie tarcz,Moderate,2,Replaced,11.0,60527,703
EVT-01962,2018-10-26,OO-JBB,TUI fly,B737-800,3.4,EHRD,EGSS,AOG,30,MPD,IR-WAI-L,Wing Anti-Ice Valve Left,Ice Protection,8,11525,7009,180,702,0,Yes,Korozja wewnętrzna,Minor,1,Repaired,8.2,3671,6096
EVT-01963,2024-05-28,LN-NDS,Norwegian,B737-800,11.7,EHAM,EGGW,AOG,30,ALI,IR-PIT,Pitot Tube Heater,Ice Protection,9,31471,25514,50,260,3,Yes,Awaria grzałki,Minor,1,Inspected OK,3.3,52,2420
EVT-01964,2024-08-29,EI-DMY,Ryanair,B737-800,11.8,EHAM,EGGW,AOG,27,ALI,FC-RUD,Rudder,Flight Controls,6,31660,22740,227,58,1,No,,,0,Inspected OK,2.3,490,8403
EVT-01965,2021-05-23,PH-BYZ,KLM,B737-800,14.7,EHAM,EGSS,Daily Inspection,28,STC,FU-TNK-L,Fuel Tank Wing Left,Fuel System,9,39798,24580,2150,1256,2,Yes,Korozja mikrobiologiczna,Moderate,2,Replaced,14.0,52534,4658
EVT-01966,2018-07-06,EI-DNJ,Ryanair,B737-800,3.2,EHAM,EGLL,A-Check,29,AD/SB,HY-LIN-A,Hydraulic Lines System A,Hydraulic,7,12047,7481,50,477,1,Yes,Rdza wewnętrzna,Moderate,2,Replaced,14.7,25716,10117
EVT-01967,2024-10-04,LN-NLP,Norwegian,B737-800,5.8,EHAM,EGCC,A-Check,21,STC,AC-PCK-R,Air Conditioning Pack Right,Air Conditioning,7,17589,13260,1495,210,3,Yes,Wyciek wymiennika,Minor,1,Cleaned,1.9,1229,5699
EVT-01968,2019-02-01,PH-BRO,KLM,B737-800,10.5,EHEH,EGSS,Unscheduled,29,MPD,HY-RES-A,Hydraulic Reservoir A,Hydraulic,5,25548,17547,428,341,4,No,,,0,Inspected OK,0.9,409,7777
EVT-01969,2022-06-03,PH-BDB,KLM,B737-800,9.5,EHEH,EGLL,C-Check,27,MPD,FC-FLP-L,Flap Track Left,Flight Controls,9,29576,18396,3634,565,2,Yes,Korozja galwaniczna,Minor,1,Cleaned,2.7,289,10344
EVT-01970,2023-06-26,EI-DKD,Ryanair,B737-800,5.6,EHAM,EGKK,C-Check,25,AD/SB,EQ-SLI-1,Escape Slide #1,Equipment,4,14589,9154,2687,718,5,No,,,0,Inspected OK,1.3,154,12812
EVT-01971,2026-01-28,OO-JBB,TUI fly,B737-800,13.1,EHAM,EGLL,C-Check,72,ALI,EN-FAN-2,Engine #2 Fan Blades,Powerplant,6,36734,31837,860,695,0,Yes,Erozja,Minor,1,Inspected OK,1.2,334,10774
EVT-01972,2025-09-13,EI-DLY,Ryanair,B737-800,13.5,EHAM,EGCC,Unscheduled,27,ALI,FC-FLP-R,Flap Track Right,Flight Controls,9,35100,32956,288,612,4,Yes,Zużycie rolek,Minor,1,Inspected OK,2.9,471,6653
EVT-01973,2019-11-09,EI-DDM,Ryanair,B737-800,8.0,EHAM,EGKK,A-Check,28,MPD,FU-TNK-R,Fuel Tank Wing Right,Fuel System,9,20756,13582,129,800,1,Yes,Wyciek paliwa,Minor,1,Inspected OK,1.7,204,11389
EVT-01974,2023-10-18,LN-NDS,Norwegian,B737-800,7.4,EHEH,EGLL,Line Maintenance,32,STC,LG-BRK-R,Brake Assembly Right,Landing Gear,8,23025,13353,328,476,3,No,,,0,Inspected OK,3.4,80,1596
EVT-01975,2021-03-03,PH-BKH,KLM,B737-800,13.2,EHAM,EGCC,C-Check,57,ALI,WG-SPR-L,Wing Spar Left,Structure,9,37380,22450,815,142,3,Yes,Korozja w mokowaniu,Critical,4,Replaced,26.1,46392,0
EVT-01976,2022-05-19,EI-DKD,Ryanair,B737-800,7.0,EHAM,EGGW,Line Maintenance,29,MPD,HY-RES-A,Hydraulic Reservoir A,Hydraulic,5,19961,15190,50,440,2,Yes,Wyciek,Major,3,Replaced,34.6,67856,5565
EVT-01977,2022-09-25,LN-NKW,Norwegian,B737-800,7.3,EHRD,EGGW,Line Maintenance,24,MPD,EL-BAT,Main Battery,Electrical,6,19820,14364,796,30,4,No,,,0,Inspected OK,3.9,435,2433
EVT-01978,2025-01-05,OO-JVN,TUI fly,B737-800,7.1,EHRD,EGCC,A-Check,57,STC,WG-SPR-L,Wing Spar Left,Structure,9,20418,13874,340,1386,3,Yes,Korozja w mokowaniu,Moderate,2,Replaced,19.6,6457,25666
EVT-01979,2022-05-04,EI-DNJ,Ryanair,B737-800,11.9,EHRD,EGKK,Unscheduled,30,STC,IR-PIT,Pitot Tube Heater,Ice Protection,9,38472,23242,179,398,1,Yes,Korozja styków,Minor,1,Repaired,6.6,4819,2919
EVT-01980,2025-12-03,PH-BMX,KLM,B737-800,4.9,EHRD,EGKK,Line Maintenance,36,AD/SB,PN-DUC-L,Bleed Air Duct Left,Pneumatic,6,15182,10242,1696,396,1,Yes,Korozja gorąca,Minor,1,Inspected OK,1.4,295,8526
EVT-01981,2021-08-31,OO-JVB,TUI fly,B737-800,3.8,EHAM,EGLL,Daily Inspection,32,AD/SB,LG-NLG,Nose Landing Gear,Landing Gear,9,9947,8149,168,387,0,No,,,0,Inspected OK,2.2,185,21647
EVT-01982,2023-10-28,PH-BMX,KLM,B737-800,7.3,EHRD,EGCC,Unscheduled,28,AD/SB,FU-PMP-2,Fuel Boost Pump #2,Fuel System,6,24591,13294,1700,782,0,Yes,Korozja styków elektrycznych,Major,3,Replaced,34.6,56163,2698
EVT-01983,2024-01-13,EI-DUN,Ryanair,B737-800,13.1,EHEH,EGSS,A-Check,32,ALI,LG-MLG-L,Main Landing Gear Left,Landing Gear,10,42275,28779,1098,764,3,Yes,Korozja naprężeniowa,Moderate,2,Replaced,21.7,6862,4940
EVT-01984,2025-10-11,EI-DGC,Ryanair,B737-800,5.1,EHRD,EGKK,C-Check,57,ALI,WG-LEA-L,Wing Leading Edge Left,Structure,7,13051,9932,2678,481,2,Yes,Erozja powłok,Moderate,2,Replaced,8.7,25471,6400
EVT-01985,2021-09-18,PH-BZZ,KLM,B737-800,3.7,EHRD,EGGW,C-Check,53,STC,FS-SKN-AF,Fuselage Skin Aft,Structure,8,8827,6814,73,758,3,No,,,0,Inspected OK,2.8,400,42617
EVT-01986,2019-12-17,PH-BMX,KLM,B737-800,5.1,EHEH,EGKK,A-Check,27,MPD,FC-ELV-L,Elevator Left,Flight Controls,6,14754,10813,242,1552,2,Yes,Korozja wżerowa,Major,3,Replaced,12.2,67001,5101
EVT-01987,2020-04-17,PH-BZZ,KLM,B737-800,8.5,EHEH,EGGW,Unscheduled,53,ALI,FS-CRG,Cargo Door,Structure,8,25174,15442,940,658,1,Yes,Korozja wokół zamków,Minor,1,Repaired,9.3,5122,31740
EVT-01988,2023-10-04,PH-BUK,KLM,B737-800,12.3,EHAM,EGCC,C-Check,29,CMR,HY-RES-A,Hydraulic Reservoir A,Hydraulic,5,35824,19008,121,78,1,Yes,Kondensat w układzie,Moderate,2,Replaced,39.3,19889,6414
EVT-01989,2018-09-29,EI-DGC,Ryanair,B737-800,14.9,EHEH,EGGW,A-Check,53,CMR,FS-CRG,Cargo Door,Structure,8,42551,24803,66,553,1,Yes,Korozja wokół zamków,Major,3,Replaced,13.1,18207,11355
EVT-01990,2024-07-31,LN-NLP,Norwegian,B737-800,3.0,EHAM,EGSS,Daily Inspection,28,ALI,FU-TNK-L,Fuel Tank Wing Left,Fuel System,9,9542,5798,50,374,4,Yes,Korozja wżerowa,Minor,1,Inspected OK,3.7,430,10697
EVT-01991,2021-01-26,EI-DGY,Ryanair,B737-800,12.6,EHRD,EGSS,Line Maintenance,29,CMR,HY-LIN-A,Hydraulic Lines System A,Hydraulic,7,38592,25748,627,674,2,Yes,Wyciek na złączach,Moderate,2,Replaced,17.0,14216,5732
EVT-01992,2018-10-27,EI-DWF,Ryanair,B737-800,3.5,EHAM,EGGW,Daily Inspection,29,AD/SB,HY-LIN-A,Hydraulic Lines System A,Hydraulic,7,8101,7410,383,827,1,No,,,0,Inspected OK,0.9,112,13480
EVT-01993,2020-11-13,LN-NKW,Norwegian,B737-800,11.3,EHRD,EGKK,Line Maintenance,28,MPD,FU-PMP-1,Fuel Boost Pump #1,Fuel System,6,36537,25928,191,385,2,No,,,0,Inspected OK,3.9,324,4216
EVT-01994,2018-10-19,EI-DUN,Ryanair,B737-800,14.4,EHRD,EGLL,Daily Inspection,29,STC,HY-PMP-A,Hydraulic Pump A,Hydraulic,5,40992,18258,680,56,2,Yes,Zużycie tłoków,Minor,1,Cleaned,3.8,286,3793
EVT-01995,2022-01-14,EI-DLY,Ryanair,B737-800,12.5,EHAM,EGLL,Unscheduled,29,MPD,HY-LIN-A,Hydraulic Lines System A,Hydraulic,7,35040,23626,836,525,1,Yes,Wyciek na złączach,Minor,1,Repaired,12.4,5517,8492
EVT-01996,2022-01-08,EI-DGC,Ryanair,B737-800,10.9,EHAM,EGLL,A-Check,27,STC,FC-AIL-R,Aileron Right,Flight Controls,7,28609,21806,62,30,3,Yes,Zużycie łożysk,Major,3,Overhauled,51.8,37407,2378
EVT-01997,2025-01-21,EI-DMY,Ryanair,B737-800,13.9,EHEH,EGCC,Unscheduled,21,AD/SB,AC-PCK-R,Air Conditioning Pack Right,Air Conditioning,7,40328,27857,303,263,0,Yes,Korozja wewnętrzna,Minor,1,Repaired,4.6,2196,6274
EVT-01998,2023-02-17,PH-BYZ,KLM,B737-800,8.0,EHAM,EGLL,Line Maintenance,72,AD/SB,EN-FAN-1,Engine #1 Fan Blades,Powerplant,6,21557,15671,803,124,7,Yes,Korozja wżerowa,Moderate,2,Replaced,16.7,10013,6626
EVT-01999,2024-10-26,EI-DNJ,Ryanair,B737-800,10.8,EHAM,EGGW,Line Maintenance,32,CMR,LG-BRK-R,Brake Assembly Right,Landing Gear,8,29196,21791,2809,545,1,Yes,Korozja siłowników,Moderate,2,Repaired,4.4,5628,1258
EVT-02000,2024-12-09,EI-DMY,Ryanair,B737-800,7.2,EHAM,EGCC,A-Check,32,MPD,LG-NLG,Nose Landing Gear,Landing Gear,9,20297,11528,1136,54,1,Yes,Korozja wżerowa,Minor,1,Cleaned,5.8,1152,15596
